state_name_eci,district_eci,ac_number,constituency,reservation,extent,page
ANDHRA PRADESH,ADILABAD,1,Sirpur,,"Kouthala, Bejjur, Kagaznagar, Sirpur (T) and Dahegaon Mandals.",9
ANDHRA PRADESH,ADILABAD,2,Chennur,SC,"Jaipur, Chennur, Kotapalli and Mandamarri Mandals.",9
ANDHRA PRADESH,ADILABAD,3,Bellampalli,SC,"Kasipet, Tandur, Bellampalli, Bhimini, Nennal and Vemanpalli Mandals.",9
ANDHRA PRADESH,ADILABAD,4,Mancherial,,"Luxettipet, Mancherial and Dandepalli Mandals.",9
ANDHRA PRADESH,ADILABAD,5,Asifabad,ST,"Kerameri, Wankdi, Sirpur (U), Asifabad, Jainoor, Narnoor, Tiryani and Rebbana Mandals.",9
ANDHRA PRADESH,ADILABAD,6,Khanapur,ST,"Jannaram, Utnoor, Kaddam (Peddur), Khanapur and Indervelly Mandals.",9
ANDHRA PRADESH,ADILABAD,7,Adilabad,,"Adilabad, Jainath and Bela Mandals.",9
ANDHRA PRADESH,ADILABAD,8,Boath,ST,"Tamsi, Talamadugu, Gudihat hnoor, Ichoda, Bazarhathnoor, Boath and Neradigonda Mandals.",9
ANDHRA PRADESH,ADILABAD,9,Nirmal,,"Dilawarpur, Nirmal, Laxmanc handa, Mamda and Sarangapur Mandals.",9
ANDHRA PRADESH,ADILABAD,10,Mudhole,,"Kuntala, Kubeer, Bhainsa, Tanoor, Mudhole and Lokeswaram Mandals.",9
ANDHRA PRADESH,NIZAMABAD,11,Armur,,"Nandipet, Armur and Makloor Mandals.",9
ANDHRA PRADESH,NIZAMABAD,12,Bodhan,,"Ranjal, Navipet, Yedpalle and Bodhan Mandals.",9
ANDHRA PRADESH,NIZAMABAD,13,Jukkal,SC,"Madnoor, Jukkal, Bichkunda, Pitl am and Nizamsagar Mandals.",9
ANDHRA PRADESH,NIZAMABAD,14,Banswada,,"Birkoor, Varni, Banswada and Kotgiri Mandals.",9
ANDHRA PRADESH,NIZAMABAD,15,Yellareddy,,"Yellareddy, Nagareddipet, Lingampet, Tadwai, Gandhari and Sadasivanagar Mandals.",10
ANDHRA PRADESH,NIZAMABAD,16,Kamareddy,,"Machareddy, Domakonda Kamareddy and Bhiknoor Mandals.",10
ANDHRA PRADESH,NIZAMABAD,17,Nizamabad (Urban),,Nizamabad (M).,10
ANDHRA PRADESH,NIZAMABAD,18,Nizamabad (Rural),,"Jakranpalle and Sirkonda Mandals Nizamabad Mandal (Part) Nizamabad [except Nizamabad (M)], Dichpalle and Dharpalle Mandals.",10
ANDHRA PRADESH,NIZAMABAD,19,Balkonda,,"Balkonda, Mortad, Kammarpa lle, Bheemgal and Velpur Mandals.",10
ANDHRA PRADESH,KARIMNAGAR,20,Koratla,,"Ibrahimpatnam, Mallapur, Koratla and Metpalle Mandals",10
ANDHRA PRADESH,KARIMNAGAR,21,Jagtial,,"Raikal, Sarangapur and Jagtial Mandals.",10
ANDHRA PRADESH,KARIMNAGAR,22,Dharmapuri,SC,"Dharmapuri, Dharmaram, Gollapalle, Velgatoor and Pegadapalle Mandals.",10
ANDHRA PRADESH,KARIMNAGAR,23,Ramagundam,,Ramagundam Mandal.,10
ANDHRA PRADESH,KARIMNAGAR,24,Manthani,,"Kamanpur, Manthani, Kataram, Mahadevpur, Mutharam (Mahadevapur), Malharrao and Mutharam (Manthani) Mandals.",10
ANDHRA PRADESH,KARIMNAGAR,25,Peddapalle,,"Peddapalle, Julapalle, Eligaid, Sultanabad, Odela and Srirampur Mandals.",10
ANDHRA PRADESH,KARIMNAGAR,26,Karimnagar,,Karimnagar Mandal.,10
ANDHRA PRADESH,KARIMNAGAR,27,Choppadandi,SC,"Gangadhara, Ramadugu, Choppadandi, Mallial, Kodimial and Boinpalle Mandals.",10
ANDHRA PRADESH,KARIMNAGAR,28,Vemulawada,,"Vemulawada, Konaraopeta, C handurthi, Kathlapur and Medipalle Mandals.",10
ANDHRA PRADESH,KARIMNAGAR,29,Sircilla,,"Yellareddipet, Gambhiraopet, Mustabad and Sircilla Mandals.",10
ANDHRA PRADESH,KARIMNAGAR,30,Manakondur,SC,"Manakondur, Ellanthakunta, Bejjank i, Timmapur (LMD Colony) and Shankarapatnam Mandals.",10
ANDHRA PRADESH,KARIMNAGAR,31,Huzurabad,,"Veenavanka, Jammikunta, Huzurabad and Kamalapur Mandals.",10
ANDHRA PRADESH,KARIMNAGAR,32,Husnabad,,"Chigurumamidi,Koheda,Husnabad,Sa idapur, Bheemadevarpalle and Elkathurthi Mandals.",11
ANDHRA PRADESH,MEDAK,33,Siddipet,,"Siddipet, Chinnakodur and Nangnoor Mandals.",11
ANDHRA PRADESH,MEDAK,34,Medak,,"Medak, Papannapet, Ramayampet and Shankarampet -R Mandals.",11
ANDHRA PRADESH,MEDAK,35,Narayankhed,,"Kangti, Manoor, Narayankhed, Kalher and Shankarampet -A Mandals.",11
ANDHRA PRADESH,MEDAK,36,Andole,SC,"Tekmal, Alladurgh, Regode, Ra ikode, Andole, Pulkal and Munpalle Mandals.",11
ANDHRA PRADESH,MEDAK,37,Narsapur,,"Kowdipalle, Kulcharam, Nars apur, Hathnoora, Yeldurthy and Shivampet Mandals.",11
ANDHRA PRADESH,MEDAK,38,Zahirabad,SC,"Zahirabad, Kohir, Nyalkal and Jharasangam Mandals.",11
ANDHRA PRADESH,MEDAK,39,Sangareddy,,"Sadasivpet, Kondapur and Sangareddy Mandals.",11
ANDHRA PRADESH,MEDAK,40,Patancheru,,"Jinnaram, Patancheru and Ramachandrapuram Mandals.",11
ANDHRA PRADESH,MEDAK,41,Dubbak,,"Mirdoddi, Doultabad, Chegunta, Dubbak and Toguta Mandals.",11
ANDHRA PRADESH,MEDAK,42,Gajwel,,"Tupran, Kondapak, Gajwel, Jagdevpur, Wargal and Mulug Mandals.",11
ANDHRA PRADESH,RANGAREDDI,43,Medchal,,"Medchal, Shamirpet, Ghatkesar and Keesara (Rural) Mandals.",11
ANDHRA PRADESH,RANGAREDDI,44,Malkajgiri,,Malkajgiri Mandal.,11
ANDHRA PRADESH,RANGAREDDI,45,Quthbullapur,,Quthbullapur Mandal.,11
ANDHRA PRADESH,RANGAREDDI,46,Kukatpalle,,Hyderabad (M Corp.) (Part) Hyderabad (M Corp.) - Ward No.24 (Part) (Area in Balanagar Mandal) Kukatpalle (M) (Part) Kukatpalle (M) - Ward No. 5 to 16.,11
ANDHRA PRADESH,RANGAREDDI,47,Uppal,,"Uppal Municipality, Kapra Municipality.",11
ANDHRA PRADESH,RANGAREDDI,48,Ibrahimpatnam,,"Hayathnagar, Ibrahimpatnam, M anchal and Yacharam Mandals.",12
ANDHRA PRADESH,RANGAREDDI,49,Lal Bahadur Nagar,,"Saroornagar Mandal (Part) Gaddiannaram (CT), Lal Bahadur Nagar (M+OG) (Part) Lal Bahadur Nagar (M) - Ward No. 1 to 10.",12
ANDHRA PRADESH,RANGAREDDI,50,Maheswaram,,"Maheswaram and Kandukur Mandals Saroornagar Mandal (Part) Medbowli, Almasguda, Badangpet, Chintalakunta, Jalpalle, Mamidipalle, Kurmalguda and Nadargul (Rural) Mandals. Hyderabad (OG) (Part) Balapur (OG) - Ward No.36 Kothapet (OG) - Ward No.37 Venkatapur (OG) - Ward No.39 Mallapur (OG) - Ward No.40 Lal Bahadur Nagar (M+OG) (Part) Lal Bahadur Nagar (M) - Ward No.11 Nadargul (OG) (Part) - Ward No.12 Jillalguda (OG) - Ward No.15 Meerpet (CT).",12
ANDHRA PRADESH,RANGAREDDI,51,Rajendranagar,,Rajendranagar and Shamshabad Mandals.,12
ANDHRA PRADESH,RANGAREDDI,52,Serilingampally,,Serilingampally Mandal Balanagar Mandal (Part) Kukatpally (M) (Part) Kukatpally (M) - Ward No. 1 to 4.,12
ANDHRA PRADESH,RANGAREDDI,53,Chevella,SC,"Nawabpet, Shankarpalle, Moinabad, Chevella and Shabad Mandals.",12
ANDHRA PRADESH,RANGAREDDI,54,Pargi,,"Doma, Gandeed, Kulkacherla, Pargi and Pudur Mandals.",12
ANDHRA PRADESH,RANGAREDDI,55,Vicarabad,SC,"Marpalle, Mominpet, Vikarabad, Dharur and Bantwaram Mandals.",12
ANDHRA PRADESH,RANGAREDDI,56,Tandur,,"Peddemul, Tandur, Basheerabad and Yalal Mandals.",12
ANDHRA PRADESH,HYDERABAD,57,Musheerabad,,Hyderabad (M Corp.+OG) (Part) Hyderabad (M Corp.) (Part) Ward No.1,12
ANDHRA PRADESH,HYDERABAD,58,Malakpet,,Hyderabad (M Corp.+OG) (Part) Hyderabad (M Corp.) (Part) Ward No.16 Ward No.17 (Part) Block No. 8 and 9,12
ANDHRA PRADESH,HYDERABAD,59,Amberpet,,Hyderabad (M Corp.+OG) (Part) Hyderabad (M Corp.) (Part) - Ward No.2 Ward No.3 (Part) Block No. 1 to 4,13
ANDHRA PRADESH,HYDERABAD,60,Khairatabad,,Hyderabad (M Corp.+OG) (Part) Hyderabad (M Corp.) (Part) Ward No.6 Ward No. 3 (Part) Block No. 5 and 6 Ward No.8 (Part) Block No. 2. Ward No.5 (Part) Block No. 10,13
ANDHRA PRADESH,HYDERABAD,61,Jubilee Hills,,"Hyderabad (M Corp.+OG) (Part) Hyderabad (M Corp.) (Part) Ward No.8 (Part) Block No. 1, 3 and 4.",13
ANDHRA PRADESH,HYDERABAD,62,Sanathnagar,,"Hyderabad (M Corp.+OG) (Part) Hyderabad (M Corp.) (Part) Ward No.7, 24 (excluding the area in AC - 46 Kukatpalle) and 25 to 30.",13
ANDHRA PRADESH,HYDERABAD,63,Nampally,,Hyderabad (M Corp.+OG) (Part) Hyderabad (M Corp.) (Part) Ward No. 10 to 12.,13
ANDHRA PRADESH,HYDERABAD,64,Karwan,,Hyderabad (M Corp.+OG) (Part) Hyderabad (M Corp.) (Part) Ward No.9 Ward No. 13 (Part) Block No. 3 to 6.,13
ANDHRA PRADESH,HYDERABAD,65,Goshamahal,,"Hyderabad (M Corp.+OG) (Part) Hyderabad (M Corp.) (Part) Ward No. 4, 14 and 15 Ward No. 5 (Part) Block No. 1 to 9 Ward No. 13 (Part) Block No. 1 and 2.",13
ANDHRA PRADESH,HYDERABAD,66,Charminar,,Hyderabad (M Corp.+OG) (Part) Hyderabad (M Corp.) (Part) Ward No. 20 to 23.,13
ANDHRA PRADESH,HYDERABAD,67,Chandrayangutta,,Hyderabad (M Corp.+OG) (Part) Hyderabad (M Corp.) (Part) Ward No.18 (Part) Block No. 1 to 3 and 8 to 14.,13
ANDHRA PRADESH,HYDERABAD,68,Yakutpura,,Hyderabad (M Corp.+OG) (Part) Hyderabad (M Corp.) (Part)- Ward No.17 (Part) Block No. 1 to 7 Ward No.18 (Part) Block No. 6 and 7,14
ANDHRA PRADESH,HYDERABAD,69,Bahadurpura,,Hyderabad (M Corp.+OG) (Part) Hyderabad (M Corp.) (Part) Ward No.18 (Part) Block No. 4 and 5 Ward No.19.,14
ANDHRA PRADESH,HYDERABAD,70,Secunderabad,,Hyderabad (M Corp.+OG) (Part) Hyderabad (M Corp.) (Part) Ward No.33 (Part) Block No. 4 to 7 Ward No. 34 and 35 Osmania University Area.,14
ANDHRA PRADESH,HYDERABAD,71,Secunderabad Cantt,SC,Hyderabad (M Corp.+OG) (Part) Hyderabad (M Corp.) (Part) Ward No. 31 and 32 Ward No.33 (Part) Block No.1 to 3 Secunderabad Cantonment Board.,14
ANDHRA PRADESH,MAHBUBNAGAR,72,Kodangal,,"Kodangal, Bomraspet, Kosgi, Doulathabad and Maddur Mandals.",14
ANDHRA PRADESH,MAHBUBNAGAR,73,Narayanpet,,"Koilkonda, Narayanpet, Damaragidda and Dhanwada Mandals.",14
ANDHRA PRADESH,MAHBUBNAGAR,74,Mahbubnagar,,Hanwada and Mahbubnagar Mandals.,14
ANDHRA PRADESH,MAHBUBNAGAR,75,Jadcherla,,"Jadcherla, Nawabpet, Balanagar and Midjil Mandals.",14
ANDHRA PRADESH,MAHBUBNAGAR,76,Devarkadra,,"Bhoothpur, Addakal, Devarkadra, Chinna Chinta Kunta and Kothakota Mandals.",14
ANDHRA PRADESH,MAHBUBNAGAR,77,Makthal,,"Makthal, Maganoor, Atmakur, Narva and Utkoor Mandals.",14
ANDHRA PRADESH,MAHBUBNAGAR,78,Wanaparthy,,"Wanaparthy, Pebbair, Gopalpeta, Peddamandadi and Ghanpur Mandals.",14
ANDHRA PRADESH,MAHBUBNAGAR,79,Gadwal,,"Gadwal, Dharur, Maldakal and Ghattu Mandals.",15
ANDHRA PRADESH,MAHBUBNAGAR,80,Alampur,SC,"Ieez, Itikyal, Waddepalle, Manopad and Alampur Mandals.",15
ANDHRA PRADESH,MAHBUBNAGAR,81,Nagarkurnool,,"Nagarkurnool, Bijinapalle, Thi mmajipet, Tadoor and Telkapalle Mandals.",15
ANDHRA PRADESH,MAHBUBNAGAR,82,Achampet,SC,"Balmoor, Lingal, Amrabad, Achampet, Uppununthala and Vangoor Mandals.",15
ANDHRA PRADESH,MAHBUBNAGAR,83,Kalwakurthy,,"Veldanda, Kalwakurthy, Talakondapalle, Amangal and Madgul Mandals.",15
ANDHRA PRADESH,MAHBUBNAGAR,84,Shadnagar,,"Kondurg, Farooqnagar, Kothur and Keshampet Mandals.",15
ANDHRA PRADESH,MAHBUBNAGAR,85,Kollapur,,"Veepangandla, Kollapur, Peddakothapalle , Kodair and Pangal Mandals.",15
ANDHRA PRADESH,NALGONDA,86,Devarakonda,ST,"Chintapalle, Gundlapalle, Chandampet, Devarakonda and Pedda Adisarlapalle Mandals.",15
ANDHRA PRADESH,NALGONDA,87,Nagarjuna Sagar,,"Gurrampode, Nidamanur, Peddavoora, Anumula and Thripuraram Mandals.",15
ANDHRA PRADESH,NALGONDA,88,Miryalaguda,,"Vemulapalle, Miryalaguda and Damercherla Mandals.",15
ANDHRA PRADESH,NALGONDA,89,Huzurnagar,,"Neredcherla, Garidepalle, Huzurnagar, Mattampalli and Mellachervu Mandals.",15
ANDHRA PRADESH,NALGONDA,90,Kodad,,"Mothey, Nadigudem, Munagala, Chilkur and Kodad Mandals.",15
ANDHRA PRADESH,NALGONDA,91,Suryapet,,"Atmakur (S), Suryapet, Chivvemla and Penpahad Mandals.",15
ANDHRA PRADESH,NALGONDA,92,Nalgonda,,"Thipparthi, Nalgonda and Kangal Mandals.",15
ANDHRA PRADESH,NALGONDA,93,Munugode,,"Munugode, Narayanapur, Marriguda, Nampalle, Chandur and Choutuppal Mandals.",15
ANDHRA PRADESH,NALGONDA,94,Bhongir,,"Bhongir, Bibinagar, Valigonda and Pochampalle Mandals.",15
ANDHRA PRADESH,NALGONDA,95,Nakrekal,SC,"Ramannapeta, Chityala, Kattangoor , Nakrekal, Kethepalle and Narketpalle Mandals.",15
ANDHRA PRADESH,NALGONDA,96,Thungathurthi,SC,"Thirumalagiri, Thungathurthi, Nu thankal, Jajireddigudem, Sali Gouraram and Mothkur Mandals.",15
ANDHRA PRADESH,NALGONDA,97,Alair,,"M.Turkapalle, Rajapet, Yadagirigu tta, Alair, Gundala, Atmakur (M) and Bommalaramaram Mandals.",16
ANDHRA PRADESH,WARANGAL,98,Jangaon,,"Cherial, Maddur, Bachannapet, Narmetta and Jangaon Mandals.",16
ANDHRA PRADESH,WARANGAL,99,Ghanpur (Station),SC,"Ghanpur (Station), Dharmasagar, Raghunathpalle, Zaffergadh, and Lingalaghanpur Mandals.",16
ANDHRA PRADESH,WARANGAL,100,Palakurthi,,"Palakurthi, Devaruppula, Kodakandla, Raiparthy and Thorrur Mandals.",16
ANDHRA PRADESH,WARANGAL,101,Dornakal,ST,"Narsimhulapet, Maripeda, Kuravi and Dornakal Mandals.",16
ANDHRA PRADESH,WARANGAL,102,Mahabubabad,ST,"Gudur, Nellikudur, Kesamudr am and Mahabubabad Mandals .",16
ANDHRA PRADESH,WARANGAL,103,Narsampet,,"Narsampet, Khanapur, Chennaraopet, Duggondi, Nekkonda and Nallabelly Mandals.",16
ANDHRA PRADESH,WARANGAL,104,Parkal,,"Parkal, Atmakur, Sangam and Geesugonda Mandals.",16
ANDHRA PRADESH,WARANGAL,105,Warangal West,,"Warangal Mandal (Part) Warangal (M Corp.) (Part) Warangal (M Corp.) - Ward No. 1 to 7, 15, 21 and 23 to 25",16
ANDHRA PRADESH,WARANGAL,106,Warangal East,,"Warangal Mandal (Part) Warangal (M Corp.) (Part) Warangal (M Corp.) - Ward No. 8 to 14, 16 to 20 and 22.",16
ANDHRA PRADESH,WARANGAL,107,Waradhanapet,SC,"Hasanparthy, Hanamkonda, Pa rvathagiri and Wardhanna Pet Mandals.",16
ANDHRA PRADESH,WARANGAL,108,Bhupalpalle,,"Mogullapalle, Chityal, Bhupalpalle, Ghanpur (Mulug), Regonda and Shayampet Mandals.",16
ANDHRA PRADESH,WARANGAL,109,Mulug,ST,"Venkatapur, Eturnagaram, M angapet, Tadvai, Kothaguda, Govindaraopet and Mulug Mandals.",16
ANDHRA PRADESH,KHAMMAM,110,Pinapaka,ST,"Pinapaka, Manuguru, Gundala, Burgampahad and Aswapuram Mandals.",16
ANDHRA PRADESH,KHAMMAM,111,Yellandu,ST,"Kamepalle, Yellandu, Bayyaram, Tekulapalle and Garla Mandals.",16
ANDHRA PRADESH,KHAMMAM,112,Khammam,,Khammam Mandal.,17
ANDHRA PRADESH,KHAMMAM,113,Palair,,"Thirumalayapalem, Kusumanchi, Khammam Rural and Nelakondapalle Mandals.",17
ANDHRA PRADESH,KHAMMAM,114,Madhira,,"(SC) Mudigonda, Chinthakani, Bonak al, Madhira and Yerrupalem Mandals.",17
ANDHRA PRADESH,KHAMMAM,115,Wyra,ST,"Enkuru, Konijerla, Singareni, Julurpadu and Wyra Mandals.",17
ANDHRA PRADESH,KHAMMAM,116,Sathupalle,SC,"Sathupalle, Penuballi, Kallur, Tallada and Vemsoor Mandals.",17
ANDHRA PRADESH,KHAMMAM,117,Kothagudem,,Kothagudem and Palwancha Mandals.,17
ANDHRA PRADESH,KHAMMAM,118,Aswaraopeta,ST,"Mulikalapalle, Velairpadu, Kukunoor, Chandrugonda, Aswaraopeta and Dammapeta Mandals.",17
ANDHRA PRADESH,KHAMMAM,119,Bhadrachalam,ST,"Wazeed, Venkatapuram, Cherla, Dummugudem, Bhadrachalam, Kunavaram, Chintur and V.R. Puram Mandals.",17
ANDHRA PRADESH,SRIKAKULAM,120,Ichchapuram,,"Kanchili, Ichchapuram, Kaviti and Sompeta Mandals.",17
ANDHRA PRADESH,SRIKAKULAM,121,Palasa,,"Palasa, Mandasa and Vajrapukothuru Mandals.",17
ANDHRA PRADESH,SRIKAKULAM,122,Tekkali,,"Nandigam, Tekkali, Santhabommali and Kotabommali Mandals.",17
ANDHRA PRADESH,SRIKAKULAM,123,Pathapatnam,,"Pathapatnam, Meliaputti, L.N. Pet, Kothur and Hiramandalam Mandals.",17
ANDHRA PRADESH,SRIKAKULAM,124,Srikakulam,,Gara and Srikakulam Mandals.,17
ANDHRA PRADESH,SRIKAKULAM,125,Amadalavalasa,,"Amadalavalasa, Ponduru, Sa rubujjili and Burja Mandals.",17
ANDHRA PRADESH,SRIKAKULAM,126,Etcherla,,"G.Sigadam, Laveru, Ranastalam and Etcherla Mandals.",17
ANDHRA PRADESH,SRIKAKULAM,127,Narasannapeta,,"Jalumuru, Narasannapeta, Saravakota and Polaki Mandals.",17
ANDHRA PRADESH,SRIKAKULAM,128,Rajam,SC,"Vangara, Regidi Amadalavalas a, Rajam and Santhakaviti Mandals.",17
ANDHRA PRADESH,SRIKAKULAM,129,Palakonda,ST,"Seethampeta, Bhamini, Pala konda and Veeraghattam Mandals.",17
ANDHRA PRADESH,VIZIANAGARAM,130,Kurupam,ST,"Kurupam, Gummalakshmipuram, Jiyyammavalasa, Komarada and Garugubilli Mandals.",17
ANDHRA PRADESH,VIZIANAGARAM,131,Parvathipuram,SC,"Parvathipuram, Seethanagaram and Balijipeta Mandals.",18
ANDHRA PRADESH,VIZIANAGARAM,132,Salur,ST,"Salur, Pachipenta, Mentada and Makkuva Mandals.",18
ANDHRA PRADESH,VIZIANAGARAM,133,Bobbili,,"Bobbili, Ramabhadrapuram, Badangi and Therlam Mandals.",18
ANDHRA PRADESH,VIZIANAGARAM,134,Cheepurupalli,,"Merakamudidam, Garividi, Cheepurupalli and Gurla Mandals.",18
ANDHRA PRADESH,VIZIANAGARAM,135,Gajapathinagaram,,"Gajapathinagaram, Bondapalli, Gantyada and Dattirajeru Mandals; and Vizinigiri, Thandrangi, Jannivalasa, Venne, Sasanapalli, Attada, Bheemasingi, Somayajulapalem, Lotlapalli, Mokhasa Kothavalasa, Kumaram and Annamrajupeta villages of Jami Mandal.",18
ANDHRA PRADESH,VIZIANAGARAM,136,Nellimarla,,"Nellimarla, Pusapatirega, D enkada and Bhogapuram Mandals.",18
ANDHRA PRADESH,VIZIANAGARAM,137,Vizianagaram,,Vizianagaram Mandal.,18
ANDHRA PRADESH,VIZIANAGARAM,138,Srungavarapukota,,"Srungavarapukota, Vepada, Lakka varapukota and Kothavalasa Mandals; and Jami Mandal (Except 12 villages i.e. Vizinigiri, Thandrangi, Jannivalasa, Venne, Sasanapalli, Attada, Bheemasingi, Somayajulapalem, Lotlapalli, Mokhasa Kothavalasa, Kumaram and Annamrajupeta)",18
ANDHRA PRADESH,VISAKHAPATNAM,139,Bhimili,,"Anandapuram, Padmanabham, Bheemunipatnam and Visakhapatnam Rural Mandals.",18
ANDHRA PRADESH,VISAKHAPATNAM,140,Visakhapatnam East,,Visakhapatnam (Urban) Mandal (Part) Visakhapatnam (M Corp.) - Ward No.1 to 11 and 53 to 55.,18
ANDHRA PRADESH,VISAKHAPATNAM,141,Visakhapatnam South,,"Visakhapatnam (Urban) Mandal (Part) Visakhapatnam (M Corp.) - Ward No.12 to 34, 42 to 43 and 46 to 48.",18
ANDHRA PRADESH,VISAKHAPATNAM,142,Visakhapatnam North,,"Visakhapatnam (Urban) Mandal (Part) Visakhapatnam (M Corp.) - Ward No.36 to 41, 44 to 45 and 49 to 52.",18
ANDHRA PRADESH,VISAKHAPATNAM,143,Visakhapatnam West,,Visakhapatnam (Urban) Mandal (Part) Visakhapatnam (M Corp.) - Ward No.35 a nd 56 to 71.,18
ANDHRA PRADESH,VISAKHAPATNAM,144,Gajuwaka,,Gajuwaka Mandal (Including Gajuwaka Municipality),18
ANDHRA PRADESH,VISAKHAPATNAM,145,Chodavaram,,"Chodavaram, Butchayyapeta, Ravikamatham and Rolugunta Mandals.",18
ANDHRA PRADESH,VISAKHAPATNAM,146,Madugula,,"Madugula, Cheedikada, Devar apalle and K.Kotapadu Mandals.",19
ANDHRA PRADESH,VISAKHAPATNAM,147,Araku Valley,ST,"Munchingiputtu, Pedabayalu, Dumbriguda, Araku Valley, Hukumpeta and Ananthagiri Mandals.",19
ANDHRA PRADESH,VISAKHAPATNAM,148,Paderu,ST,"Paderu, G.Madugula, Chintapa lle, Gudem Kotha Veedhi and Koyyuru Mandals.",19
ANDHRA PRADESH,VISAKHAPATNAM,149,Anakapalle,,Kasimkota and Anakapalle Mandals.,19
ANDHRA PRADESH,VISAKHAPATNAM,150,Pendurthi,,"Pedagantyada (excluding areas included in Gajuwaka Municipality), Paravada, Sabbavaram and Pendurthi Mandals",19
ANDHRA PRADESH,VISAKHAPATNAM,151,Yelamanchili,,"Rambilli, Munagapaka, Atchut apuram and Yelamanchili Mandals.",19
ANDHRA PRADESH,VISAKHAPATNAM,152,Payakaraopet,SC,"Kotauratla, Nakkapalle, Payakaraopeta and S.Rayavaram Mandals.",19
ANDHRA PRADESH,VISAKHAPATNAM,153,Narsipatnam,,"Nathavaram, Golugonda, Narsipatnam and Makavarapalem Mandals.",19
ANDHRA PRADESH,EAST GODAVARI,154,Tuni,,"Thondangi, Kotananduru and Tuni Mandals.",19
ANDHRA PRADESH,EAST GODAVARI,155,Prathipadu,,"Sankhavaram, Prathipadu, Ye leswaram and Rowthulapudi Mandals.",19
ANDHRA PRADESH,EAST GODAVARI,156,Pithapuram,,"Gollaprolu, Pithapuram and Kothapalle Mandals.",19
ANDHRA PRADESH,EAST GODAVARI,157,Kakinada Rural,,Karapa and Kakinada Rural Mandals. Kakinada Urban Mandal (Part) Kakinada Urban (M) (Part) Kakinada (M) - Ward No.66 to 70.,19
ANDHRA PRADESH,EAST GODAVARI,158,Peddapuram,,Samalkota and Peddapuram Mandals.,19
ANDHRA PRADESH,EAST GODAVARI,159,Anaparthy,,"Pedapudi, Biccavolu, Rangampeta and Anaparthy Mandals.",19
ANDHRA PRADESH,EAST GODAVARI,160,Kakinada City,,Kakinada Urban Mandal (Part) Kakinada Urban (M) (Part) Kakinada (M) - Ward No.1 to 65.,19
ANDHRA PRADESH,EAST GODAVARI,161,Ramachandrapur,,"Kajuluru, Ramachandrapuram and Pamarru Mandals. am",19
ANDHRA PRADESH,EAST GODAVARI,162,Mummidivaram,,"Polavaram, Mummidivaram, Thallarevu and Katrenikona Mandals.",19
ANDHRA PRADESH,EAST GODAVARI,163,Amalapuram,SC,"Uppalaguptam, Allavaram and Amalapuram Mandals.",20
ANDHRA PRADESH,EAST GODAVARI,164,Razole,SC,"Razole, Malikipuram and Sakhinetipalle Mandals. Mamidikuduru Mandal (Part) Mamidikuduru, Geddada, Edarada, Komarada, Magatapalle and Gogannamatham Villages.",20
ANDHRA PRADESH,EAST GODAVARI,165,Gannavaram,SC,"P.Gannavaram, Ambajipet a and Ainavilli Mandals. Mamidikuduru Mandal (Part) Pedapatnam, Appanapalle, Botlakurru Doddavaram, Pasarlapudi, Pedapatnam, Nagaram, Mogalikuduru, Makanapalem, Lutukurru, Pasarlapudilanka and Adurru Villages.",20
ANDHRA PRADESH,EAST GODAVARI,166,Kothapeta,,"Ravulapalem, Kothapeta, Atrey apuram and Alamuru Mandals.",20
ANDHRA PRADESH,EAST GODAVARI,167,Mandapeta,,"Mandapeta, Rayavaram and Kapileswarapuram Mandals.",20
ANDHRA PRADESH,EAST GODAVARI,168,Rajanagaram,,"Rajanagaram, Seethanagaram and Korukonda Mandals.",20
ANDHRA PRADESH,EAST GODAVARI,169,Rajahmundry City,,Rajahmundry Urban Mandal (Part) Rajahmundry (M Corp.) (Part) Rajahmundry (M Corp.) - Ward No. 7 to 35 and 42 to 89.,20
ANDHRA PRADESH,EAST GODAVARI,170,Rajahmundry Rural,,"Kadiam and Rajahmundry Rural Mandals. Rajahmundry Urban Mandal (Part) Rajahmundry (M Corp.) (Part) Rajahmundry (M Corp.) - Ward No.1 to 6, 36 to 41 and 90.",20
ANDHRA PRADESH,EAST GODAVARI,171,Jaggampeta,,"Gokavaram, Jaggampeta, Gandepalle and Kirlampudi Mandals.",20
ANDHRA PRADESH,EAST GODAVARI,172,Rampachodavar,,"Maredumilli, Devipatnam, Y. Ramavaram, Addateegala, am (ST) Gangavaram, Rampachodavaram and Rajavommangi Mandals.",20
ANDHRA PRADESH,WEST GODAVARI,173,Kovvur,SC,"Kovvur, Chagallu and Tallapudi Mandals.",20
ANDHRA PRADESH,WEST GODAVARI,174,Nidadavole,,"Nidadavole, Undrajavaram and Peravali Mandals.",20
ANDHRA PRADESH,WEST GODAVARI,175,Achanta,,"Penugonda, Achanta and Penumantra Mandals. Poduru Mandal (Part) Kavitam, Jagannadhapuram, Pandithavilluru, Miniminchilipadu, Poduru, Pemmarajupolavaram and Gummaluru Villages.",20
ANDHRA PRADESH,WEST GODAVARI,176,Palacole,,"Palacole and Yelamanchili Mandals. Poduru Mandal (Part) Kommuchikkala, Vedangi, Jinnuru, Mattaparru, Penumadam, Ravipadu and Vaddiparru Villages.",20
ANDHRA PRADESH,WEST GODAVARI,177,Narasapuram,,Mogalthur and Narasapuram Mandals.,21
ANDHRA PRADESH,WEST GODAVARI,178,Bhimavaram,,Veeravasaram and Bhimavaram Mandals. Bhimavaram (M+OG) Bhimavaram (M) - Ward No. 1 to 27 China-Amiram (OG) (Part) - Ward No. 28 Rayalam (R) (OG) (Part) - Ward No. 29.,21
ANDHRA PRADESH,WEST GODAVARI,179,Undi,,"Kalla, Palacoderu, Undi and Akividu Mandals.",21
ANDHRA PRADESH,WEST GODAVARI,180,Tanuku,,"Tanuku, Attili and Iragavaram Mandals.",21
ANDHRA PRADESH,WEST GODAVARI,181,Tadepalligudem,,Tadepalligudem and Pentapadu Mandals.,21
ANDHRA PRADESH,WEST GODAVARI,182,Unguturu,,"Unguturu, Bhimadole, Nidama rru and Ganapavaram Mandals.",21
ANDHRA PRADESH,WEST GODAVARI,183,Denduluru,,"Pedavegi, Pedapadu and Denduluru Mandals Eluru Mandal (Part) Malkapuram, Chataparru, Jali pudi, Katlampudi, Madepalli, Manuru, Sreeparru, Kalakurru, Komatilanka, Gudivakalanka, Kokkirailanka, Pydichintapadu and Prathikolla lanka Villages.",21
ANDHRA PRADESH,WEST GODAVARI,184,Eluru,,"Eluru Mandal (Part) Eluru (M) (Part) Eluru (M) - Ward No. 1 to 28 Eluru Mandal (Part) Eluru Mandal (OG) (Part) Satrampadu (OG) - Ward No.29 Gavaravaram (OG) - Ward No.30 Tangellamudi (R) (OG) - Ward No.31 Komadavolu (OG) (Part) - Ward No.32 Eluru (R) (OG) (Part) - Ward No.33 Eluru Mandal (Part) Chodimella, Sanivarapupeta, Eluru (Rural), Komadavole (Rural) and Ponangi Villages.",21
ANDHRA PRADESH,WEST GODAVARI,185,Gopalapuram,SC,"Dwaraka Tirumala, Nallajerla, Devarapalli and Gopalapuram Mandals.",21
ANDHRA PRADESH,WEST GODAVARI,186,Polavaram,ST,"Polavaram, Buttayagudem, Jeelugumilli, Koyyalagudem and T.Narasapuram Mandals.",21
ANDHRA PRADESH,WEST GODAVARI,187,Chintalapudi,SC,"Chintalapudi, Lingapalem, Kamavarapukota and Jangareddigudem Mandals.",21
ANDHRA PRADESH,KRISHNA,188,Tiruvuru,SC,"Vissannapet, Gampalagudem, Tiruvuru and A.Konduru Mandals.",21
ANDHRA PRADESH,KRISHNA,189,Nuzvid,,"Agiripalli, Chatrai, Musunuru and Nuzvid Mandals.",22
ANDHRA PRADESH,KRISHNA,190,Gannavaram,,"Bapulapadu, Gannavaram and Unguturu Mandals Vijayawada (Rural) Mandal (P art) Ambapuram, Phiryadi Nainavaram, Pathapadu, Nunna, Enikepadu, Nidamanuru, Done Atkuru, Gudavalli, Prasadampadu and Ramavarappadu Villages.",22
ANDHRA PRADESH,KRISHNA,191,Gudivada,,"Gudlavalleru, Gudivada and Nandivada Mandals.",22
ANDHRA PRADESH,KRISHNA,192,Kaikalur,,"Mandavalli, Kaikalur, Kalidindi and Mudinepalle Mandals.",22
ANDHRA PRADESH,KRISHNA,193,Pedana,,"Gudur, Pedana, Bantumilli and Kruthivennu Mandals.",22
ANDHRA PRADESH,KRISHNA,194,Machilipatnam,,Machilipatnam Mandal.,22
ANDHRA PRADESH,KRISHNA,195,Avanigadda,,"Challapalli, Mopidevi, Avani gadda, Nagayalanka, Koduru and Ghantasala Mandals.",22
ANDHRA PRADESH,KRISHNA,196,Pamarru,SC,"Pamarru, Thotlavalluru, Pamidimukkala, Movva and Pedaparupudi Mandals.",22
ANDHRA PRADESH,KRISHNA,197,Penamaluru,,"Kankipadu, Vuyyuru and Penamaluru Mandals.",22
ANDHRA PRADESH,KRISHNA,198,Vijayawada West,,"Vijayawada Urban Mandal (Part) Vijayawada Urban (M.Corp) (Part) Vijayawada (M Corp.) - Ward No.1 to 13, 15 to 19, 75 and 76.",22
ANDHRA PRADESH,KRISHNA,199,Vijayawada Central,,"Vijayawada Urban Mandal (Part) Vijayawada Urban (M.Corp) (Part) Vijayawada (M Corp.) - Ward No.1 4, 20 to 31, 33 to 35, 42 to 44, 49, 77 and 78.",22
ANDHRA PRADESH,KRISHNA,200,Vijayawada East,,"Vijayawada Urban Mandal (Part) Vijayawada Urban (M.Corp) (Part) Vijayawada (M Corp.) - Ward No. 32, 36 to 41, 45 to 48 and 50 to 74.",22
ANDHRA PRADESH,KRISHNA,201,Mylavaram,,"Ibrahimpatnam, G.Konduru, My lavaram and Reddigudem Mandals. Vijayawada (Rural) Mandal(Part) Kotturu, Tadepalle, Vemavaram, Shabada, Paidurupadu, Rayanapadu, Gollapudi and Jakkampudi Villages.",22
ANDHRA PRADESH,KRISHNA,202,Nandigama,SC,"Kanchikacherla, Chandarlapadu and Veerullapadu Mandals Nandigama Mandal (Part) Pedavaram, Thakkellapadu, Munagacherla, Latchapalem, Lingalapadu, Adiviravulapadu, Chandapuram, Kethaveeruni Padu, Kanchela, Ithavaram , Ambarupeta, Nandigama, Satyavaram, Pallagiri and Raghavapuram Villages.",22
ANDHRA PRADESH,KRISHNA,203,Jaggayyapeta,,"Vatsavai, Jaggayyapeta and Penuganchiprolu Mandals Nandigama Mandal (Part) Magallu, Konduru, Ramireddipalle, Jonnalagadda, Konathamatmakuru, Torragudipadu, Damuluru, Somavaram, Rudravaram and Gollamudi Villages.",23
ANDHRA PRADESH,GUNTUR,204,Pedakurapadu,,"Bellamkonda, Atchampet, Kr osuru, Amaravathi and Pedakurapadu Mandals.",23
ANDHRA PRADESH,GUNTUR,205,Tadikonda,SC,"Tulluru, Tadikonda, Phirangipuram and Medikonduru Mandals.",23
ANDHRA PRADESH,GUNTUR,206,Mangalagiri,,"Tadepalli, Mangalagiri and Duggirala Mandals.",23
ANDHRA PRADESH,GUNTUR,207,Ponnuru,,"Ponnuru, Chebrolu and Pedakakani Mandals.",23
ANDHRA PRADESH,GUNTUR,208,Vemuru,SC,"Vemuru, Kolluru, Tsunduru, Bhattiprolu and Amarthaluru Mandals.",23
ANDHRA PRADESH,GUNTUR,209,Repalle,,"Nizampatnam, Nagaram, Cheruk upalli and Repalle Mandals.",23
ANDHRA PRADESH,GUNTUR,210,Tenali,,Kollipara and Tenali Mandals.,23
ANDHRA PRADESH,GUNTUR,211,Bapatla,,"Bapatla, Pittalavanipalem and Karlapalem Mandals.",23
ANDHRA PRADESH,GUNTUR,212,Prathipadu,SC,"Guntur Mandal (except M.Corp.) Vatticherukuru, Prathi padu, Pedanandipadu and Kakumanu Mandals.",23
ANDHRA PRADESH,GUNTUR,213,Guntur West,,Guntur Mandal (Part) Guntur (M. Corp) (Part) Guntur (M Corp.) - Ward No.1 to 6 and 24 to 28.,23
ANDHRA PRADESH,GUNTUR,214,Guntur East,,Guntur Mandal (Part) Guntur (M. Corp) (Part) Guntur (M Corp.) - Ward No.7 to 23.,23
ANDHRA PRADESH,GUNTUR,215,Chilakaluripet,,"Nadendla, Chilakaluripet and Edlapadu Mandals.",23
ANDHRA PRADESH,GUNTUR,216,Narasaraopet,,Rompicherla and Narasaraopet Mandals.,23
ANDHRA PRADESH,GUNTUR,217,Sattenapalle,,"Sattenapalli, Rajupalem, Nekarikallu and Muppalla Mandals.",23
ANDHRA PRADESH,GUNTUR,218,Vinukonda,,"Bollapalli, Vinukonda, Nuzendla, Savalyapuram and Ipur Mandals.",23
ANDHRA PRADESH,GUNTUR,219,Gurajala,,"Gurajala, Dachepalli, Piduguralla and Machavaram Mandals.",23
ANDHRA PRADESH,GUNTUR,220,Macherla,,"Macherla, Veldurthi, Durgi, Rentachintala and Karempudi Mandals.",24
ANDHRA PRADESH,PRAKASAM,221,Yerragondapale,,"Yarragondapalem and Pedda Araveedu, Pullalacheruvu, m (SC) Tripuranthakam, Dornala and Peda Araveedu Mandals.",24
ANDHRA PRADESH,PRAKASAM,222,Darsi,,"Donakonda, Kurichedu, Mundlamuru, Darsi and Thallur Mandals.",24
ANDHRA PRADESH,PRAKASAM,223,Parchur,,"Yeddanapudi, Parchur, Karamchedu, Inkollu, Chinaganjam and Martur Mandals.",24
ANDHRA PRADESH,PRAKASAM,224,Addanki,,"J. Panguluru, Addanki, S anthamaguluru, Ballikurava and Korisapadu Mandals.",24
ANDHRA PRADESH,PRAKASAM,225,Chirala,,Chirala and Vetapalem Mandals.,24
ANDHRA PRADESH,PRAKASAM,226,Santhanuthalapa,,"Naguluppalapadu, Maddipadu, Chimakurthi and du (SC) Santhanuthalapadu Mandals.",24
ANDHRA PRADESH,PRAKASAM,227,Ongole,,Ongole and Kothapatnam Mandals.,24
ANDHRA PRADESH,PRAKASAM,228,Kandukur,,"Kandukur, Lingasamudram, Gudluru, Ulavapadu and Volivetivaripalem Mandals.",24
ANDHRA PRADESH,PRAKASAM,229,Kondapi,SC,"Singarayakonda, Kondapi, Tangutur, Jarugumalli, Ponnaluru and Marripudi Mandals.",24
ANDHRA PRADESH,PRAKASAM,230,Markapuram,,"Konakanamitla, Podili, Markapur and Tarlupadu Mandals.",24
ANDHRA PRADESH,PRAKASAM,231,Giddalur,,"Bestavaripeta, Racherla, Gi ddalur, Komarolu, Cumbum and Ardhaveedu Mandals.",24
ANDHRA PRADESH,PRAKASAM,232,Kanigiri,,"Hanumanthunipadu, Chandrasekharapuram, Pamur, Veligandla, Pedacherlopalle and Kanigiri Mandals.",24
ANDHRA PRADESH,NELLORE,233,Kavali,,"Kavali, Bogole, Allur and Dagadarthi Mandals.",24
ANDHRA PRADESH,NELLORE,234,Atmakur,,"Chejerla, Atmakur, Anumasam udrampeta, Marripadu, Sangam and Ananthasagaram Mandals.",24
ANDHRA PRADESH,NELLORE,235,Kovur,,"Vidavalur, Kodavalur, Kovur, Buchireddipalem and Indukurpet Mandals.",24
ANDHRA PRADESH,NELLORE,236,Nellore City,,"Nellore Mandal (Part) Nellore Mandal (M+OG) (Part) Nellore (M) - Ward No.1 to 15, 27, 28 and 31 to 44.",25
ANDHRA PRADESH,NELLORE,237,Nellore Rural,,"Nellore Mandal (Part) Golla Kandukur, Sajjapuram, Ve llanti, Kandamur, Upputur, South Mopur, Mogallapalem, Mattempadu, Amancherla, Mannavarappadu, Mulumudi, De varapalem, Pottepalem, Akkacheruvupadu, Ogurupadu, Am bapuram, Donthali, Buja Buja Nellore (Rural), Kallur palle (Rural), Kanuparthipadu, Allipuram (Rural), Gudi pallipadu, Pedda, Cherukur, Chintareddipalem, Visavaviletipadu, Gundlapalem, Kakupalle-I, Kakupalle -II (Madaraja Gudur) and Penubarthi Villages. Nellore Mandal (M+OG) (Part) Nellore (M) - Ward No. 16 to 26, 29 and 30 Allipuram (OG) (Part) - Ward No. 45 Kallurpalle (OG) (Part) - Ward No. 46 Buja Buja Nellore (OG) (Part) - Ward No. 47 Nellore (Bit.1) (OG) - Ward No. 48.",25
ANDHRA PRADESH,NELLORE,238,Sarvepalli,,"Podalakur, Thotapalligudur, Mu thukur, Venkatachalam and Manubolu Mandals.",25
ANDHRA PRADESH,NELLORE,239,Gudur,SC,"Gudur, Chillakur, Kota, Vakadu and Chittamur Mandals.",25
ANDHRA PRADESH,NELLORE,240,Sullurpeta,SC,"Ojili, Naidupet, Pellakur, Dora varisatram, Sullurpeta and Tada Mandals.",25
ANDHRA PRADESH,NELLORE,241,Venkatagiri,,"Kaluvoya, Rapur, Sydapuram, Dakkili, Venkatagiri and Balayapalle Mandals.",25
ANDHRA PRADESH,NELLORE,242,Udayagiri,,"Jaladanki, Seetharamapuram, Udayagiri, Varikuntapadu, Vinjamur, Duttalur, Kalig iri and Kondapuram Mandals.",25
ANDHRA PRADESH,KADAPA,243,Badvel,SC,"Kalasapadu, B.Kodur, Sri Avadhutha Kasinayana, Porumamilla, Badvel, Gopavaram and Atlur Mandals.",25
ANDHRA PRADESH,KADAPA,244,Rajampet,,"Sidhout, Vontimitta, Nandalur, Rajampet, Veeraballe and T Sundupalle Mandals.",25
ANDHRA PRADESH,KADAPA,245,Kadapa,,Kadapa Mandal.,25
ANDHRA PRADESH,KADAPA,246,Kodur,SC,"Penagalur, Chitvel, Pullampeta, Obulavaripalle and Kodur Mandals.",25
ANDHRA PRADESH,KADAPA,247,Rayachoti,,"Sambepalle, Chinnamandem, Rayachoti, Galiveedu, Lakkireddipalli and Ramapuram Mandals.",25
ANDHRA PRADESH,KADAPA,248,Pulivendla,,"Simhadripuram, Lingala, T hondur, Pulivendla, Vemula, Vempalle and Chakrayapet Mandals.",26
ANDHRA PRADESH,KADAPA,249,Kamalapuram,,"Pendlimarri, Chinthakommadi nne, Kamalapuram, Vallur, Veerapunayunipalle and Chennur Mandals.",26
ANDHRA PRADESH,KADAPA,250,Jammalamadugu,,"Peddamudium, Mylavaram, Kondapuram, Jammalamadugu, Muddanur and Yerraguntla Mandals.",26
ANDHRA PRADESH,KADAPA,251,Proddatur,,Rajupalem and Proddatur Mandals.,26
ANDHRA PRADESH,KADAPA,252,Mydukur,,"Duvvur, S.Mydukur, Khajipet, Brahmamgarimattam and Chapad Mandals.",26
ANDHRA PRADESH,KURNOOL,253,Allagadda,,"Sirvel, Allagadda, Dornipadu, Uyyalawada, Chagalamarri and Rudravaram Mandals.",26
ANDHRA PRADESH,KURNOOL,254,Srisailam,,"Srisailam, Atmakur, Velgode, Bandi Atmakur and Mahanandi Mandals.",26
ANDHRA PRADESH,KURNOOL,255,Nandikotkur,SC,"Nandikotkur, Pagidyala, J. B ungalow, Kothapalle, Pamulapadu and Midthur Mandals.",26
ANDHRA PRADESH,KURNOOL,256,Kurnool,,Kurnool Mandal (Part) Kurnool (M Corp.) (Part) Kurnool (M Corp.) - Ward No.1 to 69.,26
ANDHRA PRADESH,KURNOOL,257,Panyam,,"Kallur, Orvakal, Panyam and Gadivemula Mandals.",26
ANDHRA PRADESH,KURNOOL,258,Nandyal,,Nandyal and Gospadu Mandals.,26
ANDHRA PRADESH,KURNOOL,259,Banaganapalle,,"Banaganapalle, Owk, Koilkuntla, Sanjamala and Kolimigundla Mandals.",26
ANDHRA PRADESH,KURNOOL,260,Dhone,,"Bethamcherla, Dhone and Peapally Mandals.",26
ANDHRA PRADESH,KURNOOL,261,Pattikonda,,"Krishnagiri, Veldurthi, Pattik onda, Maddikera and Tuggali Mandals.",26
ANDHRA PRADESH,KURNOOL,262,Kodumur,SC,"C.Belagal, Gudur and Kodumur Mandals. Kurnool Mandal (Part) R.Kant halapadu, Sunkesula, Remata, Ulchala, Basavapuram, Edurur , G.Singavaram, Nidzur, Munagalapadu, Mamidalapadu, Panc halingala, E.Thandrapadu, Gondiparla, Dinnedevarapadu, B.Thandrapadu, Pasupula, Rudravaram, Noothanapalle, Deva mada, Pudur, Gargeyapuram and Diguvapadu Villages.",26
ANDHRA PRADESH,KURNOOL,263,Yemmiganur,,"Nandavaram, Yemmiganur and Gonegandla Mandals.",27
ANDHRA PRADESH,KURNOOL,264,Mantralayam,,"Peda Kadubur, Mantralayam, Kosigi and Kowthalam Mandals.",27
ANDHRA PRADESH,KURNOOL,265,Adoni,,Adoni Mandal.,27
ANDHRA PRADESH,KURNOOL,266,Alur,,"Devanakonda, Holagunda, Halaharvi, Alur, Aspari and Chippagiri Mandals.",27
ANDHRA PRADESH,ANANTAPUR,267,Rayadurg,,"D.Hirehal, Rayadurg, Kanekal, Bommanahal and Gummagatta Mandals.",27
ANDHRA PRADESH,ANANTAPUR,268,Uravakonda,,"Vidapanakal, Vajrakarur, Uravakonda, Beluguppa and Kudair Mandals.",27
ANDHRA PRADESH,ANANTAPUR,269,Guntakal,,"Guntakal, Gooty and Pamidi Mandals.",27
ANDHRA PRADESH,ANANTAPUR,270,Tadpatri,,"Peddavadugur, Yadiki, Tadpatri and Peddapappur Mandals.",27
ANDHRA PRADESH,ANANTAPUR,271,Singanamala,SC,"Garladinne, Singanamala, Putlur , Yellanur, Narpala and B. K. Samudram Mandals.",27
ANDHRA PRADESH,ANANTAPUR,272,Anantapur Urban,,Anantapur Mandal (Part) Anantapur (M+OG) (Part) Anantapur (M) - Ward No.1 to 28 Narayanapuram (OG) - Ward No. 29 Kakkalapalle (R) (OG) (Part) - Ward No. 30 Anantapur (R) (OG) - Ward No. 31.,27
ANDHRA PRADESH,ANANTAPUR,273,Kalyandurg,,"Brahmasamudram, Kalyandurg, Settur, Kundurpi and Kambadur Mandals.",27
ANDHRA PRADESH,ANANTAPUR,274,Raptadu,,"Atmakur, Raptadu, Kanaganapalli, C. K. Palli and Ramagiri Mandals, Anantapur Mandal (Par t) Kodimi, Thaticherla, Somanadoddi, Rachanapalle, Sajjalakalva, Kurugunta, Gollapalle, Kamarupalle, Alamuru, Katiganikalva, Kakkalapalle (Rural), Upparapalle, Itikalapalle, Jangalapalle, Kandakur, Chiyyedu, Mannila and Papampet (CT) Villages.",27
ANDHRA PRADESH,ANANTAPUR,275,Madakasira,SC,"Madakasira, Amarapuram, Gudibanda, Rolla and Agali Mandals.",27
ANDHRA PRADESH,ANANTAPUR,276,Hindupur,,"Hindupur, Lepakshi and Chilamathur Mandals.",27
ANDHRA PRADESH,ANANTAPUR,277,Penukonda,,"Parigi, Penukonda, Gorantla, Somandepalle and Roddam Mandals.",27
ANDHRA PRADESH,ANANTAPUR,278,Puttaparthi,,"Nallamada, Bukkapatnam, Kot hacheruvu, Puttaparthi, O. D. Cheruvu and Amadagur Mandals.",28
ANDHRA PRADESH,ANANTAPUR,279,Dharmavaram,,"Dharmavaram, Bathalapalle, Tadimarri and Mudigubba Mandals.",28
ANDHRA PRADESH,ANANTAPUR,280,Kadiri,,"Talupula, Nambulipulikunt a, Gandlapenta, Kadiri, Nallacheruvu and Tanakal Mandals.",28
ANDHRA PRADESH,CHITTOOR,281,Thamballapalle,,"Mulakalacheruvu, Thamballapalle, Peddamandyam, Kurabalakota, Peddathippas amudram and B.Kothakota Mandals.",28
ANDHRA PRADESH,CHITTOOR,282,Pileru,,"Gurramkonda, Kalakada, K. V. Palle, Pileru, Kalikiri and Valmikipuram Mandals.",28
ANDHRA PRADESH,CHITTOOR,283,Madanapalle,,"Madanapalle, Nimmanapalle and Ramasamudram Mandals.",28
ANDHRA PRADESH,CHITTOOR,284,Punganur,,"Sodam, Somala, Chowdepalle, Punganur, Pulicherla and Rompicherla Mandals.",28
ANDHRA PRADESH,CHITTOOR,285,Chandragiri,,"Tirupati (Rural), Chandragiri, Pakala, Ramachandrapuram, Chinnagottigallu and Yerravaripalem Mandals. Tirupati (Urban) Mandal (P art) Konkachennaiahgunta, Mangalam and Chennayyagunta Villages.",28
ANDHRA PRADESH,CHITTOOR,286,Tirupati,,Tirupati (Urban) Mandal (Part) Tirumala (CT) Tirupati (NMA) (CT) Akkarampalle (CT) Tirupati (M+OG) (Part).,28
ANDHRA PRADESH,CHITTOOR,287,Srikalahasti,,"Renigunta, Yerpedu, Srik alahasti and Thottambedu Mandals.",28
ANDHRA PRADESH,CHITTOOR,288,Satyavedu,,"(SC) Narayanavanam, B. N. K andriga, Varadaiahpalem, K.V.B.Puram, Pitchatur, Satyavedu and Nagalapuram Mandals.",28
ANDHRA PRADESH,CHITTOOR,289,Nagari,,"Nindra, Vijayapuram, Nagar i, Puttur and Vadamalapeta Mandals.",28
ANDHRA PRADESH,CHITTOOR,290,Gangadhara Nellore,SC,"Vedurukuppam, Karvetinagar, Penum uru, S. R. Puram, G. D. Nellore and Palasamudram Mandals.",28
ANDHRA PRADESH,CHITTOOR,291,Chittoor,,Chittoor and Gudipala Mandals.,28
ANDHRA PRADESH,CHITTOOR,292,Puthalapattu,SC,"Puthalapattu, Irala, Thavanampalle, Bangarupalem and Yadamari Mandals.",29
ANDHRA PRADESH,CHITTOOR,293,Palamaner,,"Gangavaram, Palamaner, Baireddipalle, V. Kota and Peddapanjani Mandals.",29
ANDHRA PRADESH,CHITTOOR,294,Kuppam,,"Santipuram, Gudupalle, Kuppam and Ramakuppam Mandals.",29
ARUNACHAL PRADESH,TAWANG,1,LUMLA,ST,"(1) Lumla circle Excluding Villages : Bongleng and Kharung; (2) Zemithang circle : and (3) Villages : 1. Kudung, 2. Pamaghar, 3. Sakpret and (4) Thongleng of Tawang Circle",34
ARUNACHAL PRADESH,TAWANG,2,TAWANG,ST,"Tawang Circle excluding Villages : 1. Kudung, 2. Pamaghar, 3. Sakpret, 4. Thongleng, 5. Shobr ang, 6. Menteng, 7. Khamba 8. Lumkhang, 9. Lhoudung, 10. Paigong, 11. Greling, 12. Khaigang (Khrig Gang), and 13. Rigyang.",34
ARUNACHAL PRADESH,TAWANG,3,MUKTO,ST,"(1) Thingfu circle; (2) Mukto circle; (3) Villages : 1. Shobrang, 2. Ment eng, 3. Khamba, 4. Lumkhang, 5. Lhoudung, 6. Taigong, 7. Greli ng, 8. Khaigang (Khrig Gang), and 9. Rigyang of Tawang circle; and (4) Villages : Bongleng and Kharung of Lumla circle.",34
ARUNACHAL PRADESH,WEST KAMENG,4,DIRANG,ST,Dirang circle.,34
ARUNACHAL PRADESH,WEST KAMENG,5,KALAKTANG,ST,Kalaktang circle.,34
ARUNACHAL PRADESH,WEST KAMENG,6,THRIZINO- BURAGAON,ST,"(1) Thrizino (Buragaon) circle, and (2) Bhalukpong circle.",34
ARUNACHAL PRADESH,WEST KAMENG,7,BOMDILA,ST,"(1) Bomdila circle, and (2) Nafra circle.",34
ARUNACHAL PRADESH,EAST KAMENG,8,BAMENG,ST,(1) Bameng circle ; (2) Khenewa circle ; and (3) Lada circle.,35
ARUNACHAL PRADESH,EAST KAMENG,9,CHAYANGTAJO,ST,(1) Chayangtajo circle ; and (2) Pipu-Dipu circle.,35
ARUNACHAL PRADESH,EAST KAMENG,10,SEPPA EAST,ST,"Villages: 1. Pabua, 2. Donigaon, 3. R ang, 4. Tassomalara, 5. Serowa, 6. Nerowa, 7. Lai, 8. Seppa HQ., 9. Kachimongkhra, 10. Tapipumokhara, 11. Mebua, 12. Sangrigwa, 13. Kolongpo, th 14. Paswa, 15. 14 Mile Labour Camp, 16. Paohi, 17. Jejudada, 18. Mongkhara, 19. Kapla, 20. Go ropu, 21. Rukjiwa, 22. Tongrang, 23. Darlong, 24. Moringwa, 25. Fengche-Joyan, 26. Pampoli, 27. Washang, 28. Roadside Camp, 29. Seppa Piliji Road, 30. Seppa Lumdung Road, 31. Kampung, 32. Patiwa, 33. Mongrang, 34. Chumbung, 35. Path, 36. Ha mbapinde, 37. Lanchung-yamje, 38. Talleng, 39. T. Yante, and 40. Kakukao in SEPPA circle.",35
ARUNACHAL PRADESH,EAST KAMENG,11,SEPPA WEST,ST,"Villages: 1. Wesi, 2. Pankar, 3. Ta lom, 4. Kamsa (Kamcha), 5. Bana, 6. Bana Camp, 7. Kitchang, 8. Silla , 9. Pitchang, 10. Tata Tara, 11. Tongma, 12. Roto (Keto), 13. Neking, 14. Ningcho, 15. Nepowa, 16. Retshah, 17. Latra, 18. Nichaba, 19. Kafla, 20. Feogche, 21. Chizang, 22. Chekajang, 23. Wa tte, 24. Morang, 25. Wote, 26. Sapung, 27. Yashey, 28. Yashing, 29. Ludung, 30. Nere, 31. Champing, 32. Nil oba, 33. Seba, 34. Lelung, and 35. Longpla in SEPPA circle.",35
ARUNACHAL PRADESH,EAST KAMENG,12,PAKKE-KASANG,ST,"(1) Pakke-Kasang circle; (2) Seijosa circle ; and (3) Villages : Sede, Veo and Chamte in SEPPA circle.",35
ARUNACHAL PRADESH,LOWER SUBANSIRI,13,ITANAGAR,ST,"(1) New Itanagar circle ; and (2) Villages : 1. Borum, 2. Ho stalam, 3. Lekhi, 4. Mopop, 5. Naharlagun, 6. Nirjuli, 7. Papu, 8. Sood, 9. Tarajuli, 10. Tarajuli Forest and 11. Old Itanagar Town in OLD ITANGAR circle.",35
ARUNACHAL PRADESH,LOWER SUBANSIRI,14,DOIMUKH,ST,(1) Doimukh circle ; (2) Balijan circle ; 3) Kimin circle ; and (4) Villages of Old Itanagar circ le NOT INCLUDED in 13-Itanagar (ST) constituency.,35
ARUNACHAL PRADESH,LOWER SUBANSIRI,15,SAGALEE,ST,(1) Sagalee circle ; and (2) Mengio circle.,35
ARUNACHAL PRADESH,LOWER SUBANSIRI,16,YACHULI,ST,"Villages : 1. Panya, 2. Morta, 3. Dordu (Dodo), 4. Pei, 5. Pochu, 6. Amji (Amgi), 7. Did, 8. Takampos a, 9. Mai, 10. Chod, 11. Chulu, 12. Kebi, 13. Kamchotaram, 14. Belo , 15. Posa, 16. Toon, 17. Lumra (Lumri), 18. Rup, 19. Lalin, 20. Yo zzat, 21. Job, 22. Lodam, 23. Lokio, 24. Peil, 25. Zara, 26. Megozara, 27. Yachuli, 28. Nolibar, 29. Talo, 30. Joram, 31. Aribu, 32. Jachi, 33. Siblipi,34. Pitapool, 35. Pani, 36. Yazali, 37. Pit, 38. Poh (pa) , 39. Tago, 40. Dodoseram, 41. Nama, 42. Tajo (Tayo), 43. Li niya, 44. Tadarko, 45. Kasimputa, 46. Loth, 47. Lengding, 48. Deed, 49. Ekhataya, 50. Dam (Dem), 51. Seya, 52. Sekho (Sakhe) , 53. Sekhe (Sikhe), 54. Mudo (Mudho), 55. Seto (Sito), 56. Tepi, 57. Bengt am, 58. New Moya, 59. Kojitayo, 60. Maya, 61. Takho, 62. Poshu (P oku), 63. Ambam, 64. Gangte, 65. Lumpung, 66. Balom, 67. Hara k, 68. Nirbing, 69. Nyorbi, 70. Sibyo, 71. Poru, 72. Yoglu, 73. Koyam, 74. Lema, 75. Dilli, 76. Taib, 77. Lichit (Lichlit), 78. Ko mb, 79. Koskot (Kashkut), 80. Korli, 81. Taw, 82. Tapopr i, 83. Sa-Sekhe, 84. Pana, 85. Sem, 86. Taich, 87. Atanyo (Tanyo), 88. Yaibat (Yaijat), 89. Nilam, and 90. Belo in ZIRO circle.",36
ARUNACHAL PRADESH,LOWER SUBANSIRI,17,ZIRO-HAPOLI,ST,"VILLAGES : 1. Ziro HQ (Hapoli), 2. Hapoli Forest, 3. Hakhetari, 4. Siro, 5. Sekhe, 6. Dikopathar ( Dilopoling), 7. Reru, 8. Tajang, 9. Limpia, 10. Hari, 11. Duta, 12. Modantage, 13. Hija, 14. Old Ziro, 15. Moyilang, 16. Nenchalia, 17. Keiliya, 18. Kalong, 19. Hong, 20. Bri, 21. Michi, 22. Bamin, 23. Sabe (Sibe), and 24. Taille Valley (Tawtibe Tariang) in ZIRO circle.",36
ARUNACHAL PRADESH,LOWER SUBANSIRI,18,PALIN,ST,(1) Palin circle ; and (2) Chambang circle.,36
ARUNACHAL PRADESH,LOWER SUBANSIRI,19,NYAPIN,ST,(1) Nyapin circle ; and (2) Sangram circle including villages Leel and Hiba.,36
ARUNACHAL PRADESH,LOWER SUBANSIRI,20,TALI,ST,Tali Circle,36
ARUNACHAL PRADESH,LOWER SUBANSIRI,21,KOLORIANG,ST,(1) Koloriang circle ; (2) Sarli circle ; and (3) Damin (Huri) circle.,36
ARUNACHAL PRADESH,UPPER SUBANSIRI,22,NACHO,ST,(1) Nacho circle ; (2) Taksing circle ; (3) Limeking circle ; and (4) Siyum circle.,36
ARUNACHAL PRADESH,UPPER SUBANSIRI,23,TALIHA,ST,Taliha circle excluding village Dingnyum.,36
ARUNACHAL PRADESH,UPPER SUBANSIRI,24,DAPORIJO,ST,"(1) Daporijo circle EXCLUDING Villages : 1. Niji, 2. Hankar, 3. Yetor, 4. Pobo (Poba), 5. Jibe (Jigi), 6. Mite , 7. Gigi, 8. Baja, 9. Babla, 10. Dakpe, 11. Nguri, 12. Muri, 13. Mugli, 14. Game, 15. Ango, 16. Gichi Lamdak, 17. Chikipotu, 18. Pegi, 19. Dong, 20. Don, 21. Lilidong, 22. Nikamuri, 23. Balakmuri, 24. Laa, 25. Mona, 26. Bopi, 27. Puchigeko, 28. Gito Rijo and 29. Tapapu ; (2) Giba circle ; and (3) Village Dingnyum of Taliha circle.",37
ARUNACHAL PRADESH,UPPER SUBANSIRI,25,RAGA,ST,"(1) Raga circle ; and (2) Villages : 1. Niji, 2. Hankar, 3. Yetor, 4. Pobo (Poba), 5. Jibe (Jigi), 6. Mite, 7. Gigi, 8. Ba ja, 9. Babla, 10. Dakpe, 11. Nguri, 12. Muri, 13. Mugli, 14. Game, 15. Ango, 16. Gichi Lamdak, 17. Chikipotu, 18. Pegi, 19. Dong, 20. Don, 21. Lilidong, 22. Nikamuri, 23. Balakmuri, 24. Laa, 25. Mona, 26. Bopi, 27. Puchigeko, 28. Gito Rijo and 29. Tapapu of DAPORIJO circle.",37
ARUNACHAL PRADESH,UPPER SUBANSIRI,26,DAMPORIJO,ST,(1) Damporijo circle ; and (2) Baririjo circle.,37
ARUNACHAL PRADESH,WEST SIANG,27,LIROMOBA,ST,"(1) Liromoba (including Yomcha) circle ; (2) Darak circle ; (3) Villages : 1. Yakitato, 2. Gemotali, 3. Kesitali and 4. Keak of KAYING circle ; and (4) Villages Tegogamlin and Kadayi of ALONG circle.",37
ARUNACHAL PRADESH,WEST SIANG,28,LIKABALI,ST,(1) Likabali circle ; and (2) Gensi circle.,37
ARUNACHAL PRADESH,WEST SIANG,29,BASAR,ST,(1) Basar circle ; and (2) Tirbin circle.,37
ARUNACHAL PRADESH,WEST SIANG,30,ALONG WEST,ST,"Villages : 1. Darka, 2. Essimoku, 3. Nyorak, 4. Tabasora, 5. Rime, 6. Pushingyorak, 7. Angu, 8. Bagra, 9. Doje, 10. Sijurime, 11. Esikago, 12. Yami, 13. Takpubagra, 14. Kugi , 15. Kabu (Kaju) 16. Wak, 17. Bene, 18. Dasi, 19. Pobdi, 20. Nik te, 21. Rego, 22. Essimoli, 23. Paya, 24. Vivek Nagar, 25. P.I. Colony, and 26. Rigo in ALONG circle.",37
ARUNACHAL PRADESH,WEST SIANG,31,ALONG EAST,ST,"(1) Along Town ; and (2) Villages : 1. Tadin, 2. Jelly, 3. Be ye, 4. Ngomdir, 5. Biru, 6. Eyi, 7. Logumjining, 8. Girdingkokbu, 9. Dego, 10. Panya, 11. Kombo, 12. Pakam, 13. New Jenning, 14. Old Jenning and 15. Pushi Doke in ALONG circle.",37
ARUNACHAL PRADESH,WEST SIANG,32,RUMGONG,ST,"(1) Rumgong circle ; (2) Payum circle ; and (3) Kaying circle excluding villages : Yakitoto, Gemotali, Kesitali and Keak.",38
ARUNACHAL PRADESH,WEST SIANG,33,MECHUKA,ST,(1) Mechuka circle ; (2) Monigong circle ; and (3) Tato circle.,38
ARUNACHAL PRADESH,EAST SIANG,34,TUTING- YINGKIONG,ST,(1) Tuting circle ; (2) Gelling circle ; (3) Singa circle ; (4) Karho circle ; and (5) Yingkiong circle.,38
ARUNACHAL PRADESH,EAST SIANG,35,PANGIN,ST,(1) Pangin circle ; and (2) Boleng circle.,38
ARUNACHAL PRADESH,EAST SIANG,36,NARI-KOYU,ST,Nari circle (including Koyu).,38
ARUNACHAL PRADESH,EAST SIANG,37,PASIGHAT WEST,ST,"(1) Ruksin circle ; and (2) Villages : 1. Mirem, 2. Bilat, 3.Ledum, 4. Mikong, 5. Rani (Pani), 6. Mi glung (Miklung), 7. Bimin (Bamin), 8. Teme, 9. Dogge, 10. Remi, 11. Miklok (Nilok) and 12. Sile Camp Bazar in PASIGHAT circle.",38
ARUNACHAL PRADESH,EAST SIANG,38,PASIGHAT EAST,ST,"(1) Pasighat Town ; and (2) Villages : 1. Valek, 2. Takilal ung (Takiralung), 3. Sibut, 4. Tekang, 5. Dapi, 6. Rume (Runne), 7. Royi ng, 8. Tigra, 9. Rongin (Ronging), 10. Rasam, 11. Mongku (Monku), 12. Kalek (Relek), 13. Mirku, 14. Mirbuk, 15. Boying, 16. Mirsan, 17. Napit, 18. Poying Pasighat), 19. Berung and 20. Yagrung in PASIGHAT circle.",38
ARUNACHAL PRADESH,EAST SIANG,39,MEBO,ST,Mebo circle.,38
ARUNACHAL PRADESH,EAST SIANG,40,MARIYANG- GEKU,ST,(1) Mariyang circle ; and (2) Geku circle.,38
ARUNACHAL PRADESH,DIBANG VALLEY,41,ANINI,ST,(1) Anini circle ; (2) Etalin circle ; (3) Anelih (Adane) circle ; and (4) Kronli circle.,38
ARUNACHAL PRADESH,DIBANG VALLEY,42,DAMBUK,ST,(1) Dambuk circle ; and (2) Villages of Roing circle NOT included in 43-Roing constituency.,38
ARUNACHAL PRADESH,DIBANG VALLEY,43,ROING,ST,"(1) Desali (Hunli) circle ; and (2) Villages : 1. Cheta I, 2. Cheta II, 3. Mayu, 4. Ibuk, 5. Raying, 6. Balek, 7. Chidu, 8. Elopa, 9. Ephoango, 10. Chamiri, 11. Koronu, 12. Injuno, 13. Simari, 14. Abango, 15. Itehuli, 16. Ithingo, 17. Iduli, 18. Itiango, 19. Marinda, 20. Ekesia, 21. Kando, 22. Irungo, 23. Ironda, 24. Jamowa, 25. Sisindo, 26. Itugu, 27. 8 KM, 28. Aliledo, 29. Ijungo, 30. Alambo, 31. Milin, 32. Bhishmak Nagar, 33. Injondo, 34. Amali, 35. Indule, 36. Khinjili, 37. Hydel Mode, 38. Itini and 39. Roing Headquarter in ROING circle.",39
ARUNACHAL PRADESH,LOHIT,44,TEZU,ST,(1) Tezu circle ; and (2) Sunpura circle.,39
ARUNACHAL PRADESH,LOHIT,45,HAYULIANG,ST,(1) Hayuliang circle ; (2) Changlongam (Metangliang) circle ; (3) Goiliang circle ; (4) Kibithoo circle ; (5) Walong circle ; and (6) Hawai circle.,39
ARUNACHAL PRADESH,LOHIT,46,CHOWKHAM,ST,(1) Chowkham circle ; and (2) Wakro circle.,39
ARUNACHAL PRADESH,LOHIT,47,NAMSAI,ST,Namsai circle.,39
ARUNACHAL PRADESH,LOHIT,48,LEKANG,ST,Lekang (Mahadevpur) circle.,39
ARUNACHAL PRADESH,CHANGLANG,49,BORDUMSA- DIYUM,,(1) Bordumsa circle ; and (2) Diyum (Deban) circle.,39
ARUNACHAL PRADESH,CHANGLANG,50,MIAO,ST,(1) Miao circle ; and (2) Vijoynagar circle.,39
ARUNACHAL PRADESH,CHANGLANG,51,NAMPONG,ST,"(1) Nampong circle ; and (2) Villages : 1. Manmao, 2. Wal onglat, 3. Sinwang, 4. Renuk, 5. Borsatam, 6. Hetbook, 7. New Bokpey, 8. Old Bokpey, 9. Kamloo, 10. Manmao HQ, 11. Sasum-I, 12. Sasum-II, 13. Jangman, 14. Mamdu, 15. Jongmo, 16. Ne w Lungsang and 17. New Manmao in MANMAO circle.",39
ARUNACHAL PRADESH,CHANGLANG,52,CHANGLANG SOUTH,ST,"(1) Khimiyong circle excluding Villages - Changra, Phusa (Phungsa) and Motong ; (2) Villages: 1. Ranglum, 2. Kangtang, 3. Longlung, 4. Saching, 5. Chingsa, 6. Bubang-I, 7. Bangh ill, 8. Poniyong, 9. Sohe, 10. Salang, 11. Rangram, 12. Bubang-II and 13. Longluk in CHANGLANG circle ; and (3) Villages : 1. Wasong, 2. Koir a, 3. Tikhakuk, 4. Hadap, 5. Phenbiro-I, 6. Phenbiro-II, 7. Po llo, 8. Kengnong, 9. Lyngok, 10. Lisan, 11. Jella, 12. Borl ungsang, 13. Harlugsang, 14. Kongtim, 15. Ngasajut, 16. Khet ua, 17. M. Bong, 18. Sinnang, 19. Chindong, 20. Riju, 21. Rima, 22. Ritang, 23. Lyuguk- I, 24. Lyuguk-II, and 25. Yukhi in MANMAO circle.",39
ARUNACHAL PRADESH,CHANGLANG,53,CHANGLANG NORTH,ST,"(1) Villages : 1. Kuthung, 2. Lengpha, 3. Hassang, 4. Kangkho, 5. Old Rongkhatu, 6. New Rongkhatu, 7. Changlang, 8. Khochep-I, 9. Longrang, 10. Watlom, 11. Yanka ng, 12. Namdang Forest, 13. Kangkhu, 14. Changlang HQ, 15. Saban, 16. Khongka, 17. Yunchumponthai, 18. Phaniak, 19. Rangban, 20. Phonsak, 21. Longkom, 22. Samlam, 23. Longtom, 24. Yokhi, 25. 13-Mile T.R. Camp, 26. Yunchum, 27. Nganong, 28. Longlong, 29. Lungpang, 30. Khongsa, 31. Saban-II, 32. Jomaroty, 33. Simirk, 34. Khochep-II, 35. Longri, 36. Laktang, 37. 14 Mile Camp, 38. 11 Mile Camp, 39. 4 MK Khutti, 40. Changlang Camp, 41. Lungrong, 42. Jongram, 43. Thamloni ; and 44. Amochaing in Changlang circle and (2) Villages : 45 Changra, 46. P husa (Phungsa) and 47. Motong in KHIMIYONG circle.",40
ARUNACHAL PRADESH,TIRAP,54,NAMSANG,ST,(1) Namsang circle EXCLUDING villages Borduria Range and Hukanjuri ; and (2) Villages : Wathin and Sumsipathar in KHONSA cicle.,40
ARUNACHAL PRADESH,TIRAP,55,KHONSA EAST,ST,"(1)Villages : 1. Lapnan, 2. Longbow, 3. Buting, 4. Khonsa Rural, 5. Khonsa HQ, 6. Lamsa, 7. Katang, 8. Lainwang, 9. Charju Project and 10. Kolagaon in KHONSA circle ; and (2) Villages : 11. Kothung (New), 12. Kothung (Old), 13. Nogna, 14. Tutnyu, 15. Kolem (Upper), 16. Kolem (Lower), 17. Thunjang, 18. Sanliam and 19. Pongkong in LAJU circle.",40
ARUNACHAL PRADESH,TIRAP,56,KHONSA WEST,ST,"(1) Villages : 1. Laho, 2. Dadam, 3. Ch inkoi, 4. Hukan, 5. Kheti, 6. Bera, 7. Kothin, 8. Moktowa and 9. Thinsa in KHONSA circle ; and (2) Villages : 10. Laju HQ, 11. Laj u Rural, 12. Upper Chinhan, 13. Lower Chinhan, 14. Noglo, 15. Long liang, 16. Raho, 17. Lower Senu and 18. Upper Senu in LAJU circle.",40
ARUNACHAL PRADESH,TIRAP,57,BORDURIA- BOGAPANI,ST,"(1) Villages : 1. Longo, 2. Tupi, 3. Lu thong, 4. Kaimai, 5. Borduria, 6. Laptang, 7. Bogapani, 8. Jungli camp, 9. Pullong, 10. Paniduria, 11, Khowathong, 12. Chas a, 13. Noksa, 14. Kapu, 15. 12 Mile, 16. Kamhua, 17. Holam, 18. Thirat Project and 19. Khela in KHONSA circle ; and (2) Villages : 20. Borduria Range and 21. Hukanjuri in NAMSANG circle.",41
ARUNACHAL PRADESH,TIRAP,58,KANUBARI,ST,Kanubari circle.,41
ARUNACHAL PRADESH,TIRAP,59,LONGDING- PUMAO,ST,(1) Longding circle ; and (2) Pumao circle.,41
ARUNACHAL PRADESH,TIRAP,60,PONGCHAO- WAKKA,ST,(1) Pongchao circle ; and (2) Wakka circle.,41
ASSAM,CACHAR,1,Ratabari,SC,Ratabari thana [excluding the villages specified in item (i) of the Appendix] in Karimganj sub-division.,43
ASSAM,CACHAR,2,Patharkandi,,Patharkandi thana [excluding the vill ages specified in item (2) of the Appendix] in Karimganj sub-division.,43
ASSAM,CACHAR,3,Karimganj North,,Karimganj town and the villages in Karimganj thana specified in item (3) of the Appendix in Karimganj sub-division.,43
ASSAM,CACHAR,4,Karimganj South,,Karimganj thana [excluding Kari mganj Town and the villages specified in items (3) and (4) of the Appendix] and the villages in Ratabari and Patharkandi thanas spec ified in items (1) and (2) of the Appendix in Karimganj sub-division.,43
ASSAM,CACHAR,5,Badarpur,,Badarpur thana and the villages in Karimganj thana specified in item (4) of the Appendix in Karimganj sub-division.,43
ASSAM,CACHAR,6,Hailakandi,,Circle No. 2 (excluding Lala town) in Hailakandi thana Hailakandi sub-division.,43
ASSAM,CACHAR,7,Katlichera,,Katlichera thana and Circle No. 3 (Part) and Lala town in Circle No. 2 in Hailakandi thana in Hailakandi sub-division.,43
ASSAM,CACHAR,8,Algapur,,Circle No. 1 in Hailakandi thana in Hailakandi sub-division; and circle Nos. 23 and 24 in Silchar thana in Silchar sub-division.,43
ASSAM,CACHAR,9,Silchar,,"Silchar municipality and circle Nos. 34, 36A, 36B and 37 in Silchar thana in silchar sub-division.",43
ASSAM,CACHAR,10,Sonai,,"Sonai thana [excluding circle Nos. 32 (Part), 65, 66, Boaligrant in circle No. 54 (Part) and Hill Punjee and forest villages] and circle Nos. 28 to 31 and 35 in Silchar t hana and circle No. 58 (Part) in Dholai thana in Silchar sub-division.",43
ASSAM,CACHAR,11,Dholai,SC,"Dholai thana [excluding circle No . 58 (Part)] circle Nos. 65, 66 and Hill Punjee and Forest villages in Sonai thana and circle Nos. 25,26 and CLEVER House T.E in circ le No. 27 (Part) and forest villages in Silchar thana in Silchar sub-division.",43
ASSAM,CACHAR,12,Udharbond,,"Udharbond thana and circle Nos. 32 (Part) and 33 in Silchar thana and circle Nos. 44, 45 and 46 in Lakhipur thana and circle No. 32 (Part) in Sonai thana in Silchar sub-division.",44
ASSAM,CACHAR,13,Lakhipur,,"Lakhipur thana (excluding circle Nos. 44, 45 and 46) and Boaligrant in circle No. 54 (Par t) in Sonai thana in Silchar sub- division.",44
ASSAM,CACHAR,14,Barkhola,,"Barkhola thana and circle Nos. 20, 21, 22 and 38 in Silchar thana in Silchar sub-division.",44
ASSAM,CACHAR,15,Katigora,,Katigora thana in Silchar sub-division,44
ASSAM,NORTH CACHAR HILLS,16,Haflong,ST,North Cachar Hills district,44
ASSAM,MIKIR HILLS,17,Bokajan,ST,Bokajan thana in Diphu sub-division,44
ASSAM,MIKIR HILLS,18,Howraghat,ST,Howraghat thana [excluding Langfer and Duardisa (Part-i) mouzas] in Diphu sub-division.,44
ASSAM,MIKIR HILLS,19,Diphu,ST,Diphu thana and Langfer and Duardisa (Part-I) mouzas in Howraghat thana in Diph.,44
ASSAM,MIKIR HILLS,20,Baithalangso,ST,Baithalangso thana in Hamren sub-division.,44
ASSAM,GOALPARA,21,Mankachar,,Mankachar thana and the villages in South Salmara thana specified in item (5) of the Appendix in Dhubri sub-division.,44
ASSAM,GOALPARA,22,Salmara South,,South Salmara thana [excluding the villages specified in items (5) and (6) of the Appendix] in Dhubri sub-division,44
ASSAM,GOALPARA,23,Dhubri,,Dhubri municipality and Dhubri t hana [excluding Gauripur Town Committee and the villages specified in item (7) of the Appendix] in Dhubri sub-division.,44
ASSAM,GOALPARA,24,Gauripur,,"Gauripur Town Committee and the villages in Dhubri thana specified in item (7) of the A ppendix, the villages in Golakganj thana specified in item (8) of t he Appendix, and the villages in Bilasipara thana specified in item (9) of the Appendix in Dhubri sub-division.",44
ASSAM,GOALPARA,25,Golakganj,,Golakganj thana [excluding the village s specified in item (8) of the Appendix] in Dhubri sub-division,45
ASSAM,GOALPARA,26,Bilasipara West,,"The villages in Bilasipara thana specified in item (10) of the Appendix, and Sapatgram town committee in Dhubri and Kokrajhar sub-divisions.",45
ASSAM,GOALPARA,27,Bilasipara East,,Bilasipara town committee and Bilasipara thana [excluding Sapatgram town committee ard the villages specified in items (9) and (10) of the Appendix] in Dhubri sub-division.,45
ASSAM,GOALPARA,28,Gossaigaon,,Gossaigaon thana [excluding the villages specified in item (II) of the Appendix and Ward Nos. 1 and 2 of Sapatgram town committee] in Kokrajhar sub-division.,45
ASSAM,GOALPARA,29,Kokrajhar West,ST,"The villages in Gossaigaon thana spec ified in item (11) of the Appendix and the villages in Kokraj har thana specified in item (12) of the Appendix, in Kokrajhar sub-division.",45
ASSAM,GOALPARA,30,Kokrajhar East,ST,Kokrajhar municipality and Kokr ajhar thana [excluding the villages specified in items (12) and (13) of the Appendix] in Kokrajhar sub-division.,45
ASSAM,GOALPARA,31,Sidli,ST,The villages in Kokrajhar thana s pecified in item (13) of the Appendix and Sidli thana in Kokrajhar sub-division.,45
ASSAM,GOALPARA,32,Bongaigaon,,Bongaigaon (Part) thana in Kokr ajhar sub-division; and Bongaigaon (Part) thana in Goalpara sub-division.,45
ASSAM,GOALPARA,33,Bijni,,Bijni thana [excluding the villages s pecified in item (14) of the Appendix] in Kokrajhar sub-division.,45
ASSAM,GOALPARA,34,Abhayapuri North,,The villages in Bijni thana specifi ed in item (14) of the Appendix in Kokrajhar sub-division; and the villages in Abhayapuri thana specified in item (15) of the Appendix in Goalpara sub-division,45
ASSAM,GOALPARA,35,Abhayapuri South,SC,Abhayapuri thana [excluding the villages specified in item (15) of the Appendix] in Goalpara sub-division.,45
ASSAM,GOALPARA,36,Dudhnai,ST,Dudhnai thana in Goalpara sub-division.,45
ASSAM,GOALPARA,37,Goalpara East,,Goalpara thana [excluding the villages specified in item (16) of the Appendix] in Goalpara sub-division.,45
ASSAM,GOALPARA,38,Goalpara West,,Lakhipur thana [excluding the villages specified in item (17) of the Appendix] and the villages in G oalpara thana specified in item (16) of the Appendix in Goalpara sub-division.,45
ASSAM,GOALPARA,39,Jaleswar,,The villages in Lakhipur thana spec ified in item (17) of the Appendix in Goalpara subdivision; and the villages specified in item (6) of the Appendix in Sout h Salmara thana in Dhubri sub- division.,46
ASSAM,KAMRUP,40,Sorbhog,,Sorbhog thana (excluding Bijni and Ruposi mouzas; in Barpeta sub-division.,46
ASSAM,KAMRUP,41,Bhabanipur,,"Bhabanipur mouza in Barpeta t hana; Bijni mouza in Sorbhog thana; and Hastinapur mouza in Pa tacharkuchithana, in Barpeta sub-division.",46
ASSAM,KAMRUP,42,Patacharkuchi,,"Manikpur, Uttar Bajali, Pub Bajali and Sariha mouzas in Patacharkuchi thana in Barpeta s ub-division; and Tihu mouza in Barama thana in Nalbari sub-division.",46
ASSAM,KAMRUP,43,Barpeta,,"Barpeta, Ghilajari and Howli mouzas in Barpeta thana in Barpeta sub-division.",46
ASSAM,KAMRUP,44,Jania,,Ruposi mouza in Sorbhog thana; Tit apani and Jania (Part) mouzas in Baghbar thana and Jania (Part) mouza in Barpeta thana in Barpeta sub-division.,46
ASSAM,KAMRUP,45,Baghbar,,Baghbar thana [excluding Jania (P art) and Titapani mouzas] in Barpeta sub-division.,46
ASSAM,KAMRUP,46,Sarukhetri,,"Sarukhetri, Paka and Betbari mouz as in Barpeta thana in Barpeta sub-division.",46
ASSAM,KAMRUP,47,Chenga,,Tarabari thana and Nowgaon mouza in Barpeta thana in Barpeta sub-division.,46
ASSAM,KAMRUP,48,Boko,SC,Boko thana (excluding Bongaon mouza) in Gauhati sub-division.,46
ASSAM,KAMRUP,49,Chaygaon,,Chaygaon thana (excluding Dakh in Sarubongsor mouza) and Bongaon mouza in Boko thana in Gauhati sub-division.,46
ASSAM,KAMRUP,50,Palasbari,,"Palasbari thana (excluding Dakhin Rani, Ramcharani and Bholagaon mouzas) and Dakhin Sar ubongsor mouza in Chaygaon thana in Gauhati sub-division.",46
ASSAM,KAMRUP,51,Jalukbari,,"Pub-Bongsor mouza in Hajo t hana, Sila Sinduri Ghopa mouza (Part) in Jalukbari thana, S ila Sinduri Ghopa mouza (Part) and Borbongsor mouza in Kamalpur thana, Sila Sinduri Ghopa mouza (Part) in Gauhati thana and Ward Nos. 3, 4, 6 and 7 in Gauhati city, in Gauhati sub-division.",46
ASSAM,KAMRUP,52,Dispur,,"Panbari, Sonapur, Dimoria and the v illages in Beltola mouza not included within Gauhati city and Ward Nos. 30, 31, 32, 33 and 34 in Gauhati city, in Gauhti sub-division.",47
ASSAM,KAMRUP,53,Gauhati East,,Ward Nos. 15 to 29 in Gauhati city in Gauhati sub-division.,47
ASSAM,KAMRUP,54,Gauhati West,,"Dakhin Rani, Ram Charani and Bholagaon mouzas in Palasbari thana and Ward Nos. 1, 2, 5 and 8 to 14 in Gauhati city in Gauhati sub-division.",47
ASSAM,KAMRUP,55,Hajo,,"Hajo thana (excluding Pub-Bongsor mouza) and Paschim Borigog mouza in Rangiya thana, in Gauhati sub-division.",47
ASSAM,KAMRUP,56,Kamalpur,,Kamalpur thana [excluding Ba rbongsor and Sila Sinduri Ghopa (Part) mouza] and Pub-Kacharimah al mouza in Rangiya thana in Gauhati sub-division.,47
ASSAM,KAMRUP,57,Rangiya,,Rangiya thana (excluding Pub-Kac harimahal and Paschim Borigog mouzas) in Gauhati sub-division.,47
ASSAM,KAMRUP,58,Tamulpur,,Tamulpur thana in Nalbari sub-division.,47
ASSAM,KAMRUP,59,Nalbari,,"Khata, Paschim Banbhag, Pub- Banbhag, Bahjani and Batahghila mouzas in Nalbari thana in Nalbari sub-division.",47
ASSAM,KAMRUP,60,Barkhetry,,"Paschim Barkhetry, Madhyam Barkhetry, Pub-Barkhetry, Uttar Barkhetry and Upper Barbhag mouzas in Nalbari thana in Nalbari sub-division.",47
ASSAM,KAMRUP,61,Dharmapur,,"Dharmapur, Khetri Dharmapur, Pa kowa and Natun Dehar mouzas in Nalbari thana in Nalbari subdivision.",47
ASSAM,KAMRUP,62,Barama,ST,"Barama thana (excluding Tihu, Uttar Baska and Dakshin Baska mouzas) in Nalbari sub-division.",47
ASSAM,KAMRUP,63,Chapaguri,ST,Chapaguri and Kaklabari mouzas and Reserved forest in Patacharkuchi thana in Barpeta subdivision; and Uttar Baska and Dakhin Baska mouzas in Barama thana in Nalbari sub-division.,47
ASSAM,DARRANG,64,Panery,,Panery thana [excluding Hari Si nga and Ambagaon (Part) mouzas] in Mangaldoi sub-division.,47
ASSAM,DARRANG,65,Kalaigaon,,Kalaigaon thana [excluding Sarabari (Part) mouza] in Mangaldoi sub-division.,47
ASSAM,DARRANG,66,Sipajhar,,"Mangaldoi thana [excluding Chapai, Rangamati, Samabari (Part) and Dahi mouzas] and Sarabari (Part) mouza in Kalaigaon thana in Mangaldoi sub-division.",47
ASSAM,DARRANG,67,Mangaldoi,SC,"Chapai, Rangamati, Samabari (P art) and Dahi mouzas in Mangaldoi thana in Mangaldoi sub-division.",48
ASSAM,DARRANG,68,Dalgaon,,Dalgaon thana [excluding Orang (Part) mouza]; in Mangaldoi sub- division.,48
ASSAM,DARRANG,69,UdalgUri,ST,Udalguri thana [excluding Barsila jhar and Orang (Part) mouzas] and Hari Singa and Ambagaon (Part) m ouzas in Panery thana in Mangaldoi sub-division.,48
ASSAM,DARRANG,70,Majbat,,"Majbat thana, Orang (Part) mouz a in Dalgaon thana, Orang (Part) and Barsilajhar mouzas in U dalguri thana in Mangaldoi sub- division.",48
ASSAM,DARRANG,71,Dhekiajuli,,Dhekiajuli thana (excluding Barchalla and Borgaon mouzas) in Tezpur sub-division.,48
ASSAM,DARRANG,72,Barchalla,,"Barchalla and Borgaon mouzas in Dhekiajuli thana and Bihaguri and Bahbari (Part) mouzas in Tezpur thana, in Tezpur sub-division.",48
ASSAM,DARRANG,73,Tezpur,,"Tezpur thana [excluding Bihaguri, Bahbari (Part) and Garaimari mouzas] in Tezpur sub-division.",48
ASSAM,DARRANG,74,Rangapara,,Rangapara thana (excluding Charduar mouza) and Garaimari mouza in Tezpur thana in Tezpur sub-division.,48
ASSAM,DARRANG,75,Sootea,,"Charduar mouza in Rangapara t hana and Murhadal, Chilabandha, Barbhagia and Nagsankar mouzas in Sootea thana in Tezpur sub- division.",48
ASSAM,DARRANG,76,Biswanath,,"Sootea thana [excluding Baghmara (Part), Murhadal, Chilabandha, Barbhagia and Nagsankar mouzas] in Tezpur sub-division.",48
ASSAM,DARRANG,77,Behali,,Behali thana [excluding Halem and Brohmajan (Part) mouzas] and Baghmara (Part) mouza in Sootea thana in Tezpur sub-division.,48
ASSAM,DARRANG,78,Gohpur,,Gohpur thana and Halem and Brohmajan (Part) mouzas in Behali thana in Tezpur sub-division.,48
ASSAM,NOWGONG,79,Jagiroad,SC,"Jagiroad thana and Pakaria, U ttar Khula (Part) and Ghagua mouzas in Marigaon thana in Marigaon sub-division.",48
ASSAM,NOWGONG,80,Marigaon,,"Marigaon thana [excluding Pakaria, Uttar Khula (Part) and Ghagua mouzas], Mikirbheta thana (excludi ng Silpukhuri mouza) in Marigaon sub-division; and Barapujia mouza in Raha thana in Nowgong sub-division.",48
ASSAM,NOWGONG,81,Laharighat,,Laharighat thana (excluding Moir abari mouza) in Marigaon sub- division.,48
ASSAM,NOWGONG,82,Raha,SC,Raha thana (excluding Barapujia mouza); and Kampur thana (excluding Kampur mouza) in Nowgong sub-division.,49
ASSAM,NOWGONG,83,Dhing,,"Dhing mouza in Dhing thana, Alitangani mouza in Rupohihat thana in Nowgong sub-division; and Moir abari mouza in Laharighat thana in Marigaon sub-division.",49
ASSAM,NOWGONG,84,Batadroba,,Dhing thana (excluding Dhing mouzah;) Hatichong Mouza in Nowgong thana in Nowgong sub-divi sion; and Silpukhuri Mouza in Mikirbheta thana in Marigaon sub-division.,49
ASSAM,NOWGONG,85,Rupohihat,,Rupohihat thana (excluding Alitangani and Lawkhoa mouzas) in Nowgong sub-division.,49
ASSAM,NOWGONG,86,Nowgong,,Nowgong Town mouza and Kachamar i and Pakhimaria mouzas in Nowgong thana in Nowgong sub-division.,49
ASSAM,NOWGONG,87,Barhampur,,"Nizsahar, Singia Potani and Kondo li mouzas in Nowgong thana, Kampur Mouza in Kampur thana- Kathiatali Mouza in Jamunamukh thana, and Chalchali Mouza in Samaguri thana, in Nowgong sub- division.",49
ASSAM,NOWGONG,88,Samaguri,,Samaguri thana (excluding Chalc hali and Duarsalna mouzas) and Lawkhoa mouza in Rupohihat thana in Nowgong sub-division.,49
ASSAM,NOWGONG,89,Kaliabor,,Kaliabor thana and Duarsalna m ouza in Samaguri thana in Nowgong sub-division.,49
ASSAM,NOWGONG,90,Jamunamukh,,Jamunamukh mouza in Jamunamuk h thana and Morajhar thana in Nowgong sub-division.,49
ASSAM,NOWGONG,91,Hojai,,Hojai thana and Lanka mouza in Lanka thana in Nowgong sub- division.,49
ASSAM,NOWGONG,92,Lumding,,Lumding thana and Kaki (part) m ouza in Lanka thana in Nowgong sub-division.,49
ASSAM,SIBSAGAR,93,Bokakhat,,Bokakhat thana; Mahur a mouza in Golaghat thana; and Rangamati mouza in Dergaon thana in Golaghat sub-division.,49
ASSAM,SIBSAGAR,94,Sarupathar,,Sarupathar thana; and Morongi m ouza in Golaghat thana in Golaghat sub-divijion.,49
ASSAM,SIBSAGAR,95,Golaghat,,"Ghiladhari, Kacharihata Athgaon and Mowkhow, mouzas (including Golaghat town) in Golaghat thana in Golaghat sub-division.",49
ASSAM,SIBSAGAR,96,Khumtai,,"Khumtai, Dhekial and Dakhinhengera mouzas in Golaghat thana; and Dergaon thana (excluding Dergaona Kakodanga and Rangamati mouzas) in Golaghat sub-division.",49
ASSAM,SIBSAGAR,97,Dergaon,SC,"Dergaon and Kakodanga mouzas in Dergaon thana in Golaghat sub-division; and Porbotia, Khangia, Sarucharai and Baligaon mouzas in Jorhat thana in Jorhat sub-division.",50
ASSAM,SIBSAGAR,98,Jorhat,,"Jorhat thana (excluding Porbotia , Khangia, Sarucharai, Baligaon and Hatigarh mouzas) in Jorhat sub-division.",50
ASSAM,SIBSAGAR,99,Majuli,ST,Majuli thana in Jorhat sub-division.,50
ASSAM,SIBSAGAR,100,Titabar,,Titabar thana in Jorhat sub-division.,50
ASSAM,SIBSAGAR,101,Mariani,,"Mariani thana; and Lahing mouza in Teok thana and Tiru Hill Reserve Forest, in Jorhat sub-division.",50
ASSAM,SIBSAGAR,102,Teok,,Teok thana (excluding Lahing mouza) and Hatigar mouza in Jorhat thana in Jorhat sub-division.,50
ASSAM,SIBSAGAR,103,Amguri,,Amguri thana and Dopdar (part) mouza in Nazira thana in Sibsagar sub-division.,50
ASSAM,SIBSAGAR,104,Nazira,,Nazira thana [excluding Dopdar ( part) and Silakuti mouzas] in Sibsagar sub-division.,50
ASSAM,SIBSAGAR,105,Mahmara,,Maranhat thana and Silakuti mouza in Nazira thana in Sibsagar sub-division.,50
ASSAM,SIBSAGAR,106,Sonari,,Sonari thana in Sibsagar sub-division.,50
ASSAM,SIBSAGAR,107,Thowra,,"Panidihing, Nitaipukhuri, Thowra and Bakata mouzas in Sibsagar thana in Sibsagar sub-division.",50
ASSAM,SIBSAGAR,108,Sibsagar,,"Sibsagar thana (excluding Panidi hing, Nitaipukhuri, Thowra and Bakata mouzas) in Sibsagar sub-division.",50
ASSAM,LAKHIMPUR,109,Bihpuria,,Bihpuria thana (excluding Laluk m ouza) in North Lakhimpur sub- division.,50
ASSAM,LAKHIMPUR,110,Naoboicha,,Laluk mouza in Bihpuria thana and Naoboicha mouza in North Lakhimpur thana in North Lakhimpur sub-division.,50
ASSAM,LAKHIMPUR,111,Lakhimpur,,North Lakhimpur thana (excludi ng Naoboicha and Kadam mouzas) in North Lakhimpur sub-division.,50
ASSAM,LAKHIMPUR,112,Dhakuakhana,ST,Kadam mouza in North Lak himpur thana and Gohain and Dhakuakhana mouzas in Dhakuak hana thana in Dhemaji sub- division.,50
ASSAM,LAKHIMPUR,113,Dhemaji,ST,Dhakuakhana thana (excluding Gohain and Dhakuakhana mouzas) and Dhemaji mouza in Dhemaji t hana in Dhemaji sub-division.,51
ASSAM,LAKHIMPUR,114,Jonai,ST,Sissi mouza in Dhemaji thana and Jonai thana in Dhemaji sub- division.,51
ASSAM,DIBRUGARH,115,Moran,,Moran thana (excluding Lengeri mouza) and Lorua mouza in Dibrugarh thana in Dibrugaih sub-division.,51
ASSAM,DIBRUGARH,116,Dibrugarh,,Jamirah and Dibrugarh mouzas in Dibrugarh thana in Dibrugarh sub-division.,51
ASSAM,DIBRUGARH,117,Lahowal,,"Mancatta, Moderkhat, Lahowal and R ahmoria mouzas in Dibrugarh thana in Dibrugrah sub-division.",51
ASSAM,DIBRUGARH,118,Duliajan,,Bordubi thana (part) in Dibrugarh sub-division.,51
ASSAM,DIBRUGARH,119,Tingkhong,,Lengeri mouza in Moran thana and Tingkhong mouza in Joypur thana in Dibrugarh sub-division.,51
ASSAM,DIBRUGARH,120,Naharkatia,,Joypur thana (excluding Tingk hong mouza) in Dibrugarh sub- division.,51
ASSAM,DIBRUGARH,121,Chabua,,"Chabua thana and Ghorbondi (part) mouz a in Tinsukia thana (part) in Dibrugarh sub-division; and Rangagora, Ghorbondi (part) and Bogdung (part) mouzas in Tinsukia thana (part) in Tinsukia sub- division.",51
ASSAM,DIBRUGARH,122,Tinsukia,,Bardubi thana (part) and Tinsukia mouza in Tinsukia thana in Tinsukia sub-division.,51
ASSAM,DIBRUGARH,123,Digboi,,"Digboi thana [excluding Tirap ( part) and Buridihing mouzas], Hapjan (part) and Tingrai (part) mouzas in Tinsukia thana and Tingrai (part) mouza in Doom Dooma thana in Tinsukia sub- division.",51
ASSAM,DIBRUGARH,124,Margherita,,Margherita thana and Tirap (part) and Buridihing mouzas in Digboi thana in Tinsukia sub-division.,51
ASSAM,DIBRUGARH,125,Doom Dooma,,Doom Dooma and Hapj an (part) mouzas and the villages in Saikhowa mouza specified in item (18) of the Appendix in Doom Dooma thana in Tinsukia sub-division.,51
ASSAM,DIBRUGARH,126,Sadiya,,Sadiya thana and Saikhowa mouz a [excluding the villages specified in item ( 18) of Appendix] in Doom Dooma thana in Tinsukia sub-division.,51
BIHAR,PASCHIM CHAMPARAN,1,Valmiki Nagar,,"CD Blocks Piprasi, Madhubani, Thakr ahan & Bhitaha; Gram Panchayats Valmiki Nagar, Laxmipur Rampurwa , Santpur Soharia, Champapur Gonauli, Naurangia Dar dari, Mahuawa Katharaw a, Harnatand, Balua Chhatraul, Dewaria Taruanwa, Bharachhi, Belahawa Madanpur, Bakuli Panchgwa, Binwalia Bodhser, Na yagaon Rampur, Mangalpur Ausani, Borawal Narawal, Semra Katkuiya, Yamunapur Tadwalia, Jimari Nautanawa & Dholbajwa Laxmipur of Sidhaw CD Block.",75
BIHAR,PASCHIM CHAMPARAN,2,Ramnagar,SC,CD Blocks Ramnagar & Gaunaha.,75
BIHAR,PASCHIM CHAMPARAN,3,Narkatiaganj,,"Gram Panchayats Dhumnagar, Shikarpu r, Hardi Tedha, Semari, Manwa Parsi, Chamua, Nautanwa, Dumaria, Binawalia, Maldahiya Pokhariya, Kehunia Roari, Parorahan, Purainia Ha rsari, Rajpur Tumkaria, Sugauli, Kundilpur, Bheriharwa, Gokhula, Ke sharia, Kukura, Serahwa, Rakahi Champapur, Banwaria, Bhasurari & Na rkatiaganj (NA) of Narkatiganj CD Block; Gram Panchayats Telpur , Deurawa, Bagahi Basawaria, Dhobini, Gonauli Dumra & Lakar Sisai of Lauriya CD Block.",75
BIHAR,PASCHIM CHAMPARAN,4,Bagaha,,"CD Block Bagaha inlcluding Nagar Parishad Bagaha; Gram Panchayats Bairagi, Sonbarsha, Vairati Bariarwa, Kharhat Tribhauni, Chamawalia & Paikwalia Maryadpur of Sidhaw CD Block.",75
BIHAR,PASCHIM CHAMPARAN,5,Lauriya,,"CD Block Yogapatti; Gram Panchayats Siswania, Kataiya, Marahiya Pakari, Mathia, Lauriya, Belwa Lakhanpur, Gobaraura, Bahuarwa, Dhobani Dharampur, Dhamaura, Dani yal Prasauna, Sathi, Singhpur Satawaria, Basantpur & Baswariy a Parautola of Lauriya CD Block.",75
BIHAR,PASCHIM CHAMPARAN,6,Nautan,,CD Blocks Bairiya & Nautan.,75
BIHAR,PASCHIM CHAMPARAN,7,Chanpatia,,"CD Block Chanpatia; Gram Panchayats Chanayan Bandh, Mahana Gani, Ratanmala, Sarisawa, Bara wa Semaraghat, Harpur Garawa, Dumari, Mahanwa Rampurwa, Dhok arahan, Baithania Bhanachak & Nautan Khurd of Majhaulia CD Block.",75
BIHAR,PASCHIM CHAMPARAN,8,Bettiah,,"CD Block Bettiah; Gram Panchayat s Mohaddipur, Majhaulia, Parsa, Bahuarawa, Gudara, Jaukatia, Bak haria, Rulahi, Rajabhar, Karamawa, Lal Saraiya, Ramnagar Bankat, Amawa Majhar, Majharia Sheikh, Ahawar Kuria, Madhopur, Senuwaria & Bishambharpur of Majhaulia CD Block.",76
BIHAR,PASCHIM CHAMPARAN,9,Sikta,,"CD Blocks Mainatanr & Sikta; Gram Panchayats Barawa Barauli, Somgarh & Bhavta of Narkatiaganj CD Block.",76
BIHAR,PURVI CHAMPARAN,10,Raxaul,,CD Blocks Raxaul & Adapur.,76
BIHAR,PURVI CHAMPARAN,11,Sugauli,,CD Blocks Ramgarhwa & Sugauli.,76
BIHAR,PURVI CHAMPARAN,12,Narkatia,,"CD Blocks Banjaria, Chhauradano (Narkatia) & Bankatwa.",76
BIHAR,PURVI CHAMPARAN,13,Harsidhi,SC,CD Blocks Turkaulia & Harsidhi.,76
BIHAR,PURVI CHAMPARAN,14,Govindganj,,"CD Blocks Paharpur & Areraj; Gram Panchayats Paschimi Sangrampur, Purbi Sangrampur & Dakshani Bariyaria of Sangrampur CD Block.",76
BIHAR,PURVI CHAMPARAN,15,Kesaria,,"CD Block Kesaria; Gram Panchayat s Uttari Bariyaria, Paschhimi Madhubani, Uttari Madhubani, Dakshani Madhubani, Purbi Madhubani, Bhatwalia, Barwa, Bariyaria Tolara jpur, Uttari Bhawanipur, Dakshini Bhawanipur & Dumariya of Sangram pur CD Block; Gram Panchayats Dilawarpur, Rajpur, Darmaha, Raghunat hpur, Medan Sirisiya & Pipra Khem of Kalyanpur CD Block.",76
BIHAR,PURVI CHAMPARAN,16,Kalyanpur,,"CD Block Kotwa; Gram Panchayats Parsauni Wazid, Bakhri, Kalyanpur, Barharwa Mahanand, Siswa Shobh, Brindaban, Pakari Dixit, Siswa Kharar, Patna, Gariba, Shambhu C hak, Sitalpur, Koela Belwa, Bhuwan Chhapra, Banshghat, North Gawandr a, South Gawandra & Mani Chhapra of Kalyanpur CD Block.",76
BIHAR,PURVI CHAMPARAN,17,Pipra,,"CD Blocks Chakia (Pipra), Tetaria & Mehsi.",76
BIHAR,PURVI CHAMPARAN,18,Madhuban,,"CD Blocks Madhuban, Pakridayal & Phenhara.",76
BIHAR,PURVI CHAMPARAN,19,Motihari,,CD Block Motihari including Nagar Pari shad Motihari & Lautnaha (NA) & CD Block Piprakothi.,76
BIHAR,PURVI CHAMPARAN,20,Chiraia,,CD Blocks Chiraiya & Patahi.,76
BIHAR,PURVI CHAMPARAN,21,Dhaka,,CD Blocks Ghorasahan & Dhaka.,76
BIHAR,SHEOHAR,22,Sheohar,,"CD Blocks Piprarhi, Sheohar, Dumri Katsari & Purnahiya. (#) Tariani Chowk CD Block of S hoehar District has been included in 30-Belsand AC of Sitamarhi District.",77
BIHAR,SITAMARHI,23,Riga,,"CD Blocks Bairgania, Suppi & Riga.",77
BIHAR,SITAMARHI,24,Bathnaha,SC,"CD Blocks Majorganj & Bathnaha; Gram Panchayats Bagha, Khap Khopraha, Marpa, Kanhauli, Kachor , Bhutahi, Madhesra, Ghurghura Hanuman Nagar & Bishanpur Gonahi of Sonbarsha CD Block.",77
BIHAR,SITAMARHI,25,Parihar,,"CD Block Parihar; Gram Panchay ats Sonbarsa, Purandaha Rajwara Paschimi, Purandaha Rajwara Purvi, I ndarwa, Pipra Parsain, Jainagar, Madhiya, Singhwahini, Bhaluaha, Bi shunpur Aadhar & Dostia of Sonbarsha CD Block.",77
BIHAR,SITAMARHI,26,Sursand,,"CD Blocks Charaut, Sursand & Pupri.",77
BIHAR,SITAMARHI,27,Bajpatti,,"CD Blocks Bajpatti & Bokhara; Gr am Panchayats Birar, Bhadiyan, Janipur, Bahera Jahidpur, Dorpur, Maj haur, Rasulganj Urf Koili, Nanpur Uttari, Nanpur Dakshini, Dadri, Si rsi & Gauri of Nanpur CD Block.",77
BIHAR,SITAMARHI,28,Sitamarhi,,CD Block Dumra.,77
BIHAR,SITAMARHI,29,Runnisaidpur,,"CD Block Runnisaidpur; Gram Panc hayats Gaura, Mohini, Pandaul Buzurg, Bath Asli & Kauria Raipur of Nanpur CD Block.",77
BIHAR,SITAMARHI,30,Belsand,,"CD Blocks Belsand, Parsauni of Sitamarhi District & (#) Tariani Chowk CD Block of Sheohar District.",77
BIHAR,MADHUBANI,31,Harlakhi,,"CD Blocks Madhwapur & Harlakhi; Gram Panchayats Karhara, Samada, Salha, Teoth, Mahamadpur, Betauna & Manpaur of Benipatti CD Block.",77
BIHAR,MADHUBANI,32,Benipatti,,"CD Block Kaluahi; Gram Panchayat s Bishunpur, Basaitha, Behata, Bankata, Pali, Parsauna, Dhagjara, Barhampura, Akaur, Nagwas, Naokarhi, Parkhauli Tikuli, Anrer Sout h, Anrer North, Paraul, Parjuar, Dhanga, Mureth, Nagdah Balain, K apasia, Barri, Shahpur, Meghben, Benipatti, Ganguli & Kataia of Benipatti CD Block.",77
BIHAR,MADHUBANI,33,Khajauli,,"CD Blocks Basopatti & Jainagar; Gram Panchayats Nararh East, Mahua Ekdara, Datwar, Sarabe, Rasidpur , Betakakarghati & Khajauli of Khajauli CD Block.",77
BIHAR,MADHUBANI,34,Babubarhi,,"CD Blocks Babubarhi & Ladania; Gram Panchayats Suki, Kanhauli, Bhakua, Chandardih, Inar wa, Chandargobraura North & Chandargobraura South of Khajauli CD Block.",78
BIHAR,MADHUBANI,35,Bisfi,,"CD Block Bisfi; Gram Panchayats Satl akha, Rahika, Saurath, Najirpur, Jagatpur, Kakraul North, Ka kraul South, Malangia, Ba sauli, Sapta, Ijra & Hasanpur of Madhubani CD Block.",78
BIHAR,MADHUBANI,36,Madhubani,,"CD Block Pandaul; Gram Panchayats Basuara, Bhachhi, Bhavara, Lachhminagar, Sonaur, Maksuda, K hajuri, Shambhuar, Sundarpur Bhitthi, Balia & Madhubani (M) of Madhubani CD Block.",78
BIHAR,MADHUBANI,37,Rajnagar,SC,CD Blocks Rajnagar & Andhratharhi.,78
BIHAR,MADHUBANI,38,Jhanjharpur,,"CD Blocks Jhanjharpur & Lakhnaur; Gram Panchayats Pachahi, Parsad, Banki, Bhit Bhagwanpur, Mahasingh Ha sauli & Parwalpur of Madhepur CD Block.",78
BIHAR,MADHUBANI,39,Phulparas,,"CD Block Ghoghardiha; Gram Panc hayats Mahindwar, Dharamdiha, Goriari, Mahathour Khurd, Siswar Barhi, Phulparas & Ramnagar of Phulparas CD Block; Gram Panchayat s Sunder Birajit, Matras, Tardiha, Mahisan, Madhepur East, Madhepur We st, Nawada, Karhara, Dara, Doalakh, Mahpatia, Basipatti, Ga rhgaon, Bhakrain, Bath, Bakwa, Bhargawan, Barsham, Bheja & Rohua Sangram of Madhepur CD Block.",78
BIHAR,MADHUBANI,40,Laukaha,,"CD Blocks Laukaha & Laukahi; Gram Panchayats Bathnaha, Gohumabairia, Saini, Dhanouja, S ugapatti, Kalapatti & Siswar of Phulparas CD Block.",78
BIHAR,SUPAUL,41,Nirmali,,"CD Blocks Nirmali, Raghopur & Saraigarh Bhaptiyahi.",78
BIHAR,SUPAUL,42,Pipra,,"CD Blocks Kishanpur & Pipra; Gram Panchayats Veena, Laudh, Karhio, Amha, Hardi East, Hardi West of Supaul CD Block.",78
BIHAR,SUPAUL,43,Supaul,,"CD Block Marauna; Gram Panchayats Gopalpur Sire, Bakaur, Ghuran, Baruari, Pipra Khurd, Ramdatt Patti , Balwa, Karnpur, Laukha, Basbitti, Goth Baruari, Ekma, Balha, Bairo, Sukhpur Solhni, Telwa, Bairiya, Chainsinghpatti, Malhni, Parsarma Parsauni & Supaul (M) of Supaul CD Block.",78
BIHAR,SUPAUL,44,Triveniganj,SC,CD Blocks Pratapganj & Triveniganj.,78
BIHAR,SUPAUL,45,Chhatapur,,CD Blocks Basantpur & Chhatapur.,78
BIHAR,ARARIA,46,Narpatganj,,"CD Block Narpatganj; Gram Panchayat s Bhargama, Jainagar, Khajuri, Kushmaul, Manullahpatti, Paikpar, Raghunathpur North, Raghunathpur South, Rampur Aadi, Shankarpur, Simarbani, Sirsiya Hanumanganj & Sirsiya Kala of Bhargama CD Block.",79
BIHAR,ARARIA,47,Raniganj,SC,"CD Block Raniganj; Gram Panchayats Birnagar East, Birnagar West, Dhaneshwari, Haripur Kala, Khut ha Baijnathpur, Naya Bhargama & Vishaharia of Bhargama CD Block.",79
BIHAR,ARARIA,48,Forbesganj,,CD Block Forbesganj.,79
BIHAR,ARARIA,49,Araria,,CD Block Araria including Nagar Parishad Araria.,79
BIHAR,ARARIA,50,Jokihat,,"CD Block Jokihat; Gram Panchayat s Barahkumba, Bhikha, Nakta Khurd, Pakri, Pechaili, Ramnagar, Sohandar, Suksaina, Majlispur, Kujri & Miyanpur of Palasi CD Block.",79
BIHAR,ARARIA,51,Sikti,,"CD Blocks Kursakanta & Sikti; Gram Panchayats Balua Kaliyaganj, Baradbatta, Chouri, Dehti North, D ehti South, Dharamganj, Dighli, Kankhudia, Pipra Bijwar & Chahatpur of Palasi CD Block.",79
BIHAR,KISHANGANJ,52,Bahadurganj,,"CD Blocks Terhagachh & Bahadurganj; Gr am Panchayats Patharghatti, Ghangra & Lachhmipur of Dighalbank CD Block.",79
BIHAR,KISHANGANJ,53,Thakurganj,,"CD Block Thakurganj; Gram P anchayats Singhimari, Lohagarha, Satkauwa, Dighalbank, Dhantola, Kar uamani, Mangra, Jagir Padampur, Tarabari Padampur, Ikra, Dahibhat, Atgachhia & Tulshia of Dighalbank CD Block.",79
BIHAR,KISHANGANJ,54,Kishanganj,,"CD Block Pothia; Gram Panchayats Motihara Toluka, Singhia Kulamani, Halamala, Taisa & Kishanganj (M) of Kishangan CD Block.",79
BIHAR,KISHANGANJ,55,Kochadhaman,,"CD Block Kochadhamin; Gram Panchay ats Belwa, Gachhpara, Chakla, Mehangaon, Daula & Pichhla of Kishanganj CD Block.",79
BIHAR,PURNIA,56,Amour,,CD Blocks Amour & Baisa.,79
BIHAR,PURNIA,57,Baisi,,CD Blocks Baisi & Dagarua.,79
BIHAR,PURNIA,58,Kasba,,"CD Blocks Kasba, Srinagar & Jalal garh; Gram Panchayats Kohbara, Bela Rikabganj & Jhunni Istambrar of Krityanand Nagar CD Block.",80
BIHAR,PURNIA,59,Banmankhi,SC,"CD Block Banmankhi; Gram Panchayat s Aurahi, Barhara Kothi, Dibara Dhani, Gouripur, Latraha, Mulkiya, Nipania, Rustampur, Sukhsena East, Sukhsena West & Matihani of Barhara Kothi CD Block.",80
BIHAR,PURNIA,60,Rupauli,,"CD Blocks Bhawanipur & Rupauli; Gram Panchayats Aurlaha, Bhatsara, Laxmipur, Nathpur, Patraha, Arbanna C hakla, Thari & Basudeopur of Barhara Kothi CD Block.",80
BIHAR,PURNIA,61,Dhamdaha,,"CD Block Dhamdaha; Gram Panc hayats Banbhag Chunapur, Bithnouli Khemchand East, Bithnouli Khemc hand West, Ganeshpur, Gangaili, Gowasi, Kajha, Majra, Parora, Rahuw a, Sahara, Satkodariya, Gokulpur, Jagni & Pothia Rampur of Krityanand Nagar CD Block.",80
BIHAR,PURNIA,62,Purnia,,CD Block Purnia East including Nagar Parishad Purnia East.,80
BIHAR,KATIHAR,63,Katihar,,CD Block Katihar including Nagar Parishad Katihar & CD Block Hasanganj.,80
BIHAR,KATIHAR,64,Kadwa,,CD Blocks Kadwa & Dandkhora.,80
BIHAR,KATIHAR,65,Balrampur,,CD Blocks Balrampur & Barsoi.,80
BIHAR,KATIHAR,66,Pranpur,,CD Blocks Azamnagar & Pranpur.,80
BIHAR,KATIHAR,67,Manihari,ST,"CD Blocks Mansahi, Manihari & Amdabad.",80
BIHAR,KATIHAR,68,Barari,,"CD Blocks Barari, Sameli & Kursela.",80
BIHAR,KATIHAR,69,Korha,SC,CD Blocks Falka & Korha.,80
BIHAR,MADHEPURA,70,Alamnagar,,"CD Blocks Puraini, Alamnagar & C hausa; Gram Panchayats Rahta Phanhan, Nayanagar, Sahjadpur, Lashkari, Manjora, Jotaili, Khara, Budhma & Gopalpur of Udakishunganj CD Block.",80
BIHAR,MADHEPURA,71,Bihariganj,,"CD Blocks Gwalpara & Bihariganj; Gram Panchayats Biriranpal, Madhuban, Rampur Khora, Kishunganj, Lakshmipur, Barahi Anadpura & Pipra Karoti of Uda Kishunganj CD Block; Gram Panchayats Haripur Kala, Digghi, Singiyon, Raghunathpur, Kolhaypatti Dumriya, Rajni, Gangapur, Dinapatti Sakhuwa, Pokhram Parmanadpur, Jorgama, Rampur & Murliganj (NA) of Murliganj CD Block.",80
BIHAR,MADHEPURA,72,Singheshwar,SC,"CD Blocks Singheshwar, Shankarpur & Kumarkhand.",81
BIHAR,MADHEPURA,73,Madhepura,,"CD Blocks Ghamharia, Ghailadh, M adhepura; Gram Panchayats Belo, Nadhi, Jitapur, Bhatkhora, Tamot Parsa & Parwa Navtol of Murliganj CD Block.",81
BIHAR,SAHARSA,74,Sonbarsha,SC,"CD Blocks Patarghat, Sonbarsha & Banma Itahri.",81
BIHAR,SAHARSA,75,Saharsa,,CD Block Kahara including Nagar Pari shad Saharsa & CD Block Saur Bazar.,81
BIHAR,SAHARSA,76,Simri Bakhtiarpur,,"CD Blocks Simri Bakhtiarpur & Salk hua; Gram Panchayats Ghoghepur, Jhara, Aeina, Maheshi North, M aheshi South, Rajanpur, Sirwar & Naharwar of Mahishi CD Block.",81
BIHAR,SAHARSA,77,Mahishi,,"CD Blocks Nauhatta & Sattar Katiya ; Gram Panchayats Baghwa, Birgaun, Manwar, Telwa West, Te lwa East, Bhalahi, Kundah, Mahisarho, Telhar, Pastpar & Arapatti of Mahishi CD Block.",81
BIHAR,DARBHANGA,78,Kusheshwar Asthan,SC,"CD Blocks Kusheshwar Asthan & Kus heshwar Asthan Purbi; Gram Panchayats Uchhti, Afzala, Akbarpur Baink, Sonpur Paghari, Ganaura Tarwara, Ladaho, Pokhram North & Pokhram South of Biraul CD Block.",81
BIHAR,DARBHANGA,79,Gaura Bauram,,"CD Blocks Gaura Bauram & Kiratpur; Gram Panchayats Kahua, Neuri, Bhawanipur, Rohar Mahmuda, Parri, Itwa Shivnagar, Supaul, Biraul, Sahsaram, Ramnagar, Dumri, Patania & Saho of Biraul CD Block.",81
BIHAR,DARBHANGA,80,Benipur,,"CD Block Benipur; Gram Panchay ats Baghauni, Baheri East, Baheri West, Dohat Narayan, Hawidih North, Hawidih South, Hawidih Middle, Samadhpura & Inai of Baheri CD Bl ock; Gram Panchayats Manaur Bhauram, Arga Usri, Dekuli Jagarnathp ur, Kamarkala & Bairampur of Biraul CD Block.",81
BIHAR,DARBHANGA,81,Alinagar,,"CD Blocks Alinagar, Tardih & Ghanshyampur.",81
BIHAR,DARBHANGA,82,Darbhanga Rural,,"CD Block Manigachhi; Gram Panchayats Adalpur, Atihar, Balha, Bijuli, Chhotaipatti, Dhoi, Dularpur, Ghor ghatta, Kharua, Khutwara, Loam, Muria, Nainaghat, Sonki & Bhalpatti of Darbhanga CD Block.",81
BIHAR,DARBHANGA,83,Darbhanga,,"Gram Panchayats Kabir Chak, Kans i, Ranipur, Sara Mahamad, Shisho East, Shisho West, Basudeopur, Sahbajpur & Darbhanga (M. Corp) of Darbhanga CD Block.",82
BIHAR,DARBHANGA,84,Hayaghat,,"CD Block Hayaghat; Gram Panchayat s Athar North, Athar South, Baligaon, Bhachhi, Bithauli, C hakwa Bharwari, Dhanauli, Gangdah Shivram, Gujrauli Ramauli, Harhacha, Hathauri North, Hathauri South, Jorja, Mithunia, Nimaithi, Paghari, Susari Turki & Thathopur of Baheri CD Block.",82
BIHAR,DARBHANGA,85,Bahadurpur,,CD Blocks Bahadurpur & Hanuman Nagar.,82
BIHAR,DARBHANGA,86,Keoti,,"CD Block Keoti; Gram Panchayats Ar ai Birdipur, Banauli, Bharathi, Bharhulli, Hariharpur East, Hari harpur West, Harpur, Madhopur Basatwara, Kaligaon, Sadhwara, Tektar & Simri of Singhwara CD Block.",82
BIHAR,DARBHANGA,87,Jale,,"CD Block Jale; Gram Panchayats Asthua, Bhawanipur, Rajo, Katasa, Katka, Manikauli, Nista, Ram pura, Sanahpur, Shankarpur, Singhwara North, Singhwara South & Bhar wara of Singhwara CD Block.",82
BIHAR,MUZAFFARPUR,88,Gaighat,,"CD Blocks Gaighat & Bandra; Gram Panchayats Katra, Sonpur, Berai South, Dhanaur, Madhepura & Shiv daspur of Katra CD Block.",82
BIHAR,MUZAFFARPUR,89,Aurai,,"CD Block Aurai; Gram Panchayats Belpakauna, Berai North, Changel, Hathauri, Jajuar East, Jajuar West, Jajuar Middle, Katai, Khanguradih, Lakhanpur, Nagwara, Pahsaul, Bansghatta, Barri, Tehwara & Bandhapura of Katra CD Block.",82
BIHAR,MUZAFFARPUR,90,Minapur,,"CD Block Minapur; Gram Panchay ats Garha, Jhaphan, Kafen Chaudhary, Narkatiya, Narma, Patiya sa & Rampur Jaipal of Bochahan CD Block.",82
BIHAR,MUZAFFARPUR,91,Bochahan,SC,"Gram Panchayats Adi Gopalpur, Balt hi Rasulpur, Bhootane, Deogan, Karanpur North, Karanpur South, Lohs ari, Maidapur, Majhauli, Sahila Rampur, Sarfuddinpur, Unsar & Vis hunpur Jagdish of Bochahan CD Block; Gram Panchayats Abdul N agar Urf Madhopur, Baikatpur, Barajagannath, Bhikhanpur, Chhapr a Megh, Dumri, Jamalabad, Jhapahan, Kanauli Vishundutta, Khabra, Manika Harikesh, Manika Vishunpur Chand, Mushahri Alias R adha Nagar, Narauli, Prahladpur, Rajwara Bhagwan, Rohua, Sahbazpur, Shekhpur, Sherpur, Susta & Taraura Gopalpur of Mushahri CD Block.",82
BIHAR,MUZAFFARPUR,92,Sakra,SC,CD Blocks Dholi Muraul & Sakra.,82
BIHAR,MUZAFFARPUR,93,Kurhani,,CD Block Kurhani.,82
BIHAR,MUZAFFARPUR,94,Muzaffarpur,,"Gram Panchayats Bhagwanpur, Madhubani , Majhauli Khetal, Patahi & Muzaffarpur (M Corp) of Musahari CD Block.",83
BIHAR,MUZAFFARPUR,95,Kanti,,CD Blocks Marwan & Kanti.,83
BIHAR,MUZAFFARPUR,96,Baruraj,,CD Block Motipur; Gram Panchayat s Chochahin Chhapra & Saraiya of Paroo CD Block.,83
BIHAR,MUZAFFARPUR,97,Paroo,,"CD Block Saraiya; Gram Panchayats Bhagwanpur Simra, Chintamanpur, Jagdishpur Baya, Kamalpura, Koriya Nizamat, Laloo Chhapra, Paroo North, Paroo S outh, Raghunathpur, Rampur Kesho Alias Malahi, Bajitpur & Mangurahiyan of Paroo CD Block.",83
BIHAR,MUZAFFARPUR,98,Sahebganj,,"CD Block Sahebganj; Gram Panchaya ts Anadpur Kharauni, Bahdinpur, Baijalpur, Chakki Suhagpur, Chandkewari, Dewariya East, Dewariya West, Dharfari, Fatehabad, Gyaspur, Jafarpur, Jaimal Dumri, Kataru, Khutahin, Mohabbatpur, Mohjamma , Neknampur, Pandeh, Usti & Bishunpur Saraiya of Paroo CD Block.",83
BIHAR,GOPALGANJ,99,Baikunthpur,,"CD Blocks Sidhwalia & Baikunthpur ; Gram Panchayats Rampur, Salempur Purvi, Salempur Pasch imi, Hasanpur, Sadaua, Pipra & Khajuriya of Barauli CD Block.",83
BIHAR,GOPALGANJ,100,Barauli,,"CD Block Manjha; Gram Panchayats Mohadipur Pakaria, Dewapur, Sonbarsa, Batardeh, Sarfara, Naw ada Chand, Kahla, Moghal Biraicha, Kalyanpur, Sarean Narendra, Be lsand, Madhopur, Mahammadpur Nilami, Bagheji, Bishunpura, Larauli & Ba rauli (NA) of Barauli CD Block.",83
BIHAR,GOPALGANJ,101,Gopalganj,,"CD Blocks Thawe & Gopalganj; Gram Panchayats Bairia Durg, Uchkagaon, Chhotka Sankhe, Har pur, Sakhekhas, Parsauni Khas, Nawada Parsauni, Luhsi, Jhirwa & Dahibhata of Uchkagaon CD Block.",83
BIHAR,GOPALGANJ,102,Kuchaikote,,CD Blocks Pachdeuri & Kuchaikote.,83
BIHAR,GOPALGANJ,103,Bhore,SC,"CD Blocks Kateya, Bijaipur & Bhore.",83
BIHAR,GOPALGANJ,104,Hathua,,"CD Blocks Phulwaria & Hathua; Gram Panchayats Jamsar, Trilokpur, Mohaicha, Balesara & Mirganj (NA) of Uchkagaon CD Block.",83
BIHAR,SIWAN,105,Siwan,,"CD Block Siwan including Nagar Pa rishad Siwan; Gram Panchayats Lakri, Pakri, Aurae, Lakri Dargah, Kailgarh Uttar, Kailgarh Dakhin, Sunderpur & Hathigai of Barharia CD Block.",83
BIHAR,SIWAN,106,Ziradei,,"CD Blocks Nautan, Ziradei & Mairwa.",84
BIHAR,SIWAN,107,Darauli,SC,"CD Blocks Guthani, Darauli & Andar.",84
BIHAR,SIWAN,108,Raghunath,,"CD Blocks Hussainganj & Raghunathpur; Gram Panchayats Shekpura, pur Piyaur, Aranda, Gayghat & Usari Bujurg of Hasanpura CD Block.",84
BIHAR,SIWAN,109,Daraunda,,"Duraunda CD Block [including villages Mathia, Dipni, Koror & Jagdishpur of Chherhi GP (Part)]; Siswan CD Block; Gram Panchayats Phalpura, Laheji, Mandarapa li, Sahuli, Telkhthu, Hasanpura, Pakadi, Rajanpura & Harpur Kotwa of Hasanpura CD Block.",84
BIHAR,SIWAN,110,Barharia,,"CD Block Pachrukhi; Gram Panchayat Kunwa, Rasulpur, Padrauna Khurd, Koirigawa, Balapur, Madhopur , Barharia, Sadarpur, Tetahli, Nawalpur, Bahuara Kadir, B ahadurpur, Hardobara, Bhamopali, Rachhopali, Rampur, Bhopatpur , Sikandarpur, Bhaluara, Hariharpurlalgarh, Chaukhi Hasan & Dindayalpur of Barharia CD Block.",84
BIHAR,SIWAN,111,Goriakothi,,"CD Blocks Goriakothi, Lakri Nabiganj & Basantpur.",84
BIHAR,SIWAN,112,Maharajganj,,CD Blocks Bhagwanpur Hat & Maharajganj.,84
BIHAR,SARAN,113,Ekma,,"CD Blocks Lahladpur & Ekma; Gram Panchayats Mohmmadpur, Bhajouna Nachap, Bhalua Bujurg, Mobarakpur, Matiyar, Chephul & Gobrahi of Manjhi CD Block.",84
BIHAR,SARAN,114,Manjhi,,"CD Block Jalalpur; Gram Panchayat s Sitalpur, Tajpur, Bareja, Madan Sath, Ghorhat, Dumari, Jaitpur, Inay atpur, Nasira, Baleshra, Daudpur, Lejuar, Bangara, Sonbarsa, Marhan, Manjhi East Part, Manjhi West Part & Kouru-Dhouru of M anjhi CD Block; Gram Panchayats Karhi, Manikpura & Lauwa Kala of Baniapur CD Block.",84
BIHAR,SARAN,115,Baniapur,,"CD Blocks Baniapur (except Karhi, Manikpura & Lauwa Kala Gram Panchayats) & Mashrakh.",84
BIHAR,SARAN,116,Taraiya,,"CD Blocks Panapur, Taraiya & Ishuapur.",84
BIHAR,SARAN,117,Marhaura,,CD Blocks Nagra & Marhaura.,84
BIHAR,SARAN,118,Chapra,,"CD Block Rivilganj; Gram Panchayats Naini, Fakuli, Karinga, Sadha, Mouna, Tenua, Barhara Mahaji & Chapra (M) of Chapra CD Block.",84
BIHAR,SARAN,119,Garkha,SC,"CD Block Garkha; Gram Panchayats Badlu Tola, Lohari, Purwi Telpa, Sherpur, Bishunupura, Khalpura Bala, Maharajganj, Chirand, Jalalpur, Bhairopur Nijamat, Dumari, Musepur , Raipur Bingawa & Kotwa Patti Rampur of Chapra CD Block.",84
BIHAR,SARAN,120,Amnour,,"CD Blocks Amnour & Maker; Gram Panchayats Sobhepur, Pachrukhi, Bheldi, Pachalakh, Chandpura & Saguni of Parsa CD Block.",85
BIHAR,SARAN,121,Parsa,,"CD Block Dariapur; Gram Panchayat s Shankardih, Anjani, Banouta, Anyay, Baligaw, Marar, Bahar Marar & Parsouna of Parsa CD Block.",85
BIHAR,SARAN,122,Sonepur,,CD Blocks Dighwara & Sonepur.,85
BIHAR,VAISHALI,123,Hajipur,,CD Block Hajipur.,85
BIHAR,VAISHALI,124,Lalganj,,CD Blocks Lalganj & Bhagwanpur.,85
BIHAR,VAISHALI,125,Vaishali,,"CD Blocks Vaishali, Paterhi Belsar & Goraul.",85
BIHAR,VAISHALI,126,Mahua,,CD Blocks Mahua & Chehara Kala.,85
BIHAR,VAISHALI,127,Raja Pakar,SC,"CD Blocks Raja Pakar, Desri & Sahdei Buzurg.",85
BIHAR,VAISHALI,128,Raghopur,,CD Blocks Raghopur & Bidupur.,85
BIHAR,VAISHALI,129,Mahnar,,"CD Block Mahnar; Gram Panchayat s Borhan urf Rasulpur Gaus, Basantpur, Mohiuddinpur Garahi, Ha rprasad, Mahipura, Sohrathi, Mahisaur, Chandsarai, Dihbuchauli, Pe erapur, Rasalpur Purushottam, Bishunpur Bedauliya, Saiyad Mahamm ad urf Salha, Khopi, Arniyan, Hazrat Jandaha, Bahsi Saidpur, Mu kundpur Bhath & Loma of Jandaha CD Block.",85
BIHAR,VAISHALI,130,Patepur,SC,"CD Block Patepur; Gram Panchayats M ansinghpur Bijhrauli, Adalpur, Naree Khurd & Laxmipur Barbatta of Jandaha CD Block.",85
BIHAR,SAMASTIPUR,131,Kalyanpur,SC,CD Blocks Kalyanpur & Pusa.,85
BIHAR,SAMASTIPUR,132,Warisnagar,,"CD Blocks Warisnagar & Khanpur; Gr am Panchayats Madhurapur, Rahtauli, Dahiyar Ranna, Parsa, B hataura & Dumra Mohan of Shivaji Nagar CD Block.",85
BIHAR,SAMASTIPUR,133,Samastipur,,"CD Block Samastipur & Samast ipur (M+OG); Gram Panchayats Shahpur Baghauni, Bherokhara, Tajpur, Adharpur & Baghi of Tajpur CD Block.",85
BIHAR,SAMASTIPUR,134,Ujiarpur,,"CD Block Ujiarpur; Gram P anchayats Sultanpur Ghataho, Chakbahauddin, Mokhtiyarpur Salkhani, Panr, Harishankarpur, Kewanta, Nagargama, Pagra, Nawada, Basariya & Dalsinghsarai (NA) of Dalsinghsarai CD Block.",85
BIHAR,SAMASTIPUR,135,Morwa,,"CD Block Morwa; Gram Panchay ats Muradpur Bangra, Gauspur Sarsauna, Kothiya, Manpura, Ha rishankarpur Baghauni, Madhopur Dhgharua, Kaswe Aahar, Ramapur Ma heshpur, Rahimabad, Rajwa & Fatehpur of Tajpur CD Block; Gr am Panchayats Sirdilpur Supaul, Hasanpur Surat, Jorpura, Shahpur Undi , Chaksalem, Darba, Imansarai & Bahadurpur Patori of Patori CD Block.",86
BIHAR,SAMASTIPUR,136,Sarairanjan,,CD Blocks Sarairanjan & Vidyapati Nagar.,86
BIHAR,SAMASTIPUR,137,Mohiuddin,,"CD Blocks Mohiuddinnagar & Mohanpur ; Gram Panchayats Tara nagar Dhamaun, Uttri Dhamaun, Dakshini Dhamaun, Inayatpur, Hetanpur, Rupauli, Chaksaho, Harpur Saidabad & Seora of Patori CD Block.",86
BIHAR,SAMASTIPUR,138,Bibhutipur,,"CD Block Bibhutipur; Gram Panchayat s Bulakipur, Kamrawn, Malpur Purwaripatti, Rampur Jalalpur, Bambaiya Harlal & Ajnaul of Dalsinghsarai CD Block.",86
BIHAR,SAMASTIPUR,139,Rosera,SC,"CD Block Rosera; Gram Panchayats Phulhara, Lilhaul, Singhia-I, Singhia-II, Singhia-III, Mahen, Wari, Nir pur Bhaririya, Bangarahta, Hardiya, Mahra, Keothar of Si nghia CD Block; Gram Panchayats Shankarpur, Jakhar Dharampur, Ghiwahi , Dasaut, Rahiar North, Rahiar South, Ballipur, Bandhar, Karain, R aniparti & Rajaur Rambhadrapur of Shivaji Nagar CD Block.",86
BIHAR,SAMASTIPUR,140,Hasanpur,,"CD Blocks Hasanpur & Bithan; Gram Panchayat Kundal-I, Kundal-II, Shalepur, Jahangirpur & Bishnupur Diha of Singhia CD Block.",86
BIHAR,BEGUSARAI,141,Cheria - Bariarpur,,"CD Blocks Khodabandpur, Chaurahi & Cheria Bariarpur; Gram Panchayats Pahsara (West) & Mahes hwara of Nawkothi CD Block.",86
BIHAR,BEGUSARAI,142,Bachhwara,,"CD Blocks Bhagwanpur, Mansoorchak & Bachhwara.",86
BIHAR,BEGUSARAI,143,Teghra,,"CD Block Teghra; Gram P anchayats Bihat-I to IV, Malhipur (North), Malhipur (South), Papraur, Garahar a-I & II, Simaria-I & II, Rajwara, Amarpur, Peepra Dewas & Haji pur of Barauni CD Block.",86
BIHAR,BEGUSARAI,144,Matihani,,"CD Blocks Matihani & Shamho Akha Kur ha; Gram Panchayats Kaithma, Laduwara, Bhairwar, Chilmil, Du mri, Ulao, Sighaul, Pachmba, Mahmadpur Raghunathpur, Mohan E ghu, Shahpur, Bishanpur, Dhabauli, Bindpur, Puspura, Bahadarpur, Amraur Kiratpur, Rachiyahi & Barauni IOC Township (CT) of B egusarai CD Block; Gram Panchayats Keshawe, Noorpur, Mahna & Mosadpur of Barauni CD Block.",86
BIHAR,BEGUSARAI,145,Sahebpur Kamal,,CD Blocks Sahebpur Kamal & Balia.,86
BIHAR,BEGUSARAI,146,Begusarai,,"CD Block Birpur; Gram Panchay ats Babhangama, Maida Babhangama, Sahuri, Neenga, Bathauli & of Bar auni CD Block; Gram Panchayats Mohanpur, Chandpura, Bandwar, Suja, S ankh, Lakho, Hebatpur, Parna, Kusmaut, Kaith, Jinedpur, Neema, P anhas, Ajhaur, Khamhar, Rajaura & Begusarai (M) of Begusarai CD Block.",87
BIHAR,BEGUSARAI,147,Bakhri,SC,"CD Blocks Bakhri, Dandari & Garhpur a; Gram Panchayats Pahsara (East), Nawkothi, Hasanpur Bagar, Rajakpur, Bishnupur, Samsa & Dafarpur of Naokothi CD Block.",87
BIHAR,KHAGARIA,148,Alauli,SC,"CD Block Alauli; Gram Panchayats Ba raiy, Rani Sakar-Pura, Belasimri, Olapur Gangour, Tetarabad, Jalkoura, Janhagira & Dhusmuri Bishanpur of Khagaria CD Block.",87
BIHAR,KHAGARIA,149,Khagaria,,"CD Block Mansi; Gram Panchayats Bhadas Dakshini, Bhadas Uttari, Kasimpur, Mathurapur, Bachhouta, Sanhouli, Ranko, Sansarpur, Gourashakti, Marar Dakshni, Marar Uttari, Rasounk, Uttar Marar, Rahimpur Uttari, Rahimpur Madhy a, Rahimpur Dakshin, Labhganva, Kothia & Khagaria (M) of Khagaria CD Block.",87
BIHAR,KHAGARIA,150,Beldaur,,"CD Blocks Chautham, Beldaur; Gram Panchayats Banni, Jhiktiya, Samaspur, Maheshkhunt, Pakrail, Maira, Baltara, Pawra, Koela & Borna of Gogri CD Block.",87
BIHAR,KHAGARIA,151,Parbatta,,"CD Block Parbatta; Gram Panchayats Ratan, Gogri, Jamalpur North, Jamalpur South, Rampur, Muski pur, Pasraha, Basudeopur, Itahari, Sherchakla, Paikant, Deotha, Gauchhar i, Madarpur & Gogri Jamalpur (NA) of Gogri CD Block.",87
BIHAR,BHAGALPUR,152,Bihpur,,"CD Blocks Narayanpur, Bihpur & Kharik.",87
BIHAR,BHAGALPUR,153,Gopalpur,,"CD Blocks Gopalpur, Naugachhia, Rangra Chowk & Ismailpur.",87
BIHAR,BHAGALPUR,154,Pirpainti,SC,"CD Block Pirpainti; Gram Panchay ats Bansipur, Birbanna, Rampur, Krisndaspur, Mohanpur Gogatta, Anti chuck, Oriap, Mathurapur, Ramjanipur, Ghogha, Ekdara, Lagma, Salempur Saini, Kurma, Kairia, Nandlalpur, Siya & Sadanandpur Baisa of Kahalgaon CD Block.",87
BIHAR,BHAGALPUR,155,Kahalgaon,,"CD Blocks Goradih & Sonhoula; Gr am Panchayats Parashathdih (Shankarpur Khawas), Kodwar, J anidih, Pakkisarai, Dhanora, Maishamunda, Ekchari, Bholsar, Ogr ee, Shyampur & Nagar Panchayat Kahalgaon of Kahalgaon CD Block.",87
BIHAR,BHAGALPUR,156,Bhagalpur,,Bhagalpur (M. Corp) of Jagdishpur CD Block.,88
BIHAR,BHAGALPUR,157,Sultanganj,,CD Blocks Sultanganj & Shahkund.,88
BIHAR,BHAGALPUR,158,Nathnagar,,"CD Blocks Nathnagar & Sabour; Gram Panchayats Puraini North, Puraini South, Baluachak Puraini, Sanholi, Baijani, Khiribandh, Jamani, Saino, Bhawanipur Desri, Chandapur , Jagdishpur, Sonuchak-Puraini, Imampur, Shajangi & Habibipur (C T) of Jagdishpur CD Block.",88
BIHAR,BANKA,159,Amarpur,,CD Blocks Shambhuganj & Amarpur.,88
BIHAR,BANKA,160,Dhoraiya,SC,CD Blocks Rajoun & Dhoraiya.,88
BIHAR,BANKA,161,Banka,,CD Blocks Barahat & Banka.,88
BIHAR,BANKA,162,Katoria,ST,CD Blocks Katoria & Bounsi.,88
BIHAR,BANKA,163,Belhar,,"CD Blocks Fullidumar, Belhar & Chandan.",88
BIHAR,MUNGER,164,Tarapur,,"CD Blocks Asarganj, Tarapur, Teti ha Bamber & Sangrampur; Gram Panchayats Ramankabad (West), Ramankabad (East), Majhgyan, Murade, Gangata, Dariyapur-1 & 2 & Kharagpur (NA) of Kharagpur CD Block.",88
BIHAR,MUNGER,165,Munger,,CD Block Sadar Munger including Nagar Parishad Munger & CD Block Bariarpur.,88
BIHAR,MUNGER,166,Jamalpur,,"CD Blocks Jamalpur & Dharhara; Gr am Panchayats Teliyadih, Naki, Bahira, Agrahan, Badhouna, Gobadda, Kouriya, Baijalpur, Muderi, Rataitha & Barui of Kharagpur CD Block.",88
BIHAR,LAKHISARAI,167,Suryagarha,,"CD Blocks Pipariya, Suryagarha, Chanan; Gram Panchayats Garhi Bishanpur, Khagaur & Mahisona of Lakshisarai CD Block.",88
BIHAR,LAKHISARAI,168,Lakhisarai,,"CD Blocks Ramgarh Chowk, Halsi & Barahiya; Gram Panchayats Amahara, Morma, Balgudar, Savikpur, Kachhiyana, Bilauri, Damodarpur & Lakhisarai (M) of Lakhisarai CD Block.",88
BIHAR,SHEIKHPURA,169,Sheikhpura,,"CD Blocks Ghatkusumbha, Chewar a and Ariari; Gram Panchayats Mahsar, Puraina, Pachna, Kait hawan, Gagari & Sheikhpura (M) of Sheikhpura CD Block.",89
BIHAR,SHEIKHPURA,170,Barbigha,,"CD Blocks Barbigha and Shekhopursara i; Gram Panchayats Gaway, Audhe, Pain, Lodipur, Kosra, Kusum bha, Kare, Hathiyawan, Mehus & Katari of Sheikhpura CD Block.",89
BIHAR,NALANDA,171,Asthawan,,"CD Blocks Asthawan, Sarmera, Bind & Katrisarai.",89
BIHAR,NALANDA,172,Biharsharif,,CD Block Rahui & Bihar (M).,89
BIHAR,NALANDA,173,Rajgir,SC,"CD Block Giriyak; Gram Panchayat Nai Pokhar & Rajgir (NA) of Rajgir CD Block; Gram Panchayats Goraw an, Mahuri, Kul Fatehpur, Sabait, Dharhara, Nanand, Karianna, Ghostaw an, Barakar, Pawadih, Gorma & Silao (NA) of Silao CD Block; Gram Panchayats Sakraul, Korai, Tungi, Muraura, Mahamadpur Nakatpura, Ti uri, Chhabilapur, Pawa, Hargawan, Singthu, Palatpura, Tetrawan, Par oha & Sarbahadi of Bihar CD Block.",89
BIHAR,NALANDA,174,Islampur,,CD Blocks Islampur & Ekangarsarai.,89
BIHAR,NALANDA,175,Hilsa,,"CD Blocks Hilsa, Karai Parsurai, Tharthari & Parbalpur.",89
BIHAR,NALANDA,176,Nalanda,,"CD Blocks Noorsarai & Ben; Gram Panchayats Nirpur, Bargaon & Surajpur of Silao CD Block; Gram Panchayats Biyavani, Maghra, Dumrawan, Pachauri, Ranabigha & Meghi Nagwan of Bihar CD Block; Gram Panchayats Barnausa, Meyar, Bhui, Pilkhi, Goraur, Nahub, Pathraura & Lodipur of Rajgir CD Block.",89
BIHAR,NALANDA,177,Harnaut,,"CD Blocks Harnaut, Chandi & Nagar Nausa.",89
BIHAR,PATNA,178,Mokama,,"CD Blocks Ghoswari & Mokama; Gr am Panchayats Raili, Lemuabad, West Pandarak, East Pandarak, Kondi, Dhobhawan, Khushhal Chak, Chak Jalal, Ajgara Bakawan, Darwe Bhadaur & Baruane Bathoi of Pandarak CD Block.",89
BIHAR,PATNA,179,Barh,,"CD Blocks Athmalgola, Belchhi & Barh; Gram Panchayats Dhiwar, Parsawan, Goasa Shekhpura & Bihar i Bigha of Pandarak CD Block.",89
BIHAR,PATNA,180,Bakhtiarpur,,"CD Blocks Daniawan, Khusrupur & Bakhtiarpur.",89
BIHAR,PATNA,181,Digha,,"Gram Panchayat Nakta Diyara, Ward Nos. 1, 2, 3, 6, Pataliputra Housing Colony (OG) - Ward No. 38 & Digha-Mainpura (OG) Ward No. 39, Badalpura (OG) Ward No. 40, Sabazpura (OG) Ward No. 41 & Khalilpura (OG) Ward No. 42 in Pa tna (MC + OG) of Patna Rural CD Block.",90
BIHAR,PATNA,182,Bankipur,,"Ward Nos. 4, 5, 7 to 13 & 15 in Patna (MC) of Patna Rural CD Block.",90
BIHAR,PATNA,183,Kumhrar,,Ward Nos. 14 & 16 to 22 in Patna (MC + OG) of Patna Rural CD Block.,90
BIHAR,PATNA,184,Patna Sahib,,Ward Nos. 23 to 37 in Patna (MC) of Patna Rural CD Block.,90
BIHAR,PATNA,185,Fatuha,,"CD Blocks Fatuha & Sampatchak; Gr am Panchayats Marchi, Mahuli, Fatehpur, Sonwan, Punadih & Sabalpur of Patna Rural CD Block.",90
BIHAR,PATNA,186,Danapur,,CD Block Danapur-Cum-Khagaul.,90
BIHAR,PATNA,187,Maner,,"CD Block Maner; Gram Panchayats Anandpur, Kateshar, Sikandarpur, Parev, Daulatpur Simri, Mushepur, Shri Rampur, Bihta, Dayalpur Daulatpur, Purshottampur Painat hi, Bishunpura, Raghopur, Amhara, Kanchanpur Kharagpur, Sadisopur, Pai nal, Bela, Neora, Makhdoompur & Shri Chandpur of Bihta CD Block.",90
BIHAR,PATNA,188,Phulwari,SC,CD Blocks Phulwari Sharif & Punpun.,90
BIHAR,PATNA,189,Masaurhi,SC,CD Blocks Masaurhi & Dhanarua.,90
BIHAR,PATNA,190,Paliganj,,CD Blocks Dulhin Bazar & Paliganj.,90
BIHAR,PATNA,191,Bikram,,"CD Blocks Naubatpur & Bikram; Gr am Panchayats Koudiya, Bindaul, Kunjwa, Machchhalpur Lai, Yamunapur & Taranagar of Bihta CD Block.",90
BIHAR,BHOJPUR,192,Sandesh,,"CD Blocks Sandesh & Udwant Nagar; Gram Panchayats Sakaddi, Kulharia, Dhandiha, Bhadwar, Narb irpur, Khangaon, Gopalpur, Jalpura, Jokta & Koilwar (Nagar Panchayat) of Koilwar CD Block.",90
BIHAR,BHOJPUR,193,Barhara,,"CD Block Barhara; Gram Panchayats Ijri, Sundarpur Barja, Agarsanda, Baghipakar, Basantpur, Dhamar & Khaj uria of Arrah CD Block; Gram Panchayats Khesrahiya, Mathurapur , Rajapur, Daulatpur, Chanda, Gidha, Birampur & Kayamnagar of Koilwar CD Block.",90
BIHAR,BHOJPUR,194,Arrah,,"Gram Panchayats Ganghar, Ramapur Sandiya, Pirauta, Sandia, Makhdumpur Dumra, Daulatpur, B hakura, Jamira, Hasanpura, Gothahula, Karari, Mahuli & Arrah (M) of Arrah CD Block.",90
BIHAR,BHOJPUR,195,Agiaon,SC,"CD Blocks Charpokhari, Garhani & Agiaon.",90
BIHAR,BHOJPUR,196,Tarari,,"CD Blocks Tarari & Sahar; Gram Panc hayats Amai, Bachari, Bharsar, Nonar, Katar, Narayanpur, Sukhrauli & Piro (Nagar Panchayat) of Piro CD Block.",91
BIHAR,BHOJPUR,197,Jagdishpur,,"CD Block Jagdishpur; Gram Panchayat s Ayar, Tar, Dhwarahi Jangal Mahal, Akrua, Kothua, Jamuaon, Ji taura Jangalmahal, Brawn, Tilath, Khannikala, Rajeyan, Amehta, Ktriy an, Lahthan, Agiaon & Nayka Tola Jangalmahal of Piro CD Block.",91
BIHAR,BHOJPUR,198,Shahpur,,CD Blocks Shahpur & Behea.,91
BIHAR,BUXAR,199,Brahampur,,"CD Blocks Simri, Chakki & Brahampur.",91
BIHAR,BUXAR,200,Buxar,,CD Blocks Buxar & Chausa.,91
BIHAR,BUXAR,201,Dumraon,,"CD Blocks Chaugain, Kesath & Naw anagar; Gram Panchayats Chilhari, Kushalpur, Bhojpur Kadim, Bhojpur Jadid, Chhatanwar, Nuaon, Sowan, Ariaon, Nandan, Lakhan Dihra & Dumraon (M) of Dumraon CD Block.",91
BIHAR,BUXAR,202,Rajpur,SC,"CD Blocks Rajpur & Itarhi; Gram P anchayats Ataon, Kanjharua, Mathila, Mugaon, Kasian & Koransarai of Dumraon CD Block.",91
BIHAR,KAIMUR (BHABUA),203,Ramgarh,,"CD Blocks Ramgarh, Nuaon & Durgawati.",91
BIHAR,KAIMUR (BHABUA),204,Mohania,SC,CD Blocks Kudra & Mohania.,91
BIHAR,KAIMUR (BHABUA),205,Bhabua,,CD Blocks Bhabua & Rampur.,91
BIHAR,KAIMUR (BHABUA),206,Chainpur,,"CD Blocks Chand, Chainpur, Adhaura & Bhagwanpur.",91
BIHAR,ROHTAS,207,Chenari,SC,"CD Blocks Nauhatta, Rohtas & Chenar i; Gram Panchayats Alampur, Raipurchor, Karup, Konki, Kum ahu, Mohammadpur, Nad, Sikraur, Sheosagar, Sonahar & Uloh of Sheosagar CD Block.",91
BIHAR,ROHTAS,208,Sasaram,,CD Blocks Sasaram & Tilouthu.,91
BIHAR,ROHTAS,209,Kargahar,,"CD Block Kochas & Kargahar; Gram Pa nchayats Silari, Dumari, Konar, Parari & Patarhi of Sheosagar CD Block.",91
BIHAR,ROHTAS,210,Dinara,,"CD Blocks Dinara, Dawath & Surajpura.",91
BIHAR,ROHTAS,211,Nokha,,"CD Blocks Nasriganj, Rajpur & Nokha.",92
BIHAR,ROHTAS,212,Dehri,,CD Block Akorhi Gola & CD Block Dehr i including Nagar Parishad Dehri Dalmia Nagar.,92
BIHAR,ROHTAS,213,Karakat,,"CD Blocks Bikramganj, Karakat & Sanjhauli.",92
BIHAR,ARWAL,214,Arwal,,"CD Blocks Arwal & Kaler; Gram P anchayats Belkhara, Shahar Telpa, Keyal, Bambhai & Rampur Chay of Karpi CD Block.",92
BIHAR,ARWAL,215,Kurtha,,"CD Blocks Sonbhadra Banshi Suryapur & Kurtha; Gram Panchayats Chauhar, Aiyara, Purainiya Shekha, Nagwan, Kochahasa, Pariyari, Kinjar, Murarhi, Rohai, Khajuri, Nar ga, Dorra, Karpi & Puran of Karpi CD Block.",92
BIHAR,JAHANABAD,216,Jehanabad,,CD Blocks Ratni Faridpur & Jehanabad.,92
BIHAR,JAHANABAD,217,Ghosi,,"CD Blocks Modanganj, Hulasganj & Ghoshi; Gram Panchayats Damuha, Purvi Kako, Pashchimi Ka ko, Khalispur, Bara, Utarserthua, Saidabad Parsain & Barawan of Kako CD Block.",92
BIHAR,JAHANABAD,218,Makhdumpur,SC,"CD Block Makhdumpur; Gram Panchayats Sulemanpur, Pinjaura, Nerthua, Badhauna, Amthua, Dedhsaiya , Maniyawan & Nonhi of Kako CD Block.",92
BIHAR,AURANGABAD,219,Goh,,"CD Blocks Haspura & Goh; Gram Panchayats Pauthu, Itar, Latta & Sihuli of Rafiganj CD Block.",92
BIHAR,AURANGABAD,220,Obra,,CD Blocks Obra & Daudnagar.,92
BIHAR,AURANGABAD,221,Nabinagar,,"CD Block Barun; Gram Panchayat s Mahuaon, Ankorha, Sonoura, Rajpur, Chandragarh, Bariya, Si mri Dhamni, Kanker, Kerka, Majhiyawan, Naoor, Belayee, Pipra, Thengo, Tol & Nabinagar (NA) of Nabinagar CD Block.",92
BIHAR,AURANGABAD,222,Kutumba,SC,"CD Block Kutumba; Gram Panchay ats Bedhna, Barandarampur, Banua & Dularey of Deo CD Block; Gr am Panchayats Jaihind Tendua, Bariyawan, Sori, Rampur, Basdiha, Mungiya, Khajuri Pandoo, Tandwa, Ramnagar & Harihar Urdana of Nabinagar CD Block.",92
BIHAR,AURANGABAD,223,Aurangabad,,"CD Block Aurangabad including Nagar Panchayat Aurangabad & Jamhore (N.A.); Gram Panchayats Pa wai, Kharkani, Hasauli, Deo, Basdiha, Israur, Sargawan, Bedhni, Bhawanipur, West Ketaki, East Ketaki & Eraura of Deo CD Block.",93
BIHAR,AURANGABAD,224,Rafiganj,,"CD Block Madanpur; Gram Panchayat s Kajhapa, Kotwara, Bhadwa, Baligaon, Bhadukikala, Dhosila, Charka wan, Kerap, Chaubra, Gordiha, Lohra, Chew, Balar, Dugul, Arthua, Baghaura, Bhetaniya, Baur, Pogar & Rafiganj (NA) of Rafiganj CD Block.",93
BIHAR,GAYA,225,Gurua,,"CD Blocks Paraiya, Guraru & Gurua.",93
BIHAR,GAYA,226,Sherghati,,"CD Blocks Amas, Sherghati & Dobhi.",93
BIHAR,GAYA,227,Imamganj,SC,"CD Blocks Banke Bazar, Imamganj & Dumaria.",93
BIHAR,GAYA,228,Barachatti,SC,"CD Blocks Mohanpur & Barachatti; Gram Panchayats Nawan, Kurmawan, Itra, Jhikatiya, Mora Mardana, Bara, Atiya, Shekhwara, Parariya & Ilra of Bodh Gaya CD Block.",93
BIHAR,GAYA,229,Bodh Gaya,SC,"CD Blocks Tan Kuppa & Fatehpur; Gr am Panchayats Mocharim, Dhanawan, Basarhi, Bakror, Morata l, Kanhaul & Gafa Khurd & Bodh Gaya (NA) of Bodh Gaya CD Block.",93
BIHAR,GAYA,230,Gaya Town,,"Ward Nos. 1 to 31, Kaler (OG) - Wa rd No. 38 & Paharpur (CT) in Gaya (M. Corp) of Gaya Town CD Block.",93
BIHAR,GAYA,231,Tikari,,CD Blocks Konch & Tekari.,93
BIHAR,GAYA,232,Belaganj,,"CD Block Belaganj; Gram Panchayat s Kesaru Dharampur, Amraha, Chakand, Madan Bigha, Rasalpur, Bara , Korma, Churi, Kujap, Kandi, Kujapi, Ghutiya, Katari, Aurwan, Kaler, Naili & Kendua of Gaya Town CD Block.",93
BIHAR,GAYA,233,Atri,,"CD Blocks Khizarsarai, Neem Chak Bathani, Atri & Mohra.",93
BIHAR,GAYA,234,Wazirganj,,CD Blocks Wazirganj & Manpur; Ward Nos. 32 to 37 in Gaya (M. Corp).,93
BIHAR,NAWADA,235,Rajauli,SC,"CD Blocks Meskaur, Sirdala & Rajauli.",93
BIHAR,NAWADA,236,Hisua,,"CD Blocks Akbarpur, Hisua & Narhat.",93
BIHAR,NAWADA,237,Nawada,,CD Blocks Nardiganj & Nawada.,93
BIHAR,NAWADA,238,Gobindpur,,"CD Blocks Kowakol, Roh & Gobindpur.",94
BIHAR,NAWADA,239,Warsaliganj,,"CD Blocks Warsaliganj, Kashichak & Pakribarawan. 38 - DISTRICT "" JAMUI",94
BIHAR,NAWADA,240,Sikandra,SC,"CD Blocks Islamnagar Aliganj & Sik andra; Gram Panchayats Harkhar, Arnamawabank, Harni, Garhi, Raipura, Khaira, Amari, Goli, Bhimain, Nim Nawada, Gopalpur & Bishanpur of Khaira CD Block.",94
BIHAR,NAWADA,241,Jamui,,"CD Blocks Jamui & Barhat; Gram Panchayats Mangobandar, Banpur, Jhundo, Khandaich, Jitjhingoi, Dabil, Bela, Kageshwar, Kendih & Chuan of Khaira CD Block.",94
BIHAR,NAWADA,242,Jhajha,,"CD Blocks Lakshmipur, Jhajha & Gidhaur.",94
BIHAR,NAWADA,243,Chakai,,CD Blocks Sono & Chakai.,94
CHHATTISGARH,KORIA,1,Bharatpur-Sonhat,ST,"I. Bharatpur Tehsil, II. Sonhat Tehsil, III. Manendragarh Tehsil (Part) - (i) Manendragarh R.I.Cir cle (Part) - 1-Ghaghara PC, 2-Kelhari PC, 3-Dugla PC, 4-Kachhoud PC, 5-Biharpur PC, 6-Pendri PC, 7-Barbaspur PC , 8-Nagpur PC, 9-Belbahara PC, 10-Lalpur PC & 11-M anendragarh PC (except Manendragarh (M).",98
CHHATTISGARH,KORIA,2,Manendragarh,,"I. Manendragarh Tehsil (Part) -(i) Khadgawan R.I.Circle (Part) - 13-Koda PC, 14-Davadand PC, 15-Katkona PC, 16-Udhanapur PC, 17-Chirimir i PC, 18-Bardar PC, 19-Ratanpur PC & 20-Khadgaw an PC,(ii) Manendragarh R.I.Circle (Part) - 12-Pa radole PC, Manendragarh (M), Chirmiri (M+OG) (Part), Jhagrakhand (NP) and II. Baikunthpur Tehsil (Part) - Ch irimiri Nagar Palika Nigam.",98
CHHATTISGARH,KORIA,3,Baikunthpur,,"I. Manendragarh Tehsil (Part) -(i) Khadgawan R.I.Circle (Part) - 21-Banjaridand PC, 22- Chirmi PC, 23-Bade Salhi PC, 24-Pondi PC,25-Jilda PC, 26- Bari PC, 27-Baima PC and II Baikunthpur Tehsil (Including Baikunthpur NP and Chharchha CT) (except Chirimiri Nagar Palika Nigam).",98
CHHATTISGARH,SURGUJA,4,Premnagar,,"I. Surajpur Tehsil (Part) - (i) Ramanujnagar R.I.Circle, (ii) Premnagar R.I.Circle, (iii) Surajpur R.I.Circle (Including Vishrampur CT), Surajpur (N agar Panchyat), (iv) Pilkha R.I.Circle (Part) 41-Kailashpur PC, 42-Pendarkhi PC, 43- Saika PC & 44-Kuruwa PC.",98
CHHATTISGARH,SURGUJA,5,Bhatgaon,,"I. Surajpur Tehsil (Part) -(i) Bhaiyathan R.I.Circle, (ii) Bhatgaon R.I.Circle (Including Telgaon CT), (iii) Pilkha R.I.Circle (Part) 32-Karwa PC , 33-Kalyanpur PC, 34-Majira PC, 35-Latori PC, 36-Ajabnagar PC, 37-Kamalpur PC, 38-Silphili PC, 39-Karampur PC & 40-Shivnandanpur PC.",98
CHHATTISGARH,SURGUJA,6,Pratappur,ST,I. Wadrafnagar Tehsil and II Pratappur Tehsil.,98
CHHATTISGARH,SURGUJA,7,Ramanujganj,ST,I Pal Tehsil (Including Ramanuganj NP).,99
CHHATTISGARH,SURGUJA,8,Samri,ST,I Samari Tehsil and II. Rajpur Tehsil.,99
CHHATTISGARH,SURGUJA,9,Lundra,ST,"I. Lundra Tehsil, II. Ambikapur T ehsil (Part) - (i) Ambikapur -2 R.I.Circle,(ii) Ambikapur -1 R.I.Circle (Part) -13-Bardhodhi PC, 14-Chhind Kalo PC, 15-Ka rji PC, 16-Kanthi PC, 17- Sohga PC, 18-Kareya PC & 19- Lawaidih PC, (iii) Lakhanpur R.I.C.(Part) 23-Pr atappur PC, 24-Argoti PC, 25-Lipingi PC, 26-Katinda PC, 27-Kuwarpur PC, 29-Beldagi PC, 31-Amalbhithi PC &32-Salka PC.",99
CHHATTISGARH,SURGUJA,10,Ambikapur,,"I. Ambikapur Tehsil (Part) - (i) Am bikapur -1 R.I.Circle (Part) - 5-Ambikapur PC, 6-Namna Kalan PC, 7-Jagdishpur PC, 8-Keshopur PC, 9-Labji PC,10-Su khari PC, 11-Mendra Kalan PC & 12-Bhitthi Kalan PC, Am bikapur (M), (ii) Udaipur R.I.Circle, (iii) Lakhanpur R.I.Circl e (Part) - 28-Lakhanpur PC, 30-Keori PC, 33-Lahpatra PC, 34-Korja PC, 35- A ndhla PC, 36-Latori PC, 37-Katkona PC & 38-Khutiya PC.",99
CHHATTISGARH,SURGUJA,11,Sitapur,ST,"I. Sitapur Tehsil, II. Ambikapur T ehsil (Part) - (i) Ambikapur - 1 R.I.Circle (Part) - 20-Pondi kala PC, 21-Nawanagar PC & 22-Bargawan PC.",99
CHHATTISGARH,JASHPUR,12,Jashpur,ST,"I. Jashpur Tehsil (Including Jashpurnagar NP), II. Bagicha Tehsil (Part) -(i) Sanna R.I.Cir cle, (ii) Bagicha R.I.Circle (Part) - 17-Sahidand PC, 18-Rengale PC, 19-Bagicha PC, 20-Maini PC, 21- Sardih PC, 22-Jurgum PC, 23-Jhinki PC, 24-Pasiya PC, 25-Pi rai PC, 26-Bhitghra PC & 27-Sarbkambo PC.",99
CHHATTISGARH,JASHPUR,13,Kunkuri,ST,Kunkuri Tehsil.,99
CHHATTISGARH,JASHPUR,14,Pathalgaon,ST,"I. Pathalgaon Tehsil (Including Pathalgaon NP), II Bagicha Tehsil (Part) -(i) Kansbel R.I. Circle, (ii) Bagicha R.I.Circle (Part) -28-Marol PC, 29-Ku rrog PC, 30-Mahuwadih PC & 31 Ghoghar PC.",99
CHHATTISGARH,RAIGARH,15,Lailunga,ST,"I. Lailunga Tehsil, II. Gharghoda Tehsil (Part) - (i) Tamnar R.I.Circle and II. Raigarh Tehsil (Part) (i) Raigarh (1) R.I.Circle (Part) (Excluding Raigarh M).",99
CHHATTISGARH,RAIGARH,16,Raigarh,,"I. Raigarh Tehsil (Part) -(i) Rai garh (2) R.I.Circle, (ii) Raigarh (1) R.I.Circle (Part), Raigarh M+OG, (iii) Pussore R.I.Circle (Part) - 22-Dumarmuda PC, 23-Garh Umariya PC, 24- Kondatarai PC, 30-Aurda PC, 31-Nawapara PC, 32-Netnagar PC, 33-Chhapora PC, 34-Mahaloi PC, 35-Pusaur PC, 36- Tadola PC, 37-Kotasura PC, 41-Chhichhor Umaria PC, 42- Padigaon PC & 43-Kodpali PC, II. Sarangarh Tehsil (Part) -(i) Saria R.I.Circle (Part) - 29-Chhuw aripali PC, 30-Bonda PC, 31-Nadigaon PC, 32-Lukapara PC , 33-Sankara PC, 34- Sariya PC, 35-Panchdhar PC, 36-Jalgarh PC & 37-Bar PC.",100
CHHATTISGARH,RAIGARH,17,Sarangarh,SC,"I. Sarangarh Tehsil (Part) (Inc luding Sarangarh NP) (i) Hardi R.I.Circle, (ii) Sarangarh R.I.Circl e, (iii) Baramkela R.I.Circle, (iv) Saria R.I.Circle (Part) -38-Dabhara PC, 39-Sanda PC & 40-Ameri PC.",100
CHHATTISGARH,RAIGARH,18,Kharsia,,"I. Kharsia Tehsil (Including Khar sia NP), II. Raigarh Tehsil (Part) - (i) Kirodimalnagar R .I.Circle, (ii) Pussore R.I.Circle (Part) - 25-Kawrhiha PC, 26-Go rra PC, 27-Nawapara (TH) PC, 28-Jatari PC, 29-Tetala PC, 38-Tilagi PC, 39-Bade Bhandar PC & 40-Bunga PC.",100
CHHATTISGARH,RAIGARH,19,Dharamjaigarh,ST,I. Udaipur (Dharamjaigarh) T ehsil (including Dharamjaigarh NP) and II. Gharghoda Tehsil (Part) -(i) Gharghoda R.I.Circle (Including Gharghoda NP).,100
CHHATTISGARH,KORBA,20,Rampur,ST,"I. Kartala Tehsil and II. Korba Tehsil (Part) - (i) Korba R.I.Circle (except Korba (M), ( ii) Bhaisma R.I.Circle (except village Jhhagarha (Urban) of PC 10- Rajgamar, which is a part of Korba MC) Including Rajgamar CT.",100
CHHATTISGARH,KORBA,21,Korba,,I. Korba Tehsil (Part) - (i) Korba (M Corp.) (Part) -Korba (M Corp.) - Ward No.1 to 32 and II. Katghora Tehsil (Part) -(i) Korba (M Corp.) -(Part) Korba (M Corp.) - Ward No.33 to 44.,100
CHHATTISGARH,KORBA,22,Katghora,,"I. Pali Tehsil (Part) -(i) Haradi bazar R.I.Circle, II. Katghora Tehsil (Part) -(i) Haradibazar R.I.Circle, Dipka (CT), (ii) Katghora R.I.Circle, Korba (M Corp .) (Part) - Korba (M Corp.) - Ward No.45 to 51 and Katghora NP.",100
CHHATTISGARH,KORBA,23,Pali-Tanakhar,ST,"I. Katghora Tehsil (Part) - (i) Passan R.I.Circle, (ii) Podi- Uprora R.I.Circle (except villa ges Kasaniya (Urban) & Jurali (Urban) of PC 15-Jurali, which are part of Katghora NP Area) and II. Pali Tehsil (Part) - (i) Pali R.I.Circle.",100
CHHATTISGARH,BILASPUR,24,Marwahi,ST,"I. Marwahi Tehsil (New), II. P endraroad Tehsil (Part) -(i) Pendra R.I.Circle, (ii) Gaurella R.I.Circle (Part) - 19-Meduka PC, 20-Korja PC, 21-Newsa PC, 22-Lalpur PC, 23-Gaurella PC, 34-Jogisar PC & 35-Basti PC.",101
CHHATTISGARH,BILASPUR,25,Kota,,"I. Kota Tehsil (Part) -Ratanpur NP & Kota NP (excluding Ratanpur RIC 16-Ranigaon PC & 19 Jali PC) II. Pendraroad Tehsil (Part) - (i) Gaurella R .I.Circle (Part) - 24-Taraigoan PC, 25-Sarbahara PC, Gaurella (NP) and Pendra (NP).",101
CHHATTISGARH,BILASPUR,26,Lormi,,I. Lormi Tehsil (Including Lormi NP).,101
CHHATTISGARH,BILASPUR,27,Mungeli,SC,I. Mungeli Tehsil (Part) -(i) Mungeli R.I.Circle (Including Mungeli M+OG) and (ii) Jarhagaon R.I.Circle.,101
CHHATTISGARH,BILASPUR,28,Takhatpur,,Takhatpur Tehsil.,101
CHHATTISGARH,BILASPUR,29,Bilha,,"I. Bilha Tehsil (Including Bodri NP & Bilha NP), II. Mungeli Tehsil (Part) -(i) Patharia R .I.Circle, (III) Bilaspur Tehsil (Part) - (i) Bilaspur R.I.Circle (Part) - 23-Tifra PC, Bilaspur MC (Part)- Bilaspur (M Corp .)-Ward No.39, Bilaspur (M Corp.)-Ward No. 54 & Bilaspur (M Corp.)-Ward No. 55.",101
CHHATTISGARH,BILASPUR,30,Bilaspur,,Bilaspur (M+OG) (Part) - Bila spur (M Corp.)-Ward No.1 to 38 & Ward No. 44 to 53.,101
CHHATTISGARH,BILASPUR,31,Beltara,,"I. Kota Tehsil (Part) - (i) Rat anpur RIC (Part) - 16-Ranigaon PC & 19 Jali PC, II. Bilaspur Tehsil (Part) - (i) Beltara R.I.Circle, (ii) Bilaspur R.I. Circle (Part) - 13-Bharari PC, 14-Pendrawa PC, 15-Lof andi PC, 16-Sendri PC, 17-Koni PC, 18-Baima PC, 19-Mopka PC, 20 Sarkanda PC & 21 Mangala PC, Fadahakhar (Rural) Bilaspur (M+OG) (Part) - Bilaspur (M Corp.) - Ward No.40 to 43.",101
CHHATTISGARH,BILASPUR,32,Masturi,SC,I. Masturi Tehsil and II. Bilaspur Tehsil (Part) - (i) Bilaspur R.I.Circle (Part) - 24-Deorikhurdh PC.,101
CHHATTISGARH,JANJGIR-CHAMPA,33,Akaltara,,"I. Janjgir Tehsil (Part) -(i) Baloda R.I.Circle (Part), 20-Charpara PC, 21-Baloda PC, 22- Korbi PC, 23-Khisora PC, 24-Budgahan PC, 25-Pantora PC, 26-Purena PC, 27-Khaija PC, 28-Rasota PC, 29-Jawa lpur PC, 30-Jarwe PC, 31-Karmanda PC & 32 Pahariya PC, Baloda (NP), (ii) Akaltara R.I.Circle including Akaltara (NP).",101
CHHATTISGARH,JANJGIR-CHAMPA,34,Janjgir-Champa,,"I. Nawagarh Tehsil (Part) -(i) Nawagarh R.I.Circle, II. Janjgir Tehsil (Part) -(i) Janjgir R.I. Circle, Naila Janjgir (M), Champa (M), (ii) Baloda R.I.Circle (Part) - 33-Lachhanpur PC, 34-Birgahani PC & 35-Pisaud PC.",102
CHHATTISGARH,JANJGIR-CHAMPA,35,Sakti,,I. Sakti Tehsil (Including Sa kti NP) and II. Champa Tehsil (Part) - (i) Champa R.I.Circle (except Champa (M).,102
CHHATTISGARH,JANJGIR-CHAMPA,36,Chandrapur,,"I. Dabhara Tehsil, II. Malkhroda Tehsil (Part) - (i) Malkhroda R.I.Circle (Part) - 1-Mohandi Kala PC, 2-Sonadula PC, 3-Amandula PC, 5-Malkharoda PC , 6-Pota PC, 7-Sakarra PC, 8-Adhbhar PC , 9-Faguram PC, 10-Bodasagar PC, 11-Singhra PC & 12 Nagjhar PC and Adbhar Nagar Panchat.",102
CHHATTISGARH,JANJGIR-CHAMPA,37,Jaijaipur,,"I. Jaijaipur Tehsil, II. Champa T ehsil (Part) - (i) Bamhnidih R.I.Circle, II. Malkhroda Tehs il (Part) - (i) Malkhroda R.I.Circle (Part) - 4-Bade Sipat PC, 13-Chhapora PC, 14- Amlidih PC, 15-Bhedikona PC & 16-Ghoghari PC.",102
CHHATTISGARH,JANJGIR-CHAMPA,38,Pamgarh,SC,"I. Pamgarh Tehsil, II. Nawaga rh Tehsil (Part) -(i) Shivrinarayan R.I.Circle and Shivrinarayan (NP).",102
CHHATTISGARH,MAHASAMUND,39,Saraipali,SC,"I. Saraipali Tehsil (Including Sa raipali (NP), II. Basna Tehsil (Part) - (i) Bhawarpur R.I.Circl e (Part) - 1-Badesajapali PC, 2-Lohrindipa PC, 3-Salkhand PC, 4- Bichhiya PC, 5-Dularpali PC, 6-Umariya PC, 7-Bhanwar pur PC, 8-Jamdarha PC & 9-Chanat PC.",102
CHHATTISGARH,MAHASAMUND,40,Basna,,"I. Basna Tehsil (Part) (Incl uding Basna CT) - (i) Basna R.I.Circle, Basna Nagar Panchay at, (ii) Bhawarpur R.I.Circle (Part) - 10-Bi jara Bhata PC, 11-Chandarpuri PC, 12-Baradoli PC & 13-Ghanapali PC, II. Mahasamund Tehsil (Part), (i) Sankara R.I.Cir cle, (ii) Pithora R.I. Circle (Part) - 21-Arjuni PC, 22-Pi thora PC, 29-Amodidih PC, 30-Rajasewaiya Khurd PC,31-B hokaludih PC & 32-Baldidih PC and Pithora (NP).",102
CHHATTISGARH,MAHASAMUND,41,Khallari,,"I. Mahasamund Tehsil (Part) -(i) Komakhan R.I.Circle, (ii) Khallari R.I.Circle, Bagbahara (N P), (iii) Pithora R.I. Circle (Part), 18-Khusrupali PC, 19-Kasahibahara PC, 20-Gadbeda PC, 23-Thakurdiya Khurd PC, 24-Kotadadar PC, 25-Kodo Pali PC, 26-Kolda PC, 27-Churrupali PC & 28-Bundeli PC.",102
CHHATTISGARH,MAHASAMUND,42,Mahasamund,,"I. Mahasamund Tehsil (Part) -( i) Patewa R.I.Circle, (ii) Mahasamund R.I.Circle and (iii) Mahasamund Nagar Palika.",103
CHHATTISGARH,RAIPUR,43,Bilaigarh,SC,I. Bilaigarh Tehsil (Including Bilaigarh NP & Bhatgaon NP) and II. Kasdol Tehsil (Part) - (i) Gidhauri R.I.Circle.,103
CHHATTISGARH,RAIPUR,44,Kasdol,,"I. Palari Tehsil (Including Palari NP), II. Kasdol Tehsil (Part) - (i) Kasdol R.I.Circle, Kas dol NP(New) and II. Balodabazar Tehsil (Part) - (i) Lawan R.I.Circle (Including Lawan NP).",103
CHHATTISGARH,RAIPUR,45,Baloda Bazar,,I. Balodabazar Tehsil (Part) -( i) Baloda Bazar R.I.Circle and Baloda Bazar NP II. Tilda Tehsil (Part) - (i) Tilda R.I.Circle and Tilda Newra (M+OG) and III. Simga Tehsil (Part) - (i) Jarod RIC.,103
CHHATTISGARH,RAIPUR,46,Bhatapara,,I. Bhatapara Tehsil (including Bhatapara (M) II. Simga Tehsil (Part) - (i) Simga RIC and Simga NP.,103
CHHATTISGARH,RAIPUR,47,Dharsiwa,,"I. Tilda Tehsil (Part) -(i) K harora R.I.Circle, Kharora NP, II. Raipur Tehsil (Part) - (i) Dharsiwa-1 R.I.Circle, (ii) Dharsiwa-2 R.I.Circle, (ii) Raipur-1 R.I.Circle (Part) - 24-Shankar Nagar PC, 25-Tulsi PC & 26-Serikhedi PC.",103
CHHATTISGARH,RAIPUR,48,Raipur Rural,,"I. Raipur Tehsil (Part) - (i) Ra ipur-2 R.I.Circle, Nagar Palika Birgoan, (ii) Raipur-1 R.I.Cir cle (Part) - 32-Tatibandh PC, 35-Boria Khurd PC, 36-Sejbahar PC, 37-Boria Kalan PC, 38-Dumartarai PC & 39-Mana PC, Raipur (M Corp.) (Part), Tikrapara (Lalpur), Purena ( OG) -Ward No.59, Fundahar (Fundhar), Amlidih, Amlidih (OG) -Ward No.60, Labhandih, Labhandih (OG) - Ward No.58, Teli Bandha (OG) -Ward No.57, Sardhoo (Sardhu), Daldal Seoni, Shankarnagar (OG) - Ward No.56, Mowa (CT) - Wa rd No.1, Bhanpuri (CT) -Ward No.1, Gondwara, Gogaon (CT) -W ard No.1, Khamtarai (OG) - Ward No.66 and Sondongari.",103
CHHATTISGARH,RAIPUR,49,Raipur City West,,"I. Raipur Tehsil (Part) - Raipur (M Corp.) (Part) - Raipur (M Corp.) - Ward No.1 to 11, Ward No.53 & Ward No.54, Tatibandha (OG) - Ward No.64, Ra ipura (OG) - Ward No.63, Sarona, Hirapur Jarway (OG) -Ward No.65, Jarway Alias Hirapur, Chandanidih and Atari.",103
CHHATTISGARH,RAIPUR,50,Raipur City North,,I. Raipur Tehsil (Part) - Raipur (M Corp.) (Part) - Raipur (M Corp.) - Ward No.12 to 33.,103
CHHATTISGARH,RAIPUR,51,Raipur City South,,"I. Raipur Tehsil (Part) - Raipur (M Corp.) (Part) - Raipur (M Corp.) - Ward No.34 to 52 & 55, Changorabhata (OG) -Ward No.61, Bhatagaon and Mathpuram.",103
CHHATTISGARH,RAIPUR,52,Arang,SC,"I. Arang Tehsil (Part) - (i) Mandir Hasaud R.I.Circle, (ii)Arang R.I.Circle (Part) - 23-Lakholi PC, 24-Rasni PC, 25-Khamtarai PC, 26-Farfaud PC, 27-Bana PC, 28-Kosrangi PC, 29-Bhainsa PC, 30-Khorsi PC, 31-Bhandar PC, 32-Korasi PC, 33-Pirda PC, 34-Amodi PC, 35-Kurud PC, 36- Kusmund PC, 37-Tulsi PC, 38-Sankari PC, 39-Banarsi PC, 40-Deori PC, 41-Gullu PC, 42-Arang PC, 43- Paragaon PC & Arang NP.",104
CHHATTISGARH,RAIPUR,53,Abhanpur,,"I. Abhanpur Tehsil (Including Gobra Nawapara M), II. Arang Tehsil (Part) - (i) Arang R.I. Circle (Part) - 44-Nisda PC, 45-Bhilai PC, 46-Charauda PC , 47-Ban Charauda PC & 48-Gaurbhath PC.",104
CHHATTISGARH,RAIPUR,54,Rajim,,"I. Rajim Tehsil (Including Rajim NP New), II. Bindranawagarh Tehsil (Part) -(i) Churra R.I. Circle (Part) (Except 14 Semhara PC, 15 Kansinghi PC and 16 Kunderadadar PC), (ii) Gariyaband R.I.Circle (Part) - 20-Kochbay PC 21-Malgaon PC, 22-Patharmohada PC & 25-Gariaband PC.",104
CHHATTISGARH,RAIPUR,55,Bindranawagarh,ST,"I. Deobhog Tehsil, II. Bindranawagarh Tehsil (Part) - (i) Mainpur R.I.Circle, (ii) Chu rra RIC (Part) - 14 Semhara PC, 15 Kansinghi PC and 16 Kunderadadar PC (iii) Gariyaband R.I.Circle (Part) - 17-Piparc hhedikalan PC, 18-Fulkarra PC, 19-Parsuli PC, , 23-Majarkata PC, 24-Paragaon PC, 26-Nahargaon PC, 27-Parsuli Khurd PC, 28- A madi PC, 29-Bindranawagarh PC & 30-Dhawalpurdih PC.",104
CHHATTISGARH,DHAMTARI,56,Sihawa,ST,"I. Nagri Tehsil, II. Kurud T ehsil (Part) - (i) Magarload R.I.Circle (Part) - 35-S onewara PC, 36-Mohandi PC, 37-Beloura PC, 38-Magarlod PC, 39-Kareli Chhoti PC, 45-Khisora PC, 46-Bhothidih PC, 47- A mlidih PC, 48-Belardona PC, 49-Pathar PC, 50-Mohera PC & 51-Singpur PC.",104
CHHATTISGARH,DHAMTARI,57,Kurud,,"I. Kurud Tehsil (Part) - (i) Ku rud R.I.Circle, Kurud (NP), (ii) Magarload R.I.Circle (Par t) - 40-Megha PC, 41-Kareli PC, 42-Chandna PC, 43-Bhendri PC & 44 Kundel PC.",104
CHHATTISGARH,DHAMTARI,58,Dhamtari,,I. Dhamtari Tehsil (Including Dhamtari M).,104
CHHATTISGARH,DURG,59,Sanjari Balod,,I. Gurur Tehsil and II. Sanjari Balod Tehsil (Part) -(i) Balod R.I.Circle (Including Balod NP).,104
CHHATTISGARH,DURG,60,Dondi Lohara,ST,"I. Sanjari Balod Tehsil (Part) - (i) Dalli Rajhara R.I.Circle - (Including Dalli-Rajhara M+OG) and II. Dondi Lohara Tehsil (Part) - (i)Dondi Lohara R.I.Circl e, (ii) Khertha R.I.Circle (Part) - 9-Khertha PC, 10-Sanj ari PC, 11-Achholi PC & 12- Garka PC.",105
CHHATTISGARH,DURG,61,Gunderdehi,,"I. Gunderdehi Tehsil (Including Gunderdehi NP) and II. Dondi Lohara Tehsil (Part) - (i) Kher tha R.I.Circle (Part) - 1- Pinkapar PC, 2-Chendriban Nawagaon PC, 3-Jewartala PC, 4-Ranitarai PC, 5-Nahanda PC, 6-Khamtarai PC, 7-Radho Nawagaon PC, 8-Dewari PC, 13-Mudhiya PC, 14-Suregaon PC, 15-Pasoud PC, 16-Faradf od PC, 17-Singapur PC, 18- Hadgahan PC, 19-Kashikala PC & 20-Bundeli PC.",105
CHHATTISGARH,DURG,62,Patan,,"I. Patan Tehsil (Part) - (i) Pa tan R.I.Circle, (ii) Bhilai-3 R.I.Circle (except Bhillai C haroda (M), Patan NP and II. Dhamdha Tehsil (Part) - Kumhari (M).",105
CHHATTISGARH,DURG,63,Durg-Rural,,"I. Durg Tehsil (Part) - (i) Anda R.I. Circle, (ii) Durg-II R.I.Circle, (iii) Durg-I R.I.Circle (Part) - 5-Anjora PC & 18-Pulgaon PC (except Durg M Corp.) and Bhila i Nagar (M Corp.) (Part) - Bhilai Nagar (M Corp.) - Ward No.54, 55, 58 to 67.",105
CHHATTISGARH,DURG,64,Durg City,,I. Durg Tehsil (Part) - Durg (M Corp.).,105
CHHATTISGARH,DURG,65,Bhilai Nagar,,"I. Durg Tehsil (Part) - Bhilai Nagar (M Corp.) (Part) - Bhilai Nagar (M Corp.) - Ward No.17, 27 to 53, 56 & 57.",105
CHHATTISGARH,DURG,66,Vaishali Nagar,,I. Durg Tehsil (Part) - Bhilai Nagar (M Corp.) (Part) - Bhilai Nagar (M Corp.) - Ward No.1 to 16 & 18 to 26.,105
CHHATTISGARH,DURG,67,Ahiwara,SC,"I. Dhamdha Tehsil (Part) - (i) Ahiwara R.I.Circle (Part) - 25-Kodiya PC, 26-Aheri PC, 28-Medesara PC, 29-Nandni khudani PC, 35-Semariya PC, 36-Khapri PC, 37-Pahra PC, 38-Godhi PC, 39-Oteband PC, 40-Kapasda PC, 41- A chhoti PC, 42-Nardha PC, 43-Kher dha PC, 44-Nandauri PC, 45- Limtara PC, Ahiwara (NP), Jamu l (NP) (Part), Bhilai Charoda (M) (Part) - Ward no. 3 & 5, II. Durg Tehsil (Part) - (i) Durg-I R.I.Circle (Part) - 1-Anjora Dhaba PC, 7-Bhendsar PC, 8- Sirsa Khurd PC, 9-Karanja Bhilai PC, 10-Nankatthi PC, 11-Arasnare PC & 12-Dhaur PC, Jamul (NP) (Part), Nagar Palika Bhilai Charoda (Part) -W ard No. 1 & 2, III. Patan Tehsil (Part) - Bhilai Charoda (M) (Part) - Bhilai Charoda (M) - Ward No.4, 6 to 28.",105
CHHATTISGARH,DURG,68,Saja,,"I. Saja Tehsil (Including Saja NP), II. Dhamdha Tehsil (Part) - (i) Dhamdha R.I.Circle and Dhamdha (NP).",105
CHHATTISGARH,DURG,69,Bemetara,,"I. Berla Tehsil (Including Berla NP ), II. Bemetara Tehsli (Part) - (i) Bemetara R.I.Circle (Par t) - 24-Bahera PC, 25-Pikri PC, 26-Singhori PC, 27-Ninwan PC, 28-Khilora PC, 30-Babamohtara PC, 31-Kobi ya PC, 32-Bijabhat PC, 33-Patharra PC, 34-Kusmi PC & 35-Jewara PC, Bemetra (NP) and III. Dhamdha Tehsil (Part) - (i) Ahiwara R.I.Circle (Part) - 30-Biroda PC, 31-Dargaon PC, 32-Thengabhat PC, 33-Moharenga PC & 34-Pendritari PC.",106
CHHATTISGARH,DURG,70,Nawagarh,SC,"I. Nawagarh Tehsil and II. Bemetara Tehsli (Part) -(i) Khandsara R.I.Circle (ii) Beme tara R.I.Circle (Part) - 20-Bhansuli PC, 21-Balsamund PC, 22-Dhara PC, 23-Bilai PC, 36-Arjuni PC, 37-Moharenga PC, 38-Pousari PC, 39-Jhiriya PC & 40-Mau PC.",106
CHHATTISGARH,KABIRDHAM,71,Pandariya,,"I. Pandariya Tehsil (Including Pandariya NP), II. Kawardha Tehsil (Part) - (i) Dasragpur R .I.Circle and (ii) Virendra Nagar R.I.Circle.",106
CHHATTISGARH,KABIRDHAM,72,Kawardha,,"I. Kawardha Tehsil (Part) - (i) Kawardha -1 R.I.Circle (ii) Kawardha -2 R.I.Circle, (iii) B odala R.I.Circle, (iv) Rengakhar R.I.Circle, (v) S-Lohara R.I.Circle and Kawardha (M+OG).",106
CHHATTISGARH,RAJNANDGAON,73,Khairagarh,,"I. Khairagarh Tehsil (Part) -( i) Khairagarh R.I.Circle, Khairagarh (NP) and II. Chhuikhadan Tehsil (Including Chhuikhadan NP & Gandai NP).",106
CHHATTISGARH,RAJNANDGAON,74,Dongargarh,SC,"I. Rajnandgaon Tehsil (Part) -(i) Ghumka R.I.Circle, (ii) Rajnandgaon -I R.I.Circle (Part) - 19-Tilai PC & 20-Renga Kathera PC, II. Dongargarh Tehsil (Part) - (i) Dongargarh R.I.Circle (Part) - 1-Deokatta PC, 2-Dhara PC, 3-Belgaon PC, 4-Bijnapur PC, 5-Jarwahi PC, 10-Dodki PC, 14-Nagtarai PC & 15-Dongar garh PC, Dongargarh (M), and III. Khairagarh Tehsil (Part) - (i) Pandadah R.I.Circle.",106
CHHATTISGARH,RAJNANDGAON,75,Rajnandgaon,,"I. Rajnandgaon Tehsil (Part) - (i ) Rajnandgaon -2 R.I.Circle, Nagar Nigam Rajnandgaon, (ii) Rajnandgaon -I R.I.Circle (Part) - 21-Dhaba (M Corp.) PC, 22-Gadhula PC, 28- Tendesara PC, 29-Sankra PC, 30-Somni PC, 31- A rla PC, 32-Surgi PC, 33-Mohad (M Corp .) PC, 34-Kanharpuri (M Corp.) PC, 35/1-Chikhali (M Co rp.), 36-Kaurinbhatha PC, 3- Dhangaon PC, 4-Pendri (M Corp.) PC, 25-Singhola PC & 26- Dhamansara PC.",106
CHHATTISGARH,RAJNANDGAON,76,Dongargaon,,"I. Dongargaon Tehsil (Including Dongargaon NP), II. Dongargarh Tehsil (Part) -(i) Lal Bahadur Nagar R.I.Circle (except Dongargarh (M), (ii) D ongargarh R.I.Circle (Part) - 6- Vishnupur PC, 7-Bilhari PC, 8- Nawagaon Aniya PC, 9-Saltikri PC, 11-Musa ra Kalan PC, 12-Renga Kathera PC & 13 Musra Khurd PC.",107
CHHATTISGARH,RAJNANDGAON,77,Khujji,,"I. Ambagarh Tehsil (Part) - (i) Ambagarh R.I.Circle (Part) - 1-Pendalkuhi PC, 3-Chilhat i PC, 4-Rengakathera PC, 5-Khora Tola PC, 6 Hodi Tola PC, 7-Khursipar PC, 8-Joratarai PC, 9-Gundardehi PC, 10-Atra PC, 11-Hitaguda PC, 12-Ambagarh Chouki (NP) & 20-Bhadsena PC, Ambagarh Chowki (NP), II. Rajnandgaon Tehsil (Part) - (i) Chhuria R.I.Circle and (ii) Khujji R.I.Circle.",107
CHHATTISGARH,RAJNANDGAON,78,Mohla-Manpur,ST,"I. Manpur Tehsil, II. Mohla Tehsil and III. Ambagarh Tehsil (Part) - (i) Ambagarh R.I.Cir cle (Part) - 2-Mirche PC, 13-Atargaon PC, 14-Bagnara PC, 15-Adejhar PC, 16-Hitkasa PC, 17-Araj Kund PC, 18-Kaudikasa PC, 19-Pandri Tarai PC, 21-Mongra PC, 22-Kuturghoda PC & 23-Mudpar PC.",107
CHHATTISGARH,UTTAR BASTAR (KANKER),79,Antagarh,ST,I. Antagarh Tehsil and II. Pakhanjur Tehsil.,107
CHHATTISGARH,UTTAR BASTAR (KANKER),80,Bhanupratappur,ST,I. Charama Tehsil and II. Bhanupratappur Tehsil.,107
CHHATTISGARH,UTTAR BASTAR (KANKER),81,Kanker,ST,I. Kanker Tehsil (Including M+OG) and II. Narharpur Tehsil.,107
CHHATTISGARH,BASTAR,82,Keshkal,ST,I. Keshkal Tehsil and II Kondagaon Tehsil (Part) - (i) Pharasgaon R.I.Circle.,107
CHHATTISGARH,BASTAR,83,Kondagaon,ST,I. Kondagaon Tehsil (Part) - (i) Kondagaon R.I.Circle - (Including Kondagaon M) and (ii) Makadi R.I.Circle.,107
CHHATTISGARH,BASTAR,84,Narayanpur,ST,"I. Narayanpur Tehsil, II. Kondagaon Tehsil (Part) - (i) Mardapal R.I.Circle and III. Jagdalpur Tehsil (Part) - (i) Bhanpuri R.I.Circle.",107
CHHATTISGARH,BASTAR,85,Bastar,ST,"I. Jagdalpur Tehsil (Part) -(i) Bastar R.I.Circle, (ii) Karpawand R.I.Circle, and (iii) Bakawand R.I.Circle.",107
CHHATTISGARH,BASTAR,86,Jagdalpur,,"I. Jagdalpur Tehsil (Part) - (i) Jagdalpur R.I.Circle (A), (ii) Jagdalpur R.I.Circle (B), Jagdalpur (M+OG), (ii) Darbha R.I.Circle (Part) - 75-Ch ingpal PC, 76-Darbha PC, 78-Tahakwada PC.",108
CHHATTISGARH,BASTAR,87,Chitrakot,ST,"I. Jagdalpur Tehsil (Part) -(i) Keshloor R.I.Circle, (ii) Bastanar R.I.Circle. (iii) Chit rakot R.I.Circle, (iv) Darbha R.I.Circle (Part) - 68-Dilmili PC , 69-Kelaur PC, 70-Pakhnar PC, 71-Katenar PC, 72-Chitapur PC & 77-Chhindawara PC, 79-Kukanar PC & 80-Kokaw ada PC and Kukanar Nagar Panchayat.",108
CHHATTISGARH,DAKSHIN BASTAR (DANTEWADA),88,Dantewada,ST,"I. Dantewada Tehsil (Includi ng-Geedam CT, Dantewada N Bade Bacheli NP, Kirandul M).",108
CHHATTISGARH,DAKSHIN BASTAR (DANTEWADA),89,Bijapur,ST,I. Bhopalpattanam Tehsil and II. Bijapur Tehsil.,108
CHHATTISGARH,DAKSHIN BASTAR (DANTEWADA),90,Konta,ST,I. Konta Tehsil.,108
GOA,NORTH GOA,1,Mandrem,,"Sazas: 1. Querim, 2. Palie m, 3. Arambol, 4. Tuem, 5. Parcem(CT), 6. Mandrem, 7. Morgim and 8. Chopdem in Pernem Taluka.",111
GOA,NORTH GOA,2,Pernem,SC,"Sazas: 1. Pernem, 2. Poroscodem , 3. Varconda, 4. Torxem, 5. Cansarvornem, 6. Alorna, 7. Ibrampur, 8. Dargalim, 9. Corgao, 10. Ozorim and 11. Pernem (MCL) in Pernem Taluka.",111
GOA,NORTH GOA,3,Bicholim,,"Sazas: 1. Mencurem, 2. Sale m, 3. Latambarcem, 4. Adwalpale and 5. Bicholim (MCL) in Bicholim Taluka; Mulgao Village of Sirigao Saza in Bicholim Taluka.",111
GOA,NORTH GOA,4,Tivim,,"Sazas:1. Revora, 2. Pirna, 3. A ssonora, 4. Sirsaim, 5. Tivim, 6. Colvale (CT) and 7. Camurlim in Bardez Taluka.",111
GOA,NORTH GOA,5,Mapusa,,Mapusa (MCL) -Ward Nos.1 to 3 and 5 to 13 in Bardez Taluka.,111
GOA,NORTH GOA,6,Siolim,,"Sazas : 1. Oxel, 2. Verla, 3. Ma rna, 4. Assagao, 5. Anjuna and 6. Siolim (CT) in Bardez Taluka",111
GOA,NORTH GOA,7,Saligao,,"Sazas: 1. Nerul, 2. Pilerne, 3. Reis Magos, 4. Saligao, 5. Sangolda and 6. Guirim (CT) in Bardez Taluka",111
GOA,NORTH GOA,8,Calangute,,"Sazas: 1. Arpora, 2. Parra, 3. Calangute and 4. Candolim in Bardez Taluka.",111
GOA,NORTH GOA,9,Porvorim,,"Sazas: 1. Salvador do Mundo, 2. Socorro and 3. Penha-de- Franca (CT) in Bardez Taluka.",111
GOA,NORTH GOA,10,Aldona,,"Sazas: 1. Aldona (CT) 2. Pomburpa, 3. Moira, 4. Ucassaim, 5. Bastora and 6. Ward No . 4 of Mapusa (MCL) in Bardez Taluka.",111
GOA,NORTH GOA,11,Panaji,,Municipal Corporatiion of City of Panaji -Ward No.8 to 11 and 13 to 18 of Panaji Saza in Tiswadi Taluka and Panelim (OG)-Ward No. 17 of Ella Saza in Tiswadi Taluka.,112
GOA,NORTH GOA,12,Taleigao,,Municipal Corporatiion of City of Panaji -Ward No.1 to 7and Ward No. 12 of Sazas Panaji and Taleigaon in Tiswadi Taluka.,112
GOA,NORTH GOA,13,St. Cruz,,"1. Morambi-O-Grande (Merces) ( OG) 2. Renovadi (OG), 3. Morambi-O-Pequeno(Merces) (OG) and 4. Murda (OG) of Morambi-O-Pequeno(Merces) Saza in Tiswadi Taluka; Chimbel Saza and, 1. Calapur (CT) and, 2. Cujira (OG) - Ward No.21 of Calapor Saza in Tiswadi Taluka.",112
GOA,NORTH GOA,14,St. Andre,,"Sazas:1. Curca, 2. Mandur, 3. Batim, 4. Siridao, 5. Neura-O- Grande, 6. Mercurim and 7. Goa Velha in Tiswadi Taluka.",112
GOA,NORTH GOA,15,Cumbarjua,,"Sazas:1. Jua, 2. Malar, 3. Goltim, 4. Cumbarjua and 5. Corlim in Tiswadi Taluka; 1. Ella village , 2. Bainguinim village of Ella Saza and 3. Carambolim Saza in Tiswadi Taluka;",112
GOA,NORTH GOA,16,Maem,,"Sazas:1. Maulinguem (North), 2. Carapur, 3. Naroa 4. Piligao and 5. Mayem Saza in Bicholim Talu ka; 1. Sirigao village of Sirigao Saza in Bicholim Taluka; Chorao Saza in Tiswadi Taluka.",112
GOA,NORTH GOA,17,Sanquelim,,"Sazas:1. Cudnem, 2. Amona, 3. Nave lim, 4. Pale, 5. Surla, 6. Velguem and 7. Sanquelim in Bicholim Taluka.",112
GOA,NORTH GOA,18,Poriem,,"Sazas:1. Querim, 2. Dongurli, 3. Po riem, 4. Morlem, 5. Onda, 6. Mauxi, 7. Pissurlem and 8. Birondem in Satari Taluka.",112
GOA,NORTH GOA,19,Valpoi,,"Sazas:1. Nagargao, 2. Sanvordem , 3. Cotorem, 4. Guleli and 5. Valpoi (MCL) in Satari Ta luka; Saza Usgao in Ponda Taluka.",112
GOA,NORTH GOA,20,Priol,,"Sazas: 1. Candola, 2. Orgao, 3. Savoi-Verem, 4. Boma, 5. Priol and 6. Querim in Ponda Taluka.",112
GOA,NORTH GOA,21,Ponda,,1.Candepar Saza and 2. Ponda (MCL) in Ponda Taluka.,112
GOA,NORTH GOA,22,Siroda,,"Sazas: 1. Betora, 2. Borim, 3. Shiroda and 4. Panchawadi in Ponda Taluka.",112
GOA,NORTH GOA,23,Marcaim,,"Sazas:1. Cundaim, 2. Telaulim, 3. Marcaim, 4. Durbhat, 5. Bandora and 6. Queula in Ponda Taluka.",112
GOA,SOUTH GOA,24,Mormugao,,Mormugao (MCL) - Ward Nos.1 to 8 of Mormugao Saza in Mormugao Taluka.,113
GOA,SOUTH GOA,25,Vasco-Da-Gama,,Mormugao (MCL) - Ward Nos.9 to 17 of Mormugao Saza in Mormugao Taluka.,113
GOA,SOUTH GOA,26,Dabolim,,Saza Chicalim in Mormugao Taluka; Mormugao (MCL) - Ward No.18 to 20 of Mormugao Saza in Mormugao Taluka;,113
GOA,SOUTH GOA,27,Cortalim,,"Sazas:1. Cortalim, 2. Cansaulim, 3. Velsao and 4. Sancoale in Mormugao Taluka.",113
GOA,SOUTH GOA,28,Nuvem,,"Sazas:1. Verna, 2. Loutulim, 3. Nuvem, 4. Majorda and 5. Betalbatim in Salcete Taluka.",113
GOA,SOUTH GOA,29,Curtorim,,"Sazas:1. Camurlim, 2. Raia and 3. Curtorim in Salcete Taluka; Ward No.3 of Margao (MCL) in Margaon Saza of Salcete Taluka;",113
GOA,SOUTH GOA,30,Fatorda,,"Sazas: Ward Nos.1, 2, 11, 12, 15 and 16 of Margao (MCL) in Margao Saza of Salcete Taluka.",113
GOA,SOUTH GOA,31,Margao,,"Ward Nos.4 to 10, 13 and 14 of Margao (MCL) in Margao Saza of Salcete Taluka.",113
GOA,SOUTH GOA,32,Benaulim,,"Sazas:1. Colva, 2. Seraulim, 3. Benaulim, 4. Varca, 5. Carmona and 6. Cavelossim in Salcete Taluka.",113
GOA,SOUTH GOA,33,Navelim,,"Sazas: 1. Navelim , 2. Talaulim and 3. Aquem (CT), in Salcete Taluka; Davorlim (CT) of Davorlim Saza in Salcete Taluka;",113
GOA,SOUTH GOA,34,Cuncolim,,"Sazas:1. Macasana, 2. Guirdo lim, 3. Chandor, 4. Paroda and 5. Cuncolim(MCL) in Salcete Ta luka. 1. Ambaulim and 2. Bali villages of Ambaulim Saza in Quepem Taluka.",113
GOA,SOUTH GOA,35,Velim,,"Sazas: 1. Sarzora, 2. Assolna, 3. Velim, 4. Chinchinim, 5. Sao Jose de Areal and 6. Dramapur in Salcete Taluka; Dicarpale village in Davorlim Saza of Salcete Taluka;",113
GOA,SOUTH GOA,36,Quepem,,"Sazas: 1. Fatorpa, 2. Barcem , 3. Quepem (MCL), 4. Naqueirim and 5. Avedem of Quepem Taluka ; Villages: 1. Cordem, 2. Adnem, 3. Bendorem and 4. Tiloi in Ambaulim Saza of Quepem Taluka. Cola Saza in Canacona Taluka.",113
GOA,SOUTH GOA,37,Curchorem,,"Sazas: 1. Assolda, 2. Amona, 3. Xeldem and 4. Curchorem in Quepem Taluka.",114
GOA,SOUTH GOA,38,Sanvordem,,"Sazas: 1. Dharbandora, 2. Sancor dem, 3. Molem, 4. Colem, 5. Codli, 6. Sanvordem, and 7. Calem in Sanguem Taluka.",114
GOA,SOUTH GOA,39,Sanguem,,"Sazas:1. Uguem, 2. Bati, 3. Riv ona, 4. Curdi, 5. Netorli and Sanguem (MCL) in Sanguem Taluka; Sazas : 1.Molcarnem and 2. Cavorem in Quepem Taluka.",114
GOA,SOUTH GOA,40,Canacona,,"Sazas: 1. Gaodongrem, 2. Cotigao, 3. Agonda, 4. Canacona, 5. Poinguinim, 6. Loliem and 7. Canacona (MCL) in Canacona Taluka.",114
GUJARAT,KACHCHH,1,Abdasa,,"1. Lakhpat Taluka, 2. Nakhatrana Taluka. 3. Abdasa Taluka.",116
GUJARAT,KACHCHH,2,Mandvi,,1.Mandvi Taluka 2.Mundra Taluka.,116
GUJARAT,KACHCHH,3,Bhuj,,"Bhuj Taluka (Part) Villages - Luna, Bhitara Mota, Udhmo, Gorewali, Khavda, Ratadiya, Deenara, Dhr obana, Kuran, Jam-Kunariya, Juna, Sadhara, Andhau, Dhoravar, Ludiya, Godpar (Khavda), Khari, Soyla, Mithdi, Bhagadio, Shervo, Hodka, Bhirandiyara, Dedhiya Nana-Mota, Daddhar Nani, Daddhar Moti, Misariy ado, Bhojardo, Berdo, Raiyada, Kharod, Dhori, Sumarasar -Shekhv ali, Loria, Zura, Kamaguna, Mod Bhakhari, Notiyar Bhakhari, Nok haniya, Kunariya, Kotay, Fulay, Makanpar, Dhonsa, Baukho Odheja, Baukho Sama, Tankanasar, Vatachhad, Vyara, Natharkui, Vinc hhiya, Sumarasar (Jatvali), Virai, Khilna, Ratiya, Kodki, Makhna, Pirvadi, Payarka, Kuvathada, Sadau Rakhal, Fulra Timbo, Anandsar, K anpar, Fotdi, Kalyanpar, Godsar (Rakhal), Mirjapar, Sukhpar, Mankuv a, Nagiyari, Deshalpar, Kurbai, Nabhoi, Vandhay, Samatra, Bharasar , Vandh Sim, Sedata, Naranpar Ravri, Vadasar, Zizu Timbo, Sarli, Dahinsara, Godpar (Sarli), Meghpar, Naranpar Pasayati, Chunadi, Gajod, Medisar Rakhal, Traya Bhakhari, Bhuj (M), Madhapar.",116
GUJARAT,KACHCHH,4,Anjar,,"1. Anjar Taluka - Entire taluka except village - Varsana. 2. Bhuj Taluka (Part) Villages - Dhrang, Lodai, Vatra, Dharampur, Jawaharnagar, Lothia, Modsar, Mok hana, Dagala, Naliyeri Timbo, Nadapa, Habay, Chapredi, Boladi, Zi kadi, Paiya, Sangad Timbo, Sarspar, Rudramata, Nagor, Tram bau, Varnora Nana, Raydhanpar, Varnora Mota, Galpadar, Kali Tala vdi, Mamuara, Kanaiyabe, Ukhad Mora, Dhaneti, Vadvara, Padhar, Lakhond, Traya, Purasar, Gado, Bhujodi, Kukma, Reldi Moti, Reldi Nani, Kandherai, Chubdak, Gandher, Saiyedpar, Vavdi, Vadva, Ler, Jadur a, Reha Mota, Tharavada Nana, Tharavada Mota, Sakrai Timbo, Haj apar, Harudi, Reha Nana, Sanosara, Sapar Timbo, Bharapar, Baladiya, Kotda Athamana, Jambudi, Kotda Ugamana, Varli, Bandhar a Nana, Chakar, Bandhara Mota, Vadzar, Zumkha, Kera, Ghoghra Timbo, Palara.",116
GUJARAT,KACHCHH,5,Gandhidham,SC,"1. Gandhidham Taluka. 2. Bhachau Taluka (Part) Villages - Kadol, Manfara, Vamka, May, Kharoi, Ner, Baniari, Morgar , Amardi, Kabrau, Kumbhardi, Bandhadi, Shikra, Meghpar (Kunj isar), Karmariya, Vondhada, Halra, Rampar, Lakhpat, Vijpas ar, Vondh, Chopadva, Lunva, Sukhpar, Bhujpar, Chirai N ani, Chirai Moti, Chhadavada, Samakhiari, Piprapati, Bhachau (M). 3. Anjar Taluka (Part) Village - Varsana.",117
GUJARAT,KACHCHH,6,Rapar,,"1. Rapar Taluka. 2. Bhachau Taluka (Part) Villages - Dholavira, Kharoda, Kalyanpar, Janan, Ratanpar, Gadhada, Amarapar , Ganeshpar, Bambhanka, Bapuari, Bharudia, Kankhoi, Chobar i, Kakarva, Kanthkot, Nara, Gamdau, Toraniya, Jadsa, Adhoi (Pasakayara), Pasa, Vasatva, Shivlakha, Lakadiya, Gharana, Rajansar, Khodasar, Rajthali, Chandrodi, Naransari, Katariya Juna, Katariya Nava, Laliana, Amaliyara, Jangi, Godpar, Vandhiya, Modpar, Lakhapar, Lakhdhirgadh (Alepar), Shikarpur. 02 - DISTRICT BANASKANTHA",117
GUJARAT,KACHCHH,7,Vav,,1. Vav Taluka. 2. Bhabhar Taluka. 3. Santalpur Taluka (Part) of Patan District Village - Kesargadh.,117
GUJARAT,KACHCHH,8,Tharad,,Tharad Taluka.,117
GUJARAT,KACHCHH,9,Dhanera,,1. Dhanera Taluka. 2. Palanpur Taluka (Part) Village - Jorapura Bhakhar. 3. Dantiwada Taluka.,117
GUJARAT,KACHCHH,10,Danta,ST,1. Amirgadh Taluka. 2. Danta Taluka.,117
GUJARAT,KACHCHH,11,Vadgam,SC,"1. Vadgam Taluka. 2. Palanpur Taluka (Part) Vill ages - Hathidra, Kumpar, Godh, Dhandha, Khasa, Hoda, Galwada, Sagrosana, Bhagal (Jagana), Manaka, Gola, Merwada (Ratanpu r), Vagda, Jagana, Vasna (Jagana), Badarpura (Kalusana), Saripada, Patosan, Salla, Sasam, Takarwada, Tokariya, S edrasana, Kamalpur, Fatepur, Semodra, Asmapura (Gola), D helana, Kharodiya, Jasleni, Badargadh, Kanodar (CT).",117
GUJARAT,KACHCHH,12,Palanpur,,"Palanpur Taluka (Part) Villages - Surajpura, Ranawas, Juvol, Chekhala, Rampura (Karaza), B hatamal Nani, Akedi, Badarpura (Bhutedi), Vadhana, Madana (Dangiya ), Kotda (Bhakhar), Mota, Chandisar, Kushakal, Delwada, Rajpur (Pakhanva), Bhutedi, Sangla, Bhatamal Moti, Antroli, Pirojpura(Tankani), Kotda (Chand Gadh), Chitrasani, Ranpuriya, Uk arda, Malpuriya, Jaspuriya, Hebatpur, Malana, Pakhanwa, Moriya, Lunwa, Varwadia, Khemana, Sangra, Lax manpura, Hasanpur, Merwada (Mahajan), Pedagara, Malan, Vasda (Fatepu r), Manpur (Karjoda), Asmapura (Karjoda), Karjoda, Songadh, Parpada, Angola, Badarpura (Parpada), Badarpura (Khodla), K hodla, Kumbhalmer, Sundha, Samdhi Ranajivas, Samdhi (Motavas), Samdhi (Nadhanivas), Vasani, Kumbhasan, Vedancha, Ak esan, Chadotar, Sadarpur, Aligadh, Vasda (Mujpur), Nalasar, Ambaliyal, Jadial, Bhatwadi, Vasan, Bhagal (Pipli), Dhaniyana, Ambetha, Virpur, Ratanpur, Gathaman, Bhavisana, Salempur a, Gadh, Talepura (Madana), Dalwada, Madana (Gadh), Esbipura, Lalawada, Sambarda, Pipli, Gopalpura, Ruppura, Palanpur (M), Palanpur (Rural).",117
GUJARAT,KACHCHH,13,Deesa,,"Deesa Taluka (Part) Villages - Sunthiya, Chora, Ramun, Dhanavada, Bural, Kuchavada, Vi runa, Vithodar, Bhachalva, Tetoda, Ramsan, Nagafana, Koc hasana, Javal, Talegadh, Robas Nani, Robas Moti, Fagudra, Agdol , Sodapur, Meda, Kotha, Ghada, Dhanpura, Talepura, Thervada, J herda, Pamaru, Gugal, Varan, Sherpura, Kunvara Padar, Kasari , Baiwada, Morthal Golia, Genaji rabari Golia, Chandaji Golia, Bhadath, Chatrala, Latiya, Vasada, Davas, Shamsherpura, Yavarpur a, Laxmipura, Dama, Jorapura, Akhol Nani, Akhol Moti, Mahadeviy a, Vadli Farm, Ranpur Athamno Vas, Ranpur Vachlovas, Ranpur Ugamno Vas, Kant, Rajpur, Sherganj, Kumpat, Malgadh, Dhedhal, Rampura, Odhava, Dedol, Lorvada, Vadaval, Juna Deesa, Bhoyan, Rasana Nana, Rasana Mota, Dhuva, Dharpada, Fatepura , Vasna (Juna Deesa), Sanath, Sandiya, Sotambla, Khentva, V ahara, Viruvada, Dasanavas, Deesa (M).",118
GUJARAT,KACHCHH,14,Deodar,,"1. Deodar Taluka. 2. Deesa Taluka (Part) Villages - J adiyali, Bhadra, Nandla, Ghana, Bhakadiyal, Kotda, Dhunsol, Dh roba, Kherola, Pechhdal, Sarat, Kamodi, Deka, Vasna (Kuda), Jasara, Kuda, Chekra, Kamoda, Devsari, Zenal, Nani, Jhakol, Matu, Dodana, Moral, Lakhani, Vasna (Vatam), Manaki, Agthala, Chitroda, Katarva, Gamdi, Varnoda, Godha, Mota Kapra, N ana Kapra, Vakvada, Dharanva, Shergadh, Peplu, Taleganj, Bal odhar, Gharnal Nani, Gharnal Moti, Nesda Juna, Nesda Nava, Ramvas, Paldi, Ratanpura, Soyla, Nava Bhildi, Bhildi.",118
GUJARAT,KACHCHH,15,Kankrej,,"1. Kankrej Taluka. 2. Deesa Taluka (Part) Villages - Lunpur, Manekpura, Khardosan, Aseda, Nava, Sadarpur, Chhatrala , Mudetha, Yavarganj, Bodal, Jhabadiya, Bhadramali, Dharisana, Kanajhara, Samau Motavas, Saviyana, Velavapura, Samau Nanavas.",118
GUJARAT,PATAN,16,Radhanpur,,"1. Radhanpur Taluka. 2. Santalpur Taluka - Entire ta luka except village - Kesargadh. 3. Sami Taluka (Part) Villages - Dadar, Dhadhana, Sherpura, Ranavada, Kharchariya, Goc hnad, Bismillabad, Babri, Chandarni, Rampura, Jakhel, Godhana, Daudpur, Mandvi, Bhamathal, Mubarakpura, Sajupura, Nana Jo ravarpura, Matrota, Mota Joravarpura, Varana, Mahmadpur a, Baspa, Kanij, Dadka, Umedpura, Lalpur, Adgam, Vahedpur, Sukhpura, Ved, Rupnagar, Bhadrada, Gajdinpura, Samsher pura, Sonar, Vaval, Jalalabad, Gujarvada, Jhilvana, Kathivada, Vaghpura, Rafu, Badarganj, Koddha, Anvarpura, Nani Chandur.",119
GUJARAT,PATAN,17,Chanasma,,"1. Harij Taluka. 2. Chanasma Taluka. 3. Sami Taluka (Part) Villages - Tarora, Sami, Nayka, Kokta, Upaliyasara, Dudkha, Memna, Moti Chandur, Kathi, Ravad, Palipur, Kukrana, Vaghel, Aritha, Buda, Rasulpura, Vagosan, Orumana, Mujpur, Loteshvar, Isla mpura, Jesda, Khijadiyari, Lolada, Sipur, Kunvar, Subapura, Ta ranagar, Rajpura, Pirojpura, Fattehganj, Mardanganj, Kanchanpura, Khandiya, Shankheshvar, Runi, Ranod, Kuvarad, Manvarpur a, Biliya, Tuvad, Fatehpura, Dhanora, Dantisana, Mankodiya, Padla, Ratanpura, Bolera, Jahurpura, Murtujanagar, Panchasar.",119
GUJARAT,PATAN,18,Patan,,"Patan Taluka (Part) Villages - Me lusan, Golivada, Volavi, Jamtha, Kansa, Bhutiya Vasna, Deliyathar a, Vayad, Ghacheli, Dharusan, Dhanasara, Rakhav, Kalodhi, Vadiya, Lodhi, Sotavad, Sampra, Undra, Sariyad, Veloda (Nana-Mota ), Nayta, Balva, Vaghasar, Bepadar, Khanpurda, Vareda, Odhv a, Khalipur, Rughnathpura, Nava Bavahaji, Sujnipur, Tan kvasna, Aghar, Gulvasna, Lodhpur, Kuntavada, Ajimana, Sagodiya, Ja leshvar Paldi, Samalpati, Matarvadi, Anavada, Hanumanpur a, Dudharampura, Dharnoj, Bhadrada, Fulesana, Badipur, Vad li, Bakratpur, Gungdipati, Hansapur, Runi, Hajipur, Kamliv ada, Diodarda, Der, Chadasana, Nana Ramanda, Mota Ramanda, Santi, Dharpur, Dighdi, Ambliyasan, Khanpur Kodi, M andotri, Borsan, Golapur, Sandesarpati, Kharivavdi, Manpur, Khanpur Rajkuva, Chandrumana, Bhalgam, Kungher, Ilampur, Sabosan, Katpur, Rajpur, Gadosan, Gaja, Nort a, Sarva, Kuder, Balisana, Derasana, Kani, Visal-Vasna, Babasana, Samoda, Hamidpur, Mahemadpur, Mithivavdi, Khimiyana, Sankhari, Sardarpur Norta (Ambapara), Ranunj, Sander, Mat pur, Ruvavi, Dabhdi, Manund, Patan (M).",119
GUJARAT,PATAN,19,Sidhpur,,"1. Sidhpur Taluka. 2. Patan Taluka (Part) Villages - Ajuja, Muna, Khar eda, Untvada, Amarpura, Vahana, Bhatsan, Koita, Raviyana, Khodana, Katrasamal, Mesar, Haidarpura, Delvada, Ganeshpura, Abalouva, Jangral, Vasni, Jakha, Lakshmipur a, Endla, Kanosan, Morpa, Vagdod, Vachhalva, Lakhdap, Bhilvan, Renchavi, Vadhi, Charup, Vadu, Siyol, Vamaiya, Kimbuva, Kotavad, Sanodarda.",120
GUJARAT,MAHESANA,20,Kheralu,,"1. Satlasana Taluka. 2. Kheralu Taluka. 3. Vadnagar Taluka (Part) Villages - Sipor, Karshanpura, Khatasana, Dabu, Aspa, Vaktapur, Ganeshpur a, Undani, Khanpur, Sarna, Champa, Navapura, Sultanpur, S hahpur (Vad), Undhai, Valasana, Vaghdi (Juni), Vaghadi (Navi), S hobhasan, Pipaldar, Karbatiya, Sabalpur, Rajpur (Vad), Mirjhapur.",120
GUJARAT,MAHESANA,21,Unjha,,"1. Unjha Taluka. 2. Vadnagar Taluka (Part) Vill ages - Jaska, Sundhiya, Hajipur, Shekhpur (Khe), Badarpur, Molipur, Sulipur, Kesimpa, Jagapura, Bajpura, Babipura, Khatoda, Kamalpur, Malekpur, Chandpur, Shekhpur (Vad), Kahipur, Chhabaliya, Transvad, Vadnagar (M).",120
GUJARAT,MAHESANA,22,Visnagar,,Visnagar Taluka.,120
GUJARAT,MAHESANA,23,Becharaji,,"1. Becharaji Taluka. 2. Mahesana Taluka (Part) Village s - Virta, Gorad, Kharsada, Davada, Rupal, Haripura, Butt apaldi, Motidau, Bamosana, Ghadha, Piludara, Nanidau, Pa lodar, Chhathiyarda, Aloda, Hardesan, Panchot, Ramosana, G ilosan, Bodla, Hinglajpura, Maguna, Nugar, Heduva-Rajgar , Karshanpura, Devinapura, Deloli, Ijpura Barot, Palaj, Gam anpura, Mitha, Sametra, Mareda, Vadosan, Sakhpurda, Sobhasan, Mevad, Boriavi, Khara, Laxmipura, Balol, Nadasa, Go kalpura, Martoli, Ajabpura, Kasalpura, Modipur, Manknaj , Bhesana, Jagudan, Linch, Ambasan, Ranipura, Jotana, Santhal , Katosan, Tejpura, Kanpura, Rampura (Katosan), Virsoda, Dhanpura, Ijpura Jethaji, Memadpura, Jakasna, Sidosan, K hadalpur, Baliyasan, Bhasariya, Divanpura (Apapura), Harsundal, Mudarda, Tundali.",120
GUJARAT,MAHESANA,24,Kadi,SC,Kadi Taluka.,120
GUJARAT,MAHESANA,25,Mahesana,,"Mahesana Taluka (Part) Villages - Taleti, Tavadiya, Chitrodipura, Dela, Ucharpi, Dediyasan, Nagalpur, Lakhavad, Devrasan, Rampura (Kukas), Kukas, Heduva Hanumat, Palavasana, Hebuva, Kadvasan, Kherva, Punasan, Sanganpur, Mulsan, Padhariya, Dhandhusan, Gojhariya, Meu, Balvantpura, Akhaj, Bhakadiya, Geratpur, Kochva, Ditasan, Dholasan, Jetalpur, Chaluva, Langhnaj, Charadu, Saldi, Jamnapur, Jornang, Mandali, Navi Sedhavi, Juni Sedhavi, Hadvi, Vadasma, Mahesana (M), Ambaliyasan (CT).",120
GUJARAT,MAHESANA,26,Vijapur,,Vijapur Taluka.,121
GUJARAT,SABARKANTHA,27,Himatnagar,,"1. Himatnagar Taluka. 2. Bhiloda Taluka (Part) Villages - Nankhi, Khapreta, Fatepur, Medi Timba, Naroda, Mankdi, Shangal , Bamna, Siholi, Punasan, Dhuleta, Vantdi, Hathrol, Nani Bebar, Rajendranagar. 3. Talod Taluka (Part) Village - Charanvata.",121
GUJARAT,SABARKANTHA,28,Idar,SC,1. Vadali Taluka . 2. Idar Taluka.,121
GUJARAT,SABARKANTHA,29,Khedbrahma,ST,1. Khedbrahma Taluka. 2. Vijaynagar Taluka.,121
GUJARAT,SABARKANTHA,30,Bhiloda,ST,"1. Meghraj Taluka. 2. Bhiloda Taluka (Part) Villages - Vagheshvari, Virpur, Chorimala, Raisingpur, Kundol (Pal), Bavaliya (Pal), Dhansor, Jhejhudi, Torda (Jetpur), Jayala, Andhariya, Kalyanpur, Bavaliya (Takapur), Indrapura, Kishangadh, Bedasan, Malasa, Malekpur, Ubsal, Bolundra, Vajapur, Siladri, B hanmer, Rampuri, Ambabar, Pahada, Takatuka, Math Bolundra, Vansli, Vejpur, Ghanti, Jumsar (Chhapra), Jumsar, Munai, Khalvad, Lilchha, Bhiloda, Mankroda, Dholvani, Silasan, Budheli, D harasan, Patiyakuva, Vasaya, Jambudi, Panch Mahudi, Ode, Bo rnala, Budharas an, Ajitpura, Abhapur, Meru (Bhetali), Bhutavad, Naranpur, Mau (Navalpur), Sunsar, Desan, Narsoli, Khum apur, Vankaner, Rintoda, Nava Bhetali, Jasvantpura, Hathiya, Dodisara Nana, Dodisara Mota, Chitariya, Sonasan, Kadvath, Ansol, Pahadiya, Odha Pada, Rangpur, Nava Venpur, Dhandhasan, Ra ypur, Jesingpur, Bhetali, Vasai, Bhatera, Chiboda, Thur avas, Akodiya, Lokhan, Rampur, kheroj, Kaleka, Mandhari, N andoj, Karanpur, Hardaspur, Dhamboliya, Palla, Dhuleta (Pa lla), Venpur, Vaktapur, Karchha, Mota Samera, Dahgamda, Ravtavada, Mota Kanthariya, Ramera, Lusadiya, Nana Kanthariya, Nana Samera, Padardi, Shamalaji, Rudardi, Meravada, Gadhiya, Rudral, Kheradi, Vanzar, Chibhadiyata, Janali, Moti Be bar, Napda (Khalsa), Vajapur (Kherancha), Khari, Shamalpur, B ahecharpura, Dolatpur, Rampur (Moti), Samran, Sarkilimdi, La kshmanpura, Gali Semro, Vanka Timba, Kagda Mahuda, Vaghpur, Devni Mori, Bhavanpur, Kherancha, Sodpur, Napda (Jagiri), Khiloda, Shobhayada (Jagiri), Vansera, Gadadar, Asal, Khodam ba, Kuski, Himatpur, Kundol (Dahgamda), Godh (Kuski), Adhera, Lalpur, Brahmpuri, Vandiyol, Sunokh, Vagodar, Chhapara Kuski, Jaliya.",121
GUJARAT,SABARKANTHA,31,Modasa,,1. Modasa Taluka. 2. Dhansura Taluka.,122
GUJARAT,SABARKANTHA,32,Bayad,,1. Bayad Taluka. 2. Malpur Taluka.,122
GUJARAT,SABARKANTHA,33,Prantij,,1. Prantij Taluka. 2. Talod Taluka - Entire taluka except village - Charanvata.,122
GUJARAT,GANDHINAGAR,34,Dahegam,,Dahegam Taluka.,122
GUJARAT,GANDHINAGAR,35,Gandhinagar South,,"Gandhinagar Taluka (Part) Villages - Rajpur, Sadra, Madhavgadh, Chandrala, Chhala, Jakhora, Chekhalarani, Bhundiya, Dolarana Vasana, Giy od, Dhanap, Dashela, Lekawada, Pundarasan, Titoda, Bhoy an Rathod, Shertha, Unvarsad, Alampur, Shiholi Moti, Mahudara, Isanpur Mota, Chiloda, Palaj, Vasana Hadmatia, Tarapur, Dantali, Ja miyatpur, Sargasan, Basan, Prantiya, Magodi, Vadodara, Dabhoda, Lavarpur, Shahpur, Randesan, Kudasan, Por, Khor aj, Ambapur, Koba, Raysan, Ratanpur, Pirojpur, Vankanerda, Ga ludan, Sonarda, Vira Talavdi, Valad, Karai, Nabhoi, Sugad, Amiy apur, Zundal, Koteshwar, Bhat, Limbadia, Ranasan, M edra, Raipur, Adalaj (CT), Chandkheda (M), Motera (CT), Chiloda(Naroda) (CT).",122
GUJARAT,GANDHINAGAR,36,Gandhinagar North,,"Gandhinagar Taluka (Part) Villages - Rupal, Vasan, Unava, Pindharada, Piplaj, Randheja, Sonipur, Sardhav, Jalund, Adraj Moti, Kolavada, Pethapur, Vavol, Gandhinagar (NAC).",122
GUJARAT,GANDHINAGAR,37,Mansa,,"1. Mansa Taluka. 2. Kalol Taluka (Part) Villages - Veda-Himmatpura, Jamla, Vagosana, Dhendhu, Sobhasan, Itl a, Limbodara, Aluva, Mubarakpura, Balva-Rampura, Pratappura - 1, Chandisana, Amaja, Nadri, Soja, Paliyad, Khorajdabhi.",122
GUJARAT,GANDHINAGAR,38,Kalol,,"Kalol Taluka (Part) Villages - Bhavpura, Kantha, Nava, Golthara, Nardipur, Mokhas an, Dingucha, Pansar, Bhadol, Dhamasna, Isand, Vadavsvami, Bile shvarpura, Dhanot, Chhatral, Ola, Arsodiya, Pratappura, Piya j, Borisana, Dhanaj, Palsana, Sherisa, Ramnagar, Vansajada, Bhoyan Moti, Sabaspur, Usmanabad, Ganpatpura, Jas pur, Dantali, Vadsar, Karoli, Hajipur, Bhimasan, Jethlaj, Khatraj, Sanavad, Santej, Rakanpur, Ranchhodpura, Nasmed, Adhana, Mu lasana, Vayana, Vansajada Dhedia, Unali, Rancharada, Nando li, Palodiya, Chhatral (INA), Kalol (INA), Saij , Kalol (M).",122
GUJARAT,AHMEDABAD,39,Viramgam,,1. Viramgam Taluka. 2. Detroj-Rampura Taluka. 3. Mandal Taluka.,123
GUJARAT,AHMEDABAD,40,Sanand,,"1. Sanand Taluka. 2. Bavla Taluka (Part) Villages - Vasna Nanodara, Nanodara, Kavla, Sankod, Vasna Dhedhal, Dhedhal, Rajoda, Adroda, Hasannagar, Chhabasar, Baldana, Metal, Devdhol era, Devadthal, Durgi, Meni, Dumali, Kesrandi, Lagdana, Dahegam da, Ranesar, Amipura, Kochariya, Kerala, Kanotar, Shiy al, Sarala, Kaliveji, Mithapur, Bavla (M).",123
GUJARAT,AHMEDABAD,41,Ghatlodia,,"1. Ahmedabad City Taluka (Part) V illages - Tragad, Ghatlodiya (M), Memnagar (M). 2. Daskroi Taluka (Part) Vill ages - Lapkaman, Lilapur, Khodiyar, Chharodi, Jagatpur, Hebatpur, B hadaj, Shilaj, Chenpur, Oganaj , Ghuma , Sola, Bodakdev , Ambli , Gota (CT), Thaltej (CT), Bopal (CT).",123
GUJARAT,AHMEDABAD,42,Vejalpur,,"Ahmedabad City Taluka (Part) Vill ages - Vastrapur, Maktampur , Gyaspur , Vejalpur (M), Makarba (CT), Sarkhej-Okaf (M), Jodhpur (M).",123
GUJARAT,AHMEDABAD,43,Vatva,,"1. Ahmedabad City Taluka (Part) - Ahmedabad Municipal Corporation (Part) Ward No. - 42, Odhav (OG) - 47 2. Daskroi Taluka (Part) Villages - Kanbha, Kujad, Bakrol Bujrang, Gatrad, Memadpur, Bibipur, Gera tnagar, Vanch, Dhamatvan, Vinzol, Vatva , Hathijan , Singarva (CT), Vastral (M), Ramol (M).",123
GUJARAT,AHMEDABAD,44,Ellisbridge,,"Ahmedabad City Taluka (Part) - Ahmedabad Municipal Corporation (Part) Ward No. - 7, 8, 9, 10.",123
GUJARAT,AHMEDABAD,45,Naranpura,,"Ahmedabad City Taluka (Part) - Ahmedabad Municipal Corporation (Part) Ward No. - 11, 12, 13, 14.",123
GUJARAT,AHMEDABAD,46,Nikol,,"Ahmedabad City Taluka (Part) - Ah medabad Municipal Corporation (Part) Ward No. - 31, 34, 35.",123
GUJARAT,AHMEDABAD,47,Naroda,,"Ahmedabad City Taluka (Part) - Ahmedabad Municipal Corporation (Part) Ward No. - 23, 24, 27, Ahmedabad Cantonment (CB).",123
GUJARAT,AHMEDABAD,48,Thakkarbapa Nagar,,"Ahmedabad City Taluka (Part) - Ahmedabad Municipal Corporation (Part) Ward No. - 22, 25, 26 and Asarva (OG) Ward No. - 44.",123
GUJARAT,AHMEDABAD,49,Bapunagar,,"Ahmedabad City Taluka (Part) - Ahmedabad Municipal Corporation (Part) Ward No. - 21, 28, 29.",123
GUJARAT,AHMEDABAD,50,Amraiwadi,,"Ahmedabad City Taluka (Part) - Ahmedabad Municipal Corporation (Part) Ward No. - 32, 33, 41.",124
GUJARAT,AHMEDABAD,51,Dariapur,,"Ahmedabad City Taluka (Part) - Ahmedabad Municipal Corporation (Part) Ward No. - 2, 3, 4, 16.",124
GUJARAT,AHMEDABAD,52,Jamalpur- Khadia,,"Ahmedabad City Taluka (Part) - Ahmedabad Municipal Corporation (Part) Ward No. - 1, 5, 6, 39.",124
GUJARAT,AHMEDABAD,53,Maninagar,,"Ahmedabad City Taluka (Part) - Ahmedabad Municipal Corporation (Part) Ward No. - 36, 37, 43.",124
GUJARAT,AHMEDABAD,54,Danilimda,SC,"Ahmedabad City Taluka (Part) Villages - Piplaj, Shahwadi , Saijpur - Gopalpur Ahmedabad City Taluka (Part) -Ahmedabad Municipal Corporation (Part) Ward No. - 30, 38, 40.",124
GUJARAT,AHMEDABAD,55,Sabarmati,,"1. Ahmedabad City Taluka (Part) Villages - Kali (M), Ranip (M), Chandlodiya (M). 2. Ahmedabad City Taluka (Part) - Ahmedabad Municipal Corporation (Part) Ward No. - 15.",124
GUJARAT,AHMEDABAD,56,Asarwa,SC,"Ahmedabad City Taluka (Part) - Ahmedabad Municipal Corporation (Part) Ward No. - 17, 18, 19, 20.",124
GUJARAT,AHMEDABAD,57,Daskroi,,"1. Ahmedabad City Taluka (Part) - Ahmedabad Municipal Corporation (Part) Ward No. - Naroda (OG) 45, Nikol (OG) 46. 2. Daskroi Taluka (Part) Villages - Hanspura, Enasan, Bilasiya, Pardhol, Vahelal, Huka, Navarangpu ra, Zanu, Lalpur, Bharkunda, Pasunj, Kubadthal, Bhuvaldi, K uha, Chandial, Kanial, Vadod, Bhavda, Harnivav, Undrel, Ranodr a, Govindada, Chavlaj, Bhuval, Hirapur, Badodara, Geratpur, Ropda, Aslali, Laxmipura, Kamod, Vanzar, Badrabad, Visalpur, Bakrol Badrabad, Paldi Kankaj, Ode, Gamdi, Devdi, Istolabad, Barejd i, Chosar, Jetalpur, Giramtha, Miroli, Kasindara, Bhat, Navapura, Timba, Mahijda, Vasai, Naj, Bareja, Mithiya, Kathwada , Fa tewadi, Lambha (CT), Nandej (CT).",124
GUJARAT,AHMEDABAD,58,Dholka,,"1. Dholka Taluka. 2. Bavla Taluka (Part) Villages - Kavitha, Rasam, Rupal, Saljada, Juval Rupavati, Zekda, Chiyada, Sakodara, Dhanwada, Bhayla, Kalyangadh, Bhamsara, Gangad, Rohika, Bagodara, Gundanapara, Memar, Dhingda.",124
GUJARAT,AHMEDABAD,59,Dhandhuka,,1. Dhandhuka Taluka. 2. Ranpur Taluka . 3. Barwala Taluka.,124
GUJARAT,SURENDRANAGAR,60,Dasada,SC,"1. Dasada Taluka. 2. Lakhtar Taluka. 3. Limbdi Taluka (Part) Villages - Moti Kathechi, Nani Kathechi, Gadthal, Jaliyala, Bhagwanpar, Ranagadh, Fulwadi, Rojasar, Dhalwana, Mulbavla, Digvijaygadh, Dhirajgadh, Parali, Bhathan, Laxmisar, Shiyani, Jambu, Pa rnala, Jasmatpar, Jalampar.",125
GUJARAT,SURENDRANAGAR,61,Limbdi,,"1. Chuda Taluka. 2. Sayla Taluka - Entire taluka except village - Ori. 3. Limbdi Taluka (Part) Villages - Ralol, Gedi, Ramrajpar, Nana Timbla, Natwargadh, Ghaghretiya, Umedpar, Dolatpar, Samla, Raska, Ankewaliya, Bhalgamda, Mota Timbla, Ghaghosar, Katariya, Tokrala, Kanpara, G hanshyampar, Jansali, Balol, Devpara, Panshina, Khambhlav , Jakhan, Choki, Choraniya, Untadi, Bodiya, Ughal, Borana, Li yad, Sauka, Pandri, Borna, Zamdi, Bhoika, Bhojpara, Ka malpar, Aanandpar, Hadala, Jasapar, Dholi, Vakhatpar, Limbdi (M).",125
GUJARAT,SURENDRANAGAR,62,Wadhwan,,Wadhwan Taluka.,125
GUJARAT,SURENDRANAGAR,63,Chotila,,1. Chotila Taluka. 2. Muli Taluka.,125
GUJARAT,SURENDRANAGAR,64,Dhrangadhra,,1. Dhrangadhra Taluka. 2. Halvad Taluka.,125
GUJARAT,RAJKOT,65,Morbi,,"1. Maliya - Miyana Taluka. 2. Morbi Taluka (Part) Villages - Sokhda, Bahadurgadh, Nava Nagdavas, Piludi, Rapar, Aniyari, Jetpar, Vaghpar, Juna Nagdavas, Gungan, Gala, Sapar , Jasmatgadh, Chakampar, Zinkiyali, Jivapar Chakampar, Ke rala, Haripar, Nava Sadulka, Ravapar Nadi, Juna Sadulka, Be la Rangpar, Rangpar, Sanala (Talaviya), Timbdi, Dhar ampur, Amreli, Mahendranagar, Madhapar, Bhadiyad, Morbi (M), Trajpar.",125
GUJARAT,RAJKOT,66,Tankara,,"1. Tankara Taluka. 2. Morbi Taluka (Part) Villages - Mansar, Naranka, Pipaliya, Virparda, Hajnali, Modpar, Lutavadar, Barvala, Khevaliya, Khakhrala, Vanaliya, Khareda, Andarna, Vankda, Pipali, Gor Khijadia, Jepur, Bagathala, B iliya, Kantipur, Manekvada, Nagalpar, Nani Vavdi, Ghuntu, Unchi Mandal, Nichi Mandal, Kalikanagar, Lakhdhirpur, Lalpar, Panc hasar, Amrapar Nag, Moti Vavdi, Khanpar, Chanchapar, Thor ala, Rajpar, Saktasanala, Jodhpur Nadi, Jambudiya, Paneli, Gidach, Makansar, Adepar, Lakhdhirnagar, Lilapar, Ghunada Sa janpar, Ravapara, Vajepar 3. Paddhari Taluka - Entire taluka except villages - Khokhri, Jivapar. 4. Lodhika Taluka (Part) Village - Und Khijadiya. 5. Dhrol Taluka (Part) of Jamnagar District Villages - Chhalla, Golita.",125
GUJARAT,RAJKOT,67,Wankaner,,"1. Wankaner Taluka. 2. Rajkot Taluka (Part) Villages - Jaliya, Ratanpar, Khorana, Sanosara, Rampara (Suliya), Van kvad, Hirasar, Satda, Jhiyana, Khijadiya, Nagalpar, Rajgadh, Gavaridad, Para Pipaliya, Hadmatiya (Bedi), Nakaravadi, Pipaliya, Ranpar, Kuchiyadad, Rampara Beti, Parevala, Saypar , Kuvadva, Dhamalpar, Sokhada, Ronki, Ghanteshvar, Vajdi Gadh, Vejagam, Maliyasan, Targhadiya, Gunda, Magharvada, Mesvada, Barvan, Chanchadiya, Jamgadh, Rafala, Kherdi, Amargadh, Thorala, Mahika, Thebachda, Gadhka, Bedla, Fadadang, Deroi, Manharpur , Bedi , Madhapar , Anandpar.",126
GUJARAT,RAJKOT,68,Rajkot East,,"Rajkot Taluka (Part) - Rajkot Munici pal Corporation (Part) Ward No. - 5, 16, 17, 18, 19, 20.",126
GUJARAT,RAJKOT,69,Rajkot West,,"Rajkot Taluka (Part) - Rajkot Munici pal Corporation (Part) Ward No. - 11, 12, 13, 14, 15, 22, 23, 24.",126
GUJARAT,RAJKOT,70,Rajkot South,,"Rajkot Taluka (Part) - Rajkot Munici pal Corporation (Part) Ward No. - 1, 2, 3, 4, 6, 7, 8, 9, 10.",126
GUJARAT,RAJKOT,71,Rajkot Rural,SC,"1. Kotda Sangani Taluka. 2. Rajkot Taluka (Part) V illages - Vajdi (Virda), Dhandhni, Kasturbadham, Kalipat, Lampasari, Kankot, Ramnagar, Khokhadadad, Vadali, Aniyala, D handhiya, Hadmatiya (Golida), Golida, Sajadiali Lili, Samadhiya la, Padasan, Lothada, Bhayasar, Kathrota, Lodhida, Lakhapar, Bhupgadh, Sardhar, Navagam, Chitravav, Rampara, Sar, Saj adiali Suki, Haripar, Kharachiya, Bhangda, Halenda, Umrali, Ma kanpar, Badpar, Hodthali, Dungarpar, Vavdi , Mota Mava , Munjka , Kothariya. 3. Lodhika Taluka - Entire taluka except village - Und Khijadiya. 4. Rajkot Taluka (Part) - Rajkot Municipal Corporation (Part) Ward No. - 21.",126
GUJARAT,RAJKOT,72,Jasdan,,"1. Jasdan Taluka. 2. Gondal Taluka (Part) Villages - Dadva Hamirpara, Karmal Kotda. 3. Sayla Taluka (Part) of Surendranagar District Village - Ori.",126
GUJARAT,RAJKOT,73,Gondal,,"Gondal Taluka - Entire taluka ex cept villages - Dadva Hamirpara, Karmal Kotda.",126
GUJARAT,RAJKOT,74,Jetpur,,1. Jamkandorna Taluka . 2. Jetpur Taluka. 3. Vadia Taluka (Part) of Amreli District Village - Devalki.,127
GUJARAT,RAJKOT,75,Dhoraji,,1. Upleta Taluka . 2. Dhoraji Taluka.,127
GUJARAT,JAMNAGAR,76,Kalavad,SC,"1. Kalavad Taluka. 2. Jodiya Taluka (Part) Vill ages - Ranjitpar, Untbet-Shampar, Zinzuda, Rajpar, Fadsar, Bela, Ra mpar (Padabekar), Kothariya, Amran, Kharachiya, Kerali, Fatsar, Jivapar, Badanpar (Amran), Dhudkot, Mavnugam, Jam-dudhai, Manamora, Bhimkata, Jamsar, Sampar, Ambala, Koyli, Pada na, Jiragadh, Tarana, Madhapar, Balambha, Keshiya, Manpar, Mo rana, Meghpar, Jasapar, Bodka, Pithad, Gajdi, Rasnal, Timbdi. 3. Dhrol Taluka - Entire taluka except villages - Chhalla, Golita. 4. Paddhari Taluka (Part) of Rajk ot District Villages - Khokhri, Jivapar.",127
GUJARAT,JAMNAGAR,77,Jamnagar Rural,,"1. Jamnagar Taluka (Part) V illages - Sarmat, Gordhanpar, Khara Beraja, Dhinchda, Rozibet, Nava Nagna, Juna Nagna, Dhunvav, Khijadiya, Jambuda, Sachana, Rampar, Fala, Dhrangada, Khambhalida Nanovas, Khambhalida Motovas, Khijadiya Ravani, Ranjitpar, Khilos, Nani B anugar, Moti Banugar, Shekhpat, Khimrana, Naghedi, Vasai, Bed, Mungani, Gagva, Moti Khavdi, Nani Khavdi, Shapar, Amra, Ravals ar, Lakha Baval, Kansumara, Morkanda, Theba, Hapa, Bada, Su ryapara, Lakhani Motovas, Lakhani Nanovas, Tamachan, Ja mvanathali, Chavda, Moda, Gangajala, Alia, Mota Thavariya, Khimaliya, Dared, Masitiya, Champa Beraja, Jivapar, Gaduka, Balambhdi, Dodhiya, Vav Beraja, Chela, Dadiya, Mokhana, Suvarada, Vijarkhi, Sapda, Beraja, Jaga, Varna, Virpar, Veratiya, Khara Vedha, Sumri (Dhutarpar), Dhudasiya, Dhutarpar , Medi, Nani Matli, Pasaya, Modpar, Fachariya, Miyatra, Harsadpur, Naranpar, Changa, Chandragadh, Khoja Beraja, Lont hiya, Bavariya, Lavadiya, Naghuna, Nana Thavariya, Hadmatiy a, Matva, Moti Bhalsan, Sumri (Bhalsan), Konza, Makvana, Dhandha, Chandraga, Vaniyagam, Vagadiya, Valupir (K ado), Vokatiyo (Kado), Gujh (Kado), Pirotan (Bet), Ravan (K ado), Magariyo (Kado), Panjavo (Kado), Kalyan (Kado), Idariyo (Kado), Dhokad (Kado), Sachana Megharva(Kado), Sikka (CT), Digvi jaygram (CT), Bedi (CT), Vibhapar. 2. Jodiya Taluka (Part) Villages - Jodiya, Badanpar (Jodiya), Kunad, Khavral (Kado), Balachadi, Khiri, H adiyana, Baradi, Beraja, Vavdi, Nesda, Limbuda, Anada, Bhadra, Lakhtar.",127
GUJARAT,JAMNAGAR,78,Jamnagar North,,"1. Jamnagar Taluka (Part) - Navagam Ghed (M). 2. Jamnagar Taluka (Part) - Jam nagar Municipal Corporation (Part) Ward No. - 1,2,3,4,5, Jamnagar ( OG) 18, Jamnagar Port Area 19.",128
GUJARAT,JAMNAGAR,79,Jamnagar South,,"Jamnagar Taluka (Part) - Jamnagar Municipal Corporation (Part) Ward No. - 6, 7,8, 9,10,11,12,13,14,15,16,17.",128
GUJARAT,JAMNAGAR,80,Jamjodhpur,,"1. Jamjodhpur Taluka. 2. Lalpur Taluka. 3. Bhanvad Taluka (Part) Vill ages - Manpar, Jogra, Chokhanda, Bhangol, Bhoria, Kabarka, Shedhakhai , Bodki, Fotdi, Dharagar, Krushnagadh, Vanavad, Katkola.",128
GUJARAT,JAMNAGAR,81,Khambhalia,,"1. Khambhalia Taluka. 2. Bhanvad Taluka (Part) Villages - Rentala Kalavad, Gundla, Chandvad, Jampar, Morjhar, Sevak Devaliya, Gunda, Sajadiyali, Kantoliya, Sanakhala, Rojhivada, Navagam, Sai Devaliya, Verad, Fatehpur, Rupamora, Jharera, Bhavaneshvar, Dhebar, Bhenakvad, Ambaliyara, Ranparda, Bharatpur, Mevasa, Ambardi, Shiva, Mota Kalavad, Timbdi , Ghumli, Mokhana, Pachhatar, Dudhala, Hathla, Gadu, Ranpar , Pachhatardi, Ravno Nes, Chhapiyo Nes, Ranivav Nes, Kansaliyo Nes, Moradiyo Nes, Baradi Nes, Dandra Nes, Mod par, Kalyanpar, Gulabsagar Nes, Satsagar Nes, Abhpara Nes, Thar Nes, Dhedhakhuna Nes, Dhola Dhuna Nes, Kathiyani Nes, Vagadiyo Nes, Rojhda, Dhramani Nes, Khodiyar Nes, Vi Nes, Ga li Nes, Killeshwar Nes, Dhedhio Nes, Suvardo Nes, Fuljhar Ne s, Kasvirdo Nes, Tadi Nes, Khatariyo Nes, Bado Nes, Kapurdi Nes, Ranasar Nes, Jambusar, Jasapar, Bhanvad (M).",128
GUJARAT,JAMNAGAR,82,Dwarka,,1. Kalyanpur Taluka. 2. Okhamandal Taluka.,128
GUJARAT,PORBANDAR,83,Porbandar,,"Porbandar Taluka (Part) Villages - Bhetkadi, Advana, Simar, Rojhivada, Ishvariya, Bhomiyav adar, Sodhana, Shingda, Sisli, Miyani - Bhavpara, Vadala, Ambarama, Fatana, Majivana, Kunvadar, Morana, Paravada, N agka, Bavalvav, Natvarnagar, Khambhodar, Kindar Kheda, Modhvada, Sakhpur, Tukda Miyani, Visavada, Palkhada, Keshav, Bagvadar, Vachhoda, Khistri, Vinjhrana, Godhana, Sinhjhar Nes, Katvana, Beran, Bharvada, Baradiya, Ratdi, Kantela, Shri nagar, Rinavada, Simani, Bakharla, Boricha, Pandavadar, Degam, Kuchhdi , Zaver, Kolikhada, Bokhira, Porbandar (M), Khapat, Chhaya (M).",128
GUJARAT,PORBANDAR,84,Kutiyana,,"1. Kutiyana Taluka. 2. Ranavav Taluka. 3. Porbandar Taluka (Part) Vill ages - Ratanpar, Oddar, Tukda Gosa, Keshod (Lushala), Erada, Delodar , Mitrala, Rajpar, Gosa, Chikasa, Bhad, Garej, Navi B andar, Ratiya, Untada, Balej, Kadachh, Mocha, Gorsar, Mander, Chingariya, Pata, Madhavpur.",128
GUJARAT,JUNAGADH,85,Manavadar,,1. Manavadar Taluka. 2. Vanthali Taluka. 3. Mendarda Taluka - Entire taluka except village - Lakadveri nes.,129
GUJARAT,JUNAGADH,86,Junagadh,,"1. Junagadh Taluka (Part) Villages - Goladhar, Vadasimdi, Vanandiya, Jhalansar, Makhiyala, Pipardi Timbo, Majevdi, Patrapsar, Ambaliya, Rupavati, Taliyadhar, Vadhavi, Virpur, Galiyavada, Khalilpur, Sagdividi , Ivnagar, Palasva, Padariya, Datar Hills. 2. Junagadh Taluka (Part) - Junagadh Municipal Corporation Ward No. - 1, 2, 3, 4, 5, 6, 7, 8, 9, 10, 11, 12, 13, 14, 15, 16, 17.",129
GUJARAT,JUNAGADH,87,Visavadar,,"1. Visavadar Taluka. 2. Bhesan Taluka. 3. Junagadh Taluka (Part) Villages - Kerala, Bhiyal, Choki, Kathrota, Isapur, Baliyavad, Chokli, Vadal, Sukhpur, Bamangam, Dervan, Hasnapur, Jambudi, Indreshvar, Surajkund, Girnar Hills, Dungar Thana, Bordevi, Limbdi Dhar, Mandlikpur, Nava Pipaliya, Bandhala, Bhalgam, Mandanpara, Ram nath, Dungarpur, Vijapur, Sodvadar, Itala, Patapur, Sanatha, Khadiya, Toraniya, Navagam, Bilkha, Umrala, Avatadiya Mota, Chorvadi, Anandpur, Mevasa Khadiya, Bagdu, Prabhatpur, Rame shvar, Avatadiya Nana, Mevasa Kamribaina, Bela, Badalpur, Jamka, Semrala, Sankhdavadar, Thumbala. 4. Bagasara Taluka (Part) of Amreli District Village - Kadaya.",129
GUJARAT,JUNAGADH,88,Keshod,,"1. Keshod Taluka. 2. Mangrol Taluka (Part) Villages - Miti, Hantarpur, Fulrama, Langad, Osa Ghed, Bhathrot, Bagasra-Ghed, Ghodadar, Sharma, Samarda, Sandha, Sarsali, Tha li, Mekhadi, Virol, Kankana, Divrana, Kalej, Chankhva, Vadl a, Ajak, Antroli, Divasa, Bamanvada, Nagichana, Darsali, Chingariya, Farangta, Zariyavada, Sangavada, Shil, Ta lodra, Nandarkhi, Chandvana, Karamdi, Gorej, Menanj, Kank asa, Lohej, Rahij, Roodalpur, Sultanpur, Bhatgam.",129
GUJARAT,JUNAGADH,89,Mangrol,,"1. Malia - Hatina Taluka. 2. Mangrol Taluka (Part) Villages -Lathodra, Juthal, Sakrana, Virpur, Lambora, Dhelana, Mankhetra, Maktupur, Kotda Nava, Shaikhpur, Kotda Juna, Chotilividi, S heriyakhan, Jamvali, Shepa, Husenabad, Shapur, Sheriyaj, Arena, Khodada, Mangrol (M).",129
GUJARAT,JUNAGADH,90,Somnath,,Veraval Taluka.,130
GUJARAT,JUNAGADH,91,Talala,,1. Talala Taluka . 2. Sutrapada Taluka. 3. Mendarda Taluka (Part) Village - Lakadveri nes.,130
GUJARAT,JUNAGADH,92,Kodinar,SC,"1. Kodinar Taluka. 2. Una Taluka (Part) Villages - K ansariya, Jamvala, Bhakha, Thordi, Babariya, Sanvav, Jaragli, Ankola li, Panderi, Dhrabavad, Velakot, Jhanjhariya, Sonpara, Bhiyal , Bodidar, Kaneri, Maghardi, Ambavad, Kanakiya, Simasi, Ranvasi, Bhebha, Madhgam, Revad, Lerka, Chikhli, Sokhda, Kajardi, Kob, Bhingran, Tad.",130
GUJARAT,JUNAGADH,93,Una,,"Una Taluka (Part) Villages - Sapnes, Chuldi, Vaniagali, Jamvali, Hadala, Vankajambu, Vakumbha (Kar jadi), Lotha, Karjadi, Jambuda, Vakumbha (Dhramaniya), Nada, Jambupani, Vakumbha(Tadi), Bilivali Tali, Dhramaniya, Chhodv adi, Tadi, Giglani Gor, Gola, Vankidas, Vanzara, Timbarva, Biliyat Nes, Biliyat, Sudavi, Chhatarasa, Laptni, Aral, Charch ock, Pichhadibela, Panvadi, Vagha Timbi, Mahuda, Piliyo Dhuno, Jenag ar, Hadkala, Ganeshgali, Ghud Jinjva, Asundrali, Gupti, Bhutada Hodi, Leria, Damacha, Kardapan, Gafagali, Kalipat, Umarvidi, D abhala, Abudi, Dedakiya, Nava Dedakiya, Banej, Patla (Mahadev ), Kanek, Pareva, Lamghar, Kansvala, Tulsishyam, Dodhi, Rajast hali, Sakra, Barwala, Gandhara, Kothariya, Vadli, Chikhal Kuba, Nana Mindha, Mota Mindha, Khajuri, Bobadiya, Kandhavala, Khakharavali, Chhela, Dal, Bhayadhar, Bharawala, Tadhodiya, Viragali, U jjadiya, Mandvi, Oyna, Ghodavadi, Sarkadiya, Jasadhar, Nitli, Sonariy a, Motisar, Nagadiya, Jambudi, Kodiya, Rasulpara, Mor Supada Nes, Tapakeshvar, Fareda, Jhankhiya, Gir Gadhada, Dron, Itvay a, Sanosri, Dhokadva, Bediya, Bandharda, Mota Samadhiyala, M ahobatpara, Ambada, Nava Ugla, Khilavad, Fatsar, Umedpara, Vadviy ala, Jhudvadli, Gundala, Ugla, Vajdi, Padapadar, Pankhan, Nana Samadh iyala, Luvari Moli, Naliyeri Moli, Vankiya, Kakidi Moli, Nandr akh, Kandhi, Bhacha, Bhadiyadar, Men, Khapat, Fulka, Undari, Rata d, Chanchakvad, Patapur, Nesda, Untwala, Chorali Moli, Moti Moli, Paswala, Umej, Vavarda, Kansari, Varsingpur, Elampur, Damasa, Ya jpur, Nathej, Samter, Gangda, Sondarda, Sondardi, Khatriwada, Sanakhda, Rameshvar, Kanekbarda, Sultanpur, Siloj, Nathal, Kesariya, Sonari, Mota Desar, Lamdhar, Kothari, Amodra, Garal, Motha, Manekpur, Dudhala, Sanjavapur, Anjar, Shahdesar, Bhada si, Paldi, Olvan, Vansoj, Delwada, Khan, Dandi, Khajudra, Si mar, Saiyad Rajpara, Khada, Senjaliya, Rajput Ra jpara, Kalapan, Ram para, Naliya Mandvi, Nandan, Jhankharvada, Navabandar, Una (M).",130
GUJARAT,AMRELI,94,Dhari,,"1. Dhari Taluka. 2. Bagasara Taluka - Entire taluka except village - Kadaya. 3. Khambha Taluka (Part) Villages - Samadhiyala Mota, Rugnathpur, Jikiyali, Vankiya, Ko tda, Anida, Ingorala, Bhad, Visavadar, Dhari Nani, Lasa, Tantaniya, Umariya, Nanudi, Dadhiyali, Khambha, Pipalava, Gidardi, Dhavadiya, Bhaniya, Khadadhar, Bhavardi, Sarakadiya - Divana, Sarakadiya, Kodiya, Pati, Raydi.",130
GUJARAT,AMRELI,95,Amreli,,1. Amreli Taluka. 2. Vadia Taluka - Entire taluka except village - Devalki.,131
GUJARAT,AMRELI,96,Lathi,,"1. Lathi Taluka. 2. Babra Taluka. 3. Lilia Taluka (Part) Villages - Kankot Nana, Rajkot Nana.",131
GUJARAT,AMRELI,97,Savarkundla,,"1. Savarkundla Taluka. 2. Lilia Taluka - Entire taluka ex cept villages - Kankot Nana, Rajkot Nana.",131
GUJARAT,AMRELI,98,Rajula,,"1. Rajula Taluka - Entire talu ka except village - Rampara No-1. 2. Jafrabad Taluka. 3. Khambha Taluka (Part) Vill ages - Dedan, Raningpara, Nava Malaknes, Borala, Babarpur, Kantala, Chakrava, Hanumanpur, Juna Malaknes, Nesdi No-2, Samadhiyala No-2, Jivapar, Munjiyasar, Trakuda, Vangadhara, Talda, Dadli, Dhundhavana, Pachapachiya, Salva, Pipariya, Rabarika, Ambaliyala, Jamka, Ningala No-2, Bhundani, Gorana, Katarpara, Barman Mota, Barman Nana.",131
GUJARAT,BHAVNAGAR,99,Mahuva,,"1. Mahuva Taluka (Part) Villages - Goras, Kinkaria, Mota Asrana, Chaddika, Bambhaniya, Dudhala No.2, Sanganiya, Kumbhan, Konjali, Tared, Ratol, Kantasar , Chokva, Moti Sodvadri, Nani Sodvadri, Khatsura, Otha, Lilv an, Nani Jagdhar, Raniwada, Ranparda, Rohisa, Boda, Bhadr od, Talgajarada, Bhanavav, Rupavati, Lakhupara, Bhadra, Lus adi, Gundarani, Nana Jadra, Tavida, Taredi, Malvav, Katakda, Bhatakda, Uncha Nicha Kotda, Dayal, Kalsar, Valavav, Sathara, Vaghnagar, Vadli, Umaniyavadar, Nesvad, Haripara, Visavadar, Dundas, Mota Pipalva, Kankot, Nana Pipalva, B ildi, Amrutvel, Bhanvad, Mota Jadra, Maliya, Naip, Nikol, Devaliya, Dudhala No.1, Madhiya, Vangar, Padhiyarka, Doliya, Dudher i, Gujarda, Khared, Gadhada, Mahuva (M), Katpar (CT). 2. Rajula Taluka (Part) of Amreli District Village - Rampara No-1.",131
GUJARAT,BHAVNAGAR,100,Talaja,,1. Talaja Taluka. 2. Ghogha Taluka (Part) Village - Lakadiya.,131
GUJARAT,BHAVNAGAR,101,Gariadhar,,"1. Gariadhar Taluka. 2. Mahuva Taluka (Part) Villages - Jesar, Vavdi, Kotiya, Kalmodar, Ratanpar, Karmadiya, Matalpar, Beda, Chhapariyali, Karjala, Kobadiya, Intiya, Karla, Moda, Sa rera, Bila, Tantaniya, Tol Saldi Chotila, Bhanvadiya, Dungarpar , Monpar, Bagdana, Titodiya, Dharai, Dudana, Borla, Sam adhiyala No.3, Kumbhariya, Gundarana, Malpara, Saloli, D egavda, Khari, Vaghvadarda, Sedarda, Kotamoi, Shantinagar, U galvan, Moti Vadal, Modaliya, Akhegadh, Nana Asrana, Mota K huntavada, Thorala, Bordi, Rajavadar, Shetrana, Belampar, Galthar, Jambuda, Nana Khuntvada, Kasan, Bhaguda, Moti Jagdhar, Longdi, Loyanga, Anganka, Khadsaliya, Chhapri, Chuna, Kakidi, Kalela.",132
GUJARAT,BHAVNAGAR,102,Palitana,,"1. Palitana Taluka. 2. Sihor Taluka (Part) Villages - Bhutiya, Gadhula, Panch Talavada, Vavdi (Gajabhai), Ishvariya, Sanosara, Piparadi, Zariya, Ramdhari, Ambla, Amargadh, P anchvada, Sandhida, Sarkadiya (Songadh), Padapan, Sarvedi, Dhankan Kunda, Chorvadala, Piparala, Nava Jaliya, Meghvadar , Kanad, Malvan, Todi, Toda, Khari, Sakhvadar, Jambala, De vgana, Bordi, Rajpara (Tana), Limbaddhar, Madhada, Budhana, Lav arda, Vavdi (Vachhani), Tana, Ratanpar, Agiyali, Tarakpal di, Karmadiya, Thala, Bekdi, Gundala, Dhundhsar, Sarkadia (Tana), Varal, Bhankhal, Thorali.",132
GUJARAT,BHAVNAGAR,103,Bhavnagar Rural,,"1. Bhavnagar Taluka (Part) Villages - Rajgadh, Velavadar, Mithapar, Kanatalav, Adhelai, Bha dbhid, Ganeshgadh, Kotda, Jashavantpar, Gundala, Sanes, Savaikot, Savainagar, Nava Madhiya, Khetakhatli, Narbad, Kala talav, Juna Madhiya, Devaliya, Paliyad, Undevi, Kamlej, Kard ej, Bhojpura, Shampara Kho, Sodvadra, Shedhavadar, Fariyadka, Sidsar, Shampara(Sidsar), Adhewada, Budhel, Bhuteshwar, Bhumbhali, Thordi, Kobdi, Pithalpar, Rampar, Surka, Juna Ratanpar, Nava Ratanpar, Gundi, Vavdi, Sartanpar, Bhadi, B handariya, Nagdhaniba, Alapar, Bhadbhediya, Koliyak, Hathab, Khadsaliya, Thalsar, Lakhanka. 2. Ghogha Taluka - Entire taluka except village - Lakadiya. 3. Sihor Taluka (Part) Villages - Sedarda, Ukharla, Paldi, Navagam (Mota), Maglana, Ghanghali, Bhangadh, Nesda, Bholad, Khakhariya, Vadiya, Usrad, Pipaliy a, Nana Surka, Kantodiya, Vav, Songadh, Mota Surka, Kachotiya, Rajpara (Khodiyar), Juna Jaliya, Dhrupka, Mahadevpara, Valavad, Karkoliya, Sar, Khambha, Bhadli, Rabarika, Kajavadar, Sihor (M).",132
GUJARAT,BHAVNAGAR,104,Bhavnagar East,,"1. Bhavnagar Taluka (Part) Villages - Ruva, Tarsimiya, Malanka, Akwada. 2. Bhavnagar Taluka (Part) - Bhavnagar Municipal Corporation (Part) Ward No. - 2, 3, 4, 5, 6, 7, 13, 14, 15.",133
GUJARAT,BHAVNAGAR,105,Bhavnagar West,,"1. Bhavnagar Taluka (Part) Villages - Nari, Vartej (CT). 2. Bhavnagar Taluka (Part) - Bhavnagar Municipal Corporation (Part) Ward No. - 1, 8, 9, 10, 11, 12, 16, 17.",133
GUJARAT,BHAVNAGAR,106,Gadhada,SC,"1. Gadhada Taluka (Part) Villages - Viravadi, Rojmal, Limbali, Kerala, Haripar, Mandavdhar, Ram para, Itariya, Vavdi, Moti Kundal, Samadhiyala, Raliyana, Bodk i, Vanali, Khopala, Virdi, Chiroda, Padvadar, Ingorala, Lim badiya, Sitapar, Pipardi, Ghogha Samdi, Gundala, Sanjanavadar , Gadhali, Kamparadi, Chabhadiya, Rajpipala, Limbala, Chosla, Ankadiya, Malpara, Padapan, Junavadar, Rasnal, Patana, Khijadiya, Anida, Mandva, Bhandariya, Dhasa, Jalalpur, Nana Umarda, Mota Umarda, Vikaliya, Gadhada (M). 2. Umrala Taluka. 3. Vallabhipur Taluka.",133
GUJARAT,BHAVNAGAR,107,Botad,,"1. Botad Taluka. 2. Gadhada Taluka (Part) Villages - Dhrufaniya, Hamapar, Ingorala (Khalsa), Janada, Pipaliya, Tatam, Bhimdad, Derala, Ratanvav, Ratanpar, Sakhpar Mota, Gala, Salangpar Nanu, Meghvadiya, Sakhpar Nana, Surka, Ningal a, Shiyanagar, Zinzavadar, Ugamedi, Goradka, Holaya, Ra ypar, Adtala, Pipal, Tatana, Ishvariya, Lakhanka.",133
GUJARAT,ANAND,108,Khambhat,,Khambhat Taluka.,133
GUJARAT,ANAND,109,Borsad,,"Borsad Taluka (Part) Villages - Pamol, Kasumbad, Harkhapura, Bodal, Davol, Gorel, Rudel, Nisaraya, Vasna (Borsad), Kasari, Chuva, Uneli, Ranoli, Khanpur, Vi rsad, Jantral, Vasna (Ras), Saijpur, Zarola, Vadeli, Vachhiyel, Bhadran, Alarsa, Pipli, Khedasa, Bhadraniya, Sisva, Ras, Amiyad, Banejda, Kandhroti, Kanbha, Divel, Kathol, Umlav, Valv od, Dhanavasi, Kinkhlod, Moti Sherdi, Nani Sherdi, Gorva, Kathana, Dali, Kalu, Badalpur, Kankapura, Dahewan, Sarol, Gaj ana, Kothiya khad, Borsad (M), Vasna Borsad (INA).",133
GUJARAT,ANAND,110,Anklav,,"1. Anklav Taluka. 2. Anand Taluka (Part) Village s - Khanpur, Sarsa, Bedva, Gopalpura, Mogar, Kherda, Vaherakhadi, Ramnagar, Vadod, Napad Vanto, Napad Talpad, Adas, Anklavdi, Rajupura, Vasad, Sundan.",133
GUJARAT,ANAND,111,Umreth,,"1. Umreth Taluka. 2. Anand Taluka (Part) Villages - Ajarpura, Kasor, Rahtalav, Kunjrao, Tarnol, Samarkha, Chikhodra, Rasnol, Khambholaj, Vaghasi, Boriavi (M), Ode (M).",134
GUJARAT,ANAND,112,Anand,,"Anand Taluka (Part) Villages - Lambhvel, Jol, Valasan, Sandesar, Meghva Gana, Gana, Vans Khiliya, Jitodiya , Hadgood, Jakhariya, Navli, Khandhali, Anand (M), Mogri , Gamdi , Bakrol , Vallabh Vidyanagar (M), Karamsad (M), Vithal Udyognagar (INA).",134
GUJARAT,ANAND,113,Petlad,,"1. Petlad Taluka (Part) Villages - Ramol, Demol, Changa, Padgol, Sanjaya, Bamroli, Ravli, Ghunte li, Mahelav, Bandhni, Ravipura, Morad, Porda, Sunav, Vishnoli, Ardi , Sihol, Vatav, Palaj, Jesarva, Isarama, Rangaipura, Bhavanipur a, Fangani, Bhatiel, Agas, Boriya, Ashi, Dantali, Jogan, Da valpura, Lakkadpura, Simarada, Virol (Simarada), Rupiyapura, Vishrampura, Shahpur, Sundarana, Bharel, Petlad (M) . 2. Borsad Taluka (Part) Villages - Dhundakuva, Sur Kuva, Napa Talpad, Napavanta, Dahemi, Nam an, Singlav, Dhobikui, Dedarda, Kavitha, Santokpura, V ahera, Dabhasi, Bochasan.",134
GUJARAT,ANAND,114,Sojitra,,"1. Sojitra Taluka. 2. Tarapur Taluka. 3. Petlad Taluka (Part) Villages - Silvai, Amod, Shekhadi, Pandoli, Nar, Sansej, Ramodadi, Manpura, Manej, Khadana, Kaniya, Danteli, Bhurakui, Sundara, D hairyapura, Vadadala, Dharmaj.",134
GUJARAT,KHEDA,115,Matar,,"1. Matar Taluka. 2. Kheda Taluka (Part) Villages - Naika, Bherai, Dhathal, Vadala, Hariyala, Khumarvad, Vavdi, Damri, Govindpura, Shetra, Rasikpura, Varsang, Radhu, Chandna, Vasna Bujarg, Kheda (M). 3. Nadiad Taluka (Part) Villages - Degam, Zarol, Dantali, Dabhan, Davda, Bamroli, Palana, Vaso, Rampura, Pij, Mitral, Gangapur, Thaledi, Navagam (Petli), Kaloli.",134
GUJARAT,KHEDA,116,Nadiad,,"1. Nadiad Taluka (Part) Vill ages - Tundel, Dumral, Piplag, Uttarsanda, Bhumel, Narsanda, Guta l, Keriavi, Piplata, Akhdol, Valetva, Vadtal, Rajnagar, Kanjari, Nadiad (M).",134
GUJARAT,KHEDA,117,Mehmedabad,,"1. Mehmedabad Taluka. 2. Kheda Taluka (Part) Villages - La li, Mahij, Bidaj, Kanera, Sarsa, Vasna Margiya, Sankhej, Vaik unthpura, Pinglaj, Kathwada, Navagam, Malarpura, Samadra, Dedarda, Parsantaj, Vasna- Khurd, Kajipura, Gobhalaj, P ansoli, Chalindra, Dharoda, Chitrasar, Kaloli.",134
GUJARAT,KHEDA,118,Mahudha,,"1. Mahudha Taluka - Entire taluka except village - Khandivav. 2. Nadiad Taluka (Part) Vill ages - Yoginagar, Andhaj, Arera, Dawapura, Vina, Hathaj, Javol, Arajanpur Kot, Nana Vaga, Paldi, Sodpur, Monghroli, Maholel, Palaiya, Valla, Erandiyapura, Aljada, Silod, Hathnoli, Kamla, Manjipura, Bilodra, Marida, Salun Vanto, Salun Talpad, Alindra, Chalali, Surasamal, Kanjoda, Fatepur, Navagam (Hathaj), Chaklasi (M).",135
GUJARAT,KHEDA,119,Thasra,,Thasra Taluka.,135
GUJARAT,KHEDA,120,Kapadvanj,,"1. Kapadvanj Taluka (Part) Vill ages - Bobha, Fuljina Muvada, Betawada, Vaghajipur, Nikol, P unadra, Rampura (Sundervadi), Lal Mandva, Shihora, Dhuliy a Vasna, Narshipur, Jambudi, Singpur, Nathana Muvada, Moti Zer, Abvel, Bavano Math, Bhoja Na Muvada, Talpoda, Deradi Pava thi, Palaiya, Telnar, Vyasjina Muvada, Nirmali, Lalpur (Ni rmali), Zanda, Aboch, Dadana Muvada, Nani Zer, Vyas Vasna, Dandiyapur, Kotwalna Muvada, Bhungaliya, Alawa, Ladujina Muvada, Pirojpur, Vadali, Lalpur, Jagdupur, Kalaji, Rozavada, Kevadi ya, Bhailakui, Hamirpura, Aghatna Muvada, Thunchal, Sultanpur (Taiyabpur), Khanpur, Taiyabpur, Alampur, Navagam, Jaloya, Karkariya, Ukardina Muvada, Kabhaina Muvada, Atar sumba, Vaghavat, Kosam, Vavna Muvada, Singali, Maham adpura, Mirapur, Fatiyabad, Antroli, Torna, Dasalvada, Amba liyara, Vasna, Dana, Dahiyap, Salod, Sorna, Kapadvanj (M). 2. Kathlal Taluka - Entire taluka except villages - Sikandar Porda, Vishvnathpura, Charan Nikol , Fagvel, Porda Fagvel, Fulchhatrapura, Lasundra, Ladvel, Laxmanpura. 3. Mahudha Taluka (Part) Village - Khandivav.",135
GUJARAT,KHEDA,121,Balasinor,,"1. Balasinor Taluka. 2. Virpur Taluka. 3. Kapadvanj Taluka (Part) V illages - Vaghana Muvada, Gocharna Muvada, Kamboya, Ghadiya, Malana Muvada, Valva Mahuda, Kavath, Kashipura, Suki, Pat hoda, Vaghas, Dantali, Thavad, Sultanpur (Vadadhara), Vadadhara, Vanta, Ghauva, Sunda, Reliya, Dudhathal, Letar, Bhutiya, Danadra, Antisar, Garod, Ramosadi, Khadol, Mal Itadi Pagi Bhag, Mal Itadi Baraiya Bhag, Vejalpur, Rampura (Sorna), Savali, Chikhlod, Vadol. 4. Kathlal Taluka (Part) Villages - Sikandar Porda, Vishvnathpura, Charan Nikol, Fagvel, Porda F agvel, Fulchhatrapura, Lasundra, Ladvel, Laxmanpura.",135
GUJARAT,PANCHMAHALS,122,Lunawada,,"1. Lunawada Taluka - Entire taluka except villages - Kel, Dezar, Vaghoi, Chuladiya, Jetharibor, Gugaliya, Simlet. 2. Khanpur Taluka.",135
GUJARAT,PANCHMAHALS,123,Santrampur,ST,"1. Santrampur Taluka (Part) Villages - Chitva, Bugad, Bugadna Muvada, Kanzara (Sant), Vyar, Paniyar, Bhana Simal, Khedaya Alias Pratapgadh, Kunda, B hamari, Simaliya, Sarad, Kotra, Moti Kyar, Nani Kyar, Kyariya, Tal adra, Pithapur (Borvada), Nalai, Timbla, Bhandara, Batakwada, Molara, Ukhreli, Daliyati, Bhenadra, Sagvadiya (Sant), Kanj ara (Sant), Barikota, Pancha Muvadi, Metana Muvada, Dotawada, Surpur, Mota Sarnaiya, Babrol, Gada, Sangawada, Vadiya , Kasalpur, Endra, Moti Kharsoli, Vanta (Mahetana), Vavi a Muvada, Kasiya, Asivada, Chela Pagina Muvada, Gala Talawadi, Gamdi, Pagina Muvada, Kothina Muvada, Movasa, Bavana Sa liya, Dahela, Bhotva (West), Limada Muvadi, Ranijini Padedi, Lalakpur, Garadiya, Malanpur, Nana Natva, Sada, Babrai, Hirapur a, Vanjiya Khunt, Narsingpur, Timbharva, Sant (Rampur), Zab (West), Hadani Sarsan, Moti Sarsan, Ranani Sarsan, Chhayan, Savgadh, Guvaliya, Galaliya, Nani Sarsan, Andarsing Na Mu vada, Gothibda, Kosamba, Benada, Hathipura, Nes Hathipura, Gothib, Nana Ambela, Mota Ambela, Galakhedi, Bhavanpura, Parthampur, Kherva, Padedi Ador, Kotvat, Khodadra, Falwa, Valakhedi, Rayaniya, Ratanpur (Gothib), Kaliya Amba, Bhotva (E ast), Kaduchi, Janvad, Ranela, Sanbar, Sukatimba, Moralnaka, Chinchani, Moti Bhugedi, Nani Bhugedi, Sagan Faliya, Bahediya, Santrampur (M). 2. Kadana Taluka.",136
GUJARAT,PANCHMAHALS,124,Shehra,,"1. Shehra Taluka. 2. Lunawada Taluka (Part) Villages - Kel, Dezar, Vaghoi, Chuladiya, Jetharibor, Gugaliya, Simlet . 3. Godhra Taluka (Part) Villages - Nadisar, Khajuri, Odidra, Jaliya, Dhanitra, Rinchhrota, Motal, Karsana, Velvad, Ichhapaginu Muvadu, Ratanpur (Kantdi), Kabi rpur, Kabariya, Juni Dhari, Timba, Gotavipura, Pipaliya (Dhari), Moryo, Kankanpur, Moti Kantdi, Gothada.",136
GUJARAT,PANCHMAHALS,125,Morva Hadaf,ST,"1. Morva (Hadaf) Taluka. 2. Santrampur Taluka (Part) Villages - Sandh Paliya, Thambha, Mankodiya, Kalibel Navaghara, Kalibel, Padhariya, Kanbina Moyla, Godhar (West), Chunt hana Muvada, Manchod, Rafai, Nasikpur, Barela, Moyala Pad, Vaghan, Dhamotna Moyla, Anjanwa, Charada, Vaghfal, N an Salai, Rambhemna Muvada, Panchmuva, Vankdi, Vandariy a (West), Kenpur, Singalgadh, Umber, Shir, Motirel (West), V ena, Ora, Jotangiya, Ambaliyat, Satkunda, Sarasva (West), Nanirel (West), Doli, Gadiya, Babri, Amba, Jaldada, Boidiya, Limdi. 3. Godhra Taluka (Part) Villages - Bhamaiya, Sarsav, Mirap, Dahikot, Gollav. 4. Devgad Baria Taluka (Part) of Dahod District Village - Gamdi.",136
GUJARAT,PANCHMAHALS,126,Godhra,,"Godhra Taluka (Part) Villages - Sampa, Bakhkhar, Tarvadi, Chhavad, Pipaliya, Bodidra Buja rg, Dholi, Vansiya, Khajuri Sampa, Mor Dungara, Nasirpur , Chhabanpur, Samli, Padhiyar, Vinzol, Daruniya, Dhanol(Jangle) , Govindi, Kanku Thambhla, Chanchopa, Kanajiya, Orwada, Kevadiya, Chanchelav, Erandi, Kotda, Jafrabad, Bhamaiya, Pandv a, Betiya, Vavadi Khurd, Veganpur, Tuwa, Gusar, Goli, Bhim a, Gavasi, Harkundi, Ambali, Vavadi Bujarg, Paravdi, C hundadi, Gadh, Ladpur, Vadelav, Sankali, Angaliya, Bamroli Khur d, Gadukpur, Dayal, Lilesara, Chikhodra, Hamirpur, Rupanpura, Nani Kantadi, Raisingpura, Ranipura, Chanchpur, Ratanpur (Reliya), Kalyana, Asardi, Bhalodiya, Reliya, Ankadiya, Veraiya, Vatlav, Tarboradi, Pratappura, Rampura (Jodka), Dhanol, Isrodiya, Mahelol, Bhanpura, Karanpura, Popatpura, Vanakpur, Mahuliya, Chhariya, Kaliya Kuwa, Rinchhiya, Tajpur, Thana Garjan, Sarangpur, Jitpura, Bhalaniya, Bhatpura, Torna, Ladupura, Achhala, Godhra (M).",137
GUJARAT,PANCHMAHALS,127,Kalol,,"1. Kalol Taluka. 2. Ghoghamba Taluka (Part) V illages - Jorapura (Vangarva), Vangarva, Shaniyada, Ranipura (D amavav), Damavav, Khilodi, Rinchhwani, Albeta, Khan Patla, Sajora, Padedi, Simaliya, Jambuvaniya, Guneshiya, Kothayadi, Sherpura, Damanpura, Dantol, Bhilod, Gajapura (Kanpur), Kantaveda, Bhojpura, Goya Sundal, Kothara, Vav kulli, Chathi , Bor, Chatha, Kantu, Malu, Kanpur, Navagam, Jorapura (Daudra) , Daudra, Mulani Kapadi, Gajapura (Kantu), Gundi, Khadpa, Gorada, Ambakhunt, Uncha Beda, Kharod, Gamani, Galibili, Godli, Vanskod, Nurapura, Ghogha.",137
GUJARAT,PANCHMAHALS,128,Halol,,"1. Halol Taluka. 2. Jambughoda Taluka. 3. Ghoghamba Taluka (Part) Villages - Paroli, Vel Kotar, Kanbipalli, Boriya, Gamirpura, Math, Kumbhar Palli, Jagana Muvada, Lalpari, Farod, Valinath, Kharkhadi, Bhanpura, Ghoghamba, Goth, Rajgadh, Palla, Adepur, Zoz, Mol, Shamalkuva, Padhora, Savapura, Rayan Mu vada, Jitpura, Nathkuva, Kankodakui, Chandra Nagar, Dudhapur a, Dhaneshwar, Udva, Garmotiya, Labadadhara, Zinzari, Virapura, Ranjitnagar, Rinchhiya, Chelavada, Tadkundla, Kalsar, Zab (Vav), Vav, Vankod, Bakrol, Nathpura, Sarasava, Poyali.",137
GUJARAT,DAHOD,129,Fatepura,ST,"1. Fatepura Taluka. 2. Jhalod Taluka (Part) Villages -Kadv al, Hirola, Kunda, Dhalsimal, Dhamena, Jaror, Bodiya Bhin t, Dhavdi Faliya, Chakisana, Vansiya, Dungra, Anika, Lavara, Trakda Mahudina Muvada, Sarori, Trakda Mahudi, Jitpur a, Valunda, Kanji Khedi, Vaniya Ghati, Kakreli, Bhaman, Mo li, Itadi, Govinda Talai, Thala (Sanjeli), Kota, Kadvana Pad, Doka Talavdi, Jasuni, Galana Pad, Nenki, Zusa, Dhediyano Nalo , Dhediya, Sanjeli, Patela, Doki, Tisana Muvada, Chamariya, Nariyani Muvadi, Lunjana Muvada, Chandana-na-muvada, Kavdana Muvada, Kalyanpura, Pichhoda, Bachkariya, Mandli, Pratappura, Gasali, Nana Kaliya, Mota Kaliya, Bhamela, Bhanpur, Garadiya, Boda Dungar, Karamba.",137
GUJARAT,DAHOD,130,Jhalod,ST,"Jhalod Taluka (Part) V illages - Garadu, Dhavadiya, Bambela, Rajadiya, Kheda, Amba Jharan, Thunthi Kankasiya, Mahudi, Chhasiya, Ghesva, Maghanisar, Hadmat Khunta, Kharsana, Anvarpura, Sitavatli, Rajpur, Velpura, Kaliya Talav, Mun Khosla, Shankarpura, Fulpura, Timachi, Rampura, Raypura, Gamdi, Jafarpura, Chitrodiya, Devjini Sara svani, Kalajini Sarsavani, Jetpur, Melaniya, Therka, Vagela, G hodiya, Khakhariya, Nansalai, Bajarvada, Sarmariya, Varod, Sa mpoi, Tandi, Raniyar Kanbi, Paniya, Chakaliya, Pethapur, Mudaheda, Lilva Pokar, Raniyar Inami, Lilva Thakor, Nime Varod, Kuni, Simaliya, Kharvani, Vankol, Limdi, Lilva Deva, Malvasi, Pi plet, Kakara Kuva, Kachaldhara, Chatka, Dhola Khakhara, Kotda, S abli, Raliyati Bhura, Parthampur, Rupakheda, Karath, Nani Handi, Pa reva, Pipaliya, Dungri, Thala (Limdi), Munadha, Golana, Suthar Vasa, Amba, Bilwani, Moti Handi, Dageriya, Vasti, Pavdi (I nami), Mirakhedi, Kaligam Inami, Kaligam Gurjar, Dhara Dungar, Tadhagol a, Dantiya, Raliati Gujjar, Gultora, Tetariya, Sharda, Chhayan, Jhalod (M).",138
GUJARAT,DAHOD,131,Limkheda,,(ST) Limkheda Taluka.,138
GUJARAT,DAHOD,132,Dahod,ST,"Dahod Taluka (Part) Villages - D ungra, Doki, Chosala, Kharoda, Chhayan, Bhathiwada, Sakarda, Kh arod, Rentiya, Khodva, Jekot, Rampura, Borwani, Khajuri, Chhapr i, Usarvan, Delsar, Rajpur, Kharedi, Ranapur Bujarg, Ranapur Khurd, Navagam, Ravali Kheda, Salapada, Zari Khurd, Tanda, Kotda Bujarg, Junapani, Tanachhiya, Bordi Khurd, Bord i Inami, Karamchandnu Khedun, Kotda Khurd, Dhamarda, M andavav, Dungarpur, Ukardi, Kali Talai, Rozam, Muwalia, Rabdal, Nim nalia, Nasirpur, Punsri, Jalat, Vanbhori, Bhambhori, Tarvadia Himat, Khut Kheda, Gundi Kheda, Himala, Udar, Kheng, Rachharda, Timarda, Itawa, Tarvadiya Vaja, Tarvadiya Bhau, Gamla, Chandwana, Bandibar, Limdabara, Uchavaniya, RNA (Freelandgunj), Dohad (M).",138
GUJARAT,DAHOD,133,Garbada,ST,"1. Garbada Taluka. 2. Dahod Taluka (Part) Villages - Moti Kharaj, Nagarala, Gadoi, Bavka, Vijagadh, Brahmkheda, Nani Kharaj, Borkheda, Lilar, Katwara, Chandawada, Kathla, Vadbara, Khangela, Bhutodi, Dasla, Nani Lachheli, Moti Lachhe li, Vankiya, Simaliya Khurd, Khapariya, Agawada. 3. Dhanpur Taluka (Part) Village s - Biliya, Kantu, Amlimenpur, Kanakuwa, Sangasar, Zabu, Ulk adar, Rachhava, Khajuri, Harakhpur, Vakota, Kalakhunt, Navanagar, Kadval, Khadada (Na), Ambakach, Leliya Amba, Sankarpura, Nanimalu, Gahelvagha, Punakota, Kautambi , Ladva Vad, Dumka, Khalta Garabdi, Moti Malu, Vasiya Dungari, Dhanarpatiya, Gangardi Faliya, Kakad Khila, Mandor, K anseta, Bhanpur (Kakadkhila), Bhindol, Kanjeta, Pipargota, Panam, Alindra, Bhuvero.",138
GUJARAT,DAHOD,134,Devgadhbaria,,"1. Devgadh Baria Taluka - Entire taluka except village - Gamdi. 2. Dhanpur Taluka (Part) Villages - Ghodajar, Umariya, Budhpur, Bor, Mahunala, Surpur (Umariya), Mandav, Dolariya, Kanzar, Agasvani, Pipodra, Chorbariya, B edat, Bogadva, Nakti, Bhorva, Sajoi, Kaliyavad, Undar, Dudham ali, Adalwada, Kothariya, Rampur, Modhva, Nalu, Pav, Ra iyavan, Khokhbed, Ved, Ghada, Khokhra, Lukhadiya, Pipearo, Singaw ali, Dhanpur (To), Simamoi, Vakasiya, Kundawada, Taramkac h, Dabhava, Lakhana Gojiya, Tokarva, Dungarpur (To), Nan Sa lai, Chari, Limdi Medhari, Pipariya (To), Gadvel, Andarpur a, Gumli (To), Udhal Mahuda.",139
GUJARAT,VADODARA,135,Savli,,"1. Savli Taluka. 2. Vadodara Taluka (Part) Villages - Dodka, Rayaka, Sankarda, Vasna-Kotariya, Fajalpur (Sankarda).",139
GUJARAT,VADODARA,136,Vaghodia,,"1. Vaghodia Taluka. 2. Vadodara Taluka (Part) Villages - Sokhda, Padmala, Anagadh, Ajod, Asoj, Virod, Si sva, Dasharath, Dhanora, Kotna, Koyli, Dumad, Dena, Sukhlipur , Amaliyara, Kotali, Vemali, Gorva, Ankodiya, Sherkhi, Nandesari (CT), Nandesari (INA), Ranoli (CT), Petro-Chemical Complex (I NA), Karachiya (CT), GSFC Complex (INA), Bajwa (CT), Ja waharnagar (Gujarat Refinery) (CT).",139
GUJARAT,VADODARA,137,Chhota Udaipur,ST,"1. Chhota Udaipur Taluka. 2. Jetpur Pavi Taluka (Part) Villages - Kanda, Borkanda, Chuli, Muvada, Jogpura (Gadh), Gadh, Bh ikhapura, Oliya Kalam, Mota Amadra (Kadval), Nana Amadra (Kadval), Kadval, Rajpur (Kadval), Khatas, Jamba, Vir pur, Samadi, Kadvapura, Kheda, Selva, Gundi, Zari, Kalikui, B habhar, Nani Khandi, Pani, Vadoth, Bar, Moti Khandi, Satun, Ghat a, Kundal, Chethapur, Ambakhut, Int, Vasangadh, Udhaniya, Kevada, Jogpura (Dungar), Intvada, Mudhiyari, Kathola, Zab (Val othi), Narvaniya, Bhanpur, Hathipagla, Raypur, Dhanpur, Chai na, Lunaja, Muthai, Sagadra, Dungarvant, Ghuntia, Ghutanvad, Gambhirpura, Nani Bej, Bhanpuri, Magiya, Kadvakuva, Li mbani, Bamroli, Shivajipura, Valothi, Vajpur, Mota Kantva, N ana Kantva, Fatepura, Vanki, Moti Bej, Sajod, Umarva, Khandiya Amadara, Uchapan, Ghagharpura, Segvasimli, Fata, Koliyari, Vaghav a, Paliya, Tarapur, Rampura, Vav, Pavi, Jetpur, Moti Rasli, Nani Rasli, Thalki, Dabherai, Gogadiya, Motipura (Gadoth), Nani Bumdi.",139
GUJARAT,VADODARA,138,Jetpur,ST,"1. Jetpur Pavi Taluka (Part) Villages - Lodhan, Mesara, Vankol, Sihod, Moti Bumdi, Patiya, Nana Butiyapura, Mota Butiyapura, Ranbhun, Amalpur, Gadoth, Mo ti Tejavav, Khandivav, Pratapnagar, Shithol, Aniyadri, Moti Amrol, Sengpur, Tamboliya, Chudel, Ambadi, Bhensavahi, Suskal, Nani Tejavav, Kukna, Chapargota, Jivanpura, Timbi, Pandhara, Visadi, Dhorivav, Jabugam, Baravad, Harakhpur, K ohivav, Vavdi, Majigam, Chhotanagar, Ratanpur, Khandiyakuva, Polanpur, Muldhar, Tokarva, Chachak, Simaliya, Tadkachhala, Vanta, Vaddhari, Khadakla, Vadatalav, Gaidiya, Sakhandra, Devmori, Gajra, Bordha, Degla, Pandharva, Sajuli, Nani Amrol, Bandi, Kosum, Deriya, Kalarani, Vantada, Dharoliya (Sakhandra), Kothiya, Sadadhari, Sherpura, Val pari, Undva, Haripur a, Karsan, Rajpur (Karali), Bhindol, Dharoliya Bh indol, Ambazati, Zab (Sajva), Ghodiyala, Sadhali, Pratappura, Ka vara, Chimli, Panibar, Saloj, Ghodaj, Mota Amadra (Chhatrali) , Chundheli, Kadachhala, Nana Amadra (Chhatrali), Chhatrali, Kara li, Thambhla, Sajva, Ambalag, Vankala, Karajvant, Jitnagar, Mora Dungari, Navi Rudhi, Ferkuva, Simal Ghoda, Khareda, Bhorda, Nani Vant, Vanadha, Juni Rudhi, Juna Timbarva, Nava Timbarva, B adaliya, Chalamali, Moti Vant, Rajvasana, Rajbodeli, Un, Navagam , Vadivada, Athavali, Mavali, Bhilvaniya, Zoz, Unada, Untkoi. 2. Kavant Taluka.",140
GUJARAT,VADODARA,139,Sankheda,ST,1. Sankheda Taluka. 2. Nasvadi Taluka. 3. Nandod Taluka (Part) of Narmada District Village - Dhefa.,140
GUJARAT,VADODARA,140,Dabhoi,,"1. Dabhoi Taluka. 2. Vadodara Taluka (Part) Villages - Ankhol, Khatamba, Bhayli, Raypura, Gokalpura, Samiyala, Bil, Shankarpura, Jobantekri, Ratanpur, Vadadla, Talsat, C hapad, Maretha, Chikhodara, Alhadpura, Navapura, Tatarpur a, Sultanpura, Diwalipura, Hetampura, Kelanpur, Dhaniyavi, Vora Gamdi, Mujar Gamdi, Alamgir, Khalipur, Varnama, Su ndarpura, Shahpura, Hansajipura, Raghavpura, Samaspura, Pata rveni, Rabhipura, Fatepura, Kajapur, Hansapura, Mastupur Gamd i, Kandkoi, Meghakui, Salad, Ajitpura, Dolatpura, Ramnath, Rasulpur, Runvad, Samsabad . 3. Vadodara Taluka (Part) - Vadodara Municipal Corporation (Part) Ward No - Kalali (OG) 18.",140
GUJARAT,VADODARA,141,Vadodara City,SC,"Vadodara Taluka (Part) - Vadodara Municipal Corporation (Part) Ward No. - 2, 9, Harni (OG)13, Sayajipura (OG) 15, Bapod (OG) 16.",140
GUJARAT,VADODARA,142,Sayajigunj,,"Vadodara Taluka (Part) - Vadodara Municipal Corporation (Part) Ward No. - 7, 10 , Undera (OG) 11, Karodiya (OG) 12.",140
GUJARAT,VADODARA,143,Akota,,"Vadodara Taluka (Part) - Vadodara Municipal Corporation (Part) Ward No. - 5, 6.",140
GUJARAT,VADODARA,144,Raopura,,"Vadodara Taluka (Part) - Vadodara Municipal Corporation (Part) Ward No. - 1, 3, 8, Sama (OG) 14, Chhani (OG) 19.",141
GUJARAT,VADODARA,145,Manjalpur,,"1. Vadodara Taluka (Part) Village - Tarsali (CT). 2. Vadodara Taluka (Part) - Vadodar a Municipal Corporation (Part) Ward No. - 4, Kapurai (OG) 17.",141
GUJARAT,VADODARA,146,Padra,,"1. Padra Taluka. 2. Vadodara Taluka (Part) Vill ages - Sindhrot, Hinglot, Ampad, Mahapura, Sevasi, Khanpur. 3. Karjan Taluka (Part) Village - Umaj.",141
GUJARAT,VADODARA,147,Karjan,,"1. Karjan Taluka - Entire taluka except village - Umaj. 2. Sinor Taluka. 3. Vadodara Taluka (Part) Villages - Karali, Itola, Vadsala, Untiya (Kajapur), Por, Raman Gamdi, Gosi ndra, Untiya (Medhad), Sarar, Kashipura, Ankhi, Fajalpur (Ankhi).",141
GUJARAT,NARMADA,148,Nandod,ST,1. Nandod Taluka - Entire taluka except village - Dhefa. 2. Tilakwada Taluka.,141
GUJARAT,NARMADA,149,Dediapada,ST,1. Dediapada Taluka. 2. Sagbara Taluka.,141
GUJARAT,BHARUCH,150,Jambusar,,1. Jambusar Taluka. 2. Amod Taluka.,141
GUJARAT,BHARUCH,151,Vagra,,"1. Vagra Taluka. 2. Bharuch Taluka (Part) Villages - Kamboli, Simalia, Kishnad, Ghodi, Thikaria, Tankariya, Padar iya, Karela, Kelod, Pipalia, Parkhet, Adol, Varedia, Segv a, Shahpura, Nand, Bharthana, Uparali, Manch, Kahan, Sitpon, Pariej, Dayadra, Tralsa, Hingalla, Bori, Kargat, Jhanghar, Bambusar , Samlod, Jhanor, Dabhali, Nabipur, Kuvadar, Kothi, Tralsi , Derol, Sarnar, Amleshwar, Cholad, Vansi, Vahalu, Mahudhal a, Paguthan, Aldar, Asuria, Umara, Kavitha, Karmali, Sindhot, Angareshwar, Nikora, Mangleshwar, Karjan, Osara, Luw ara, Vagusana, Kasad, Tham, Karmad, Kurla, Amdada, Sankhvad, Kesrol, Eksal, Navetha, Bhuva, Vesdada, Detral, Manubar, Tavara, Shuklatirth, Dahegam, Hinglot, Vadva, Bhadbhut, Kasva, Manad, Mahegam, Dashan, Verwada, Kukarwada, Palej (CT).",141
GUJARAT,BHARUCH,152,Jhagadia,,(ST) 1. Jhagadia Taluka. 2. Valia Taluka.,141
GUJARAT,BHARUCH,153,Bharuch,,"1. Bharuch Taluka (Part) Villages - Kanthariya, Sherpura, Umraj, Chavaj, Vadadla, Haldarwa, Jhadeshwar, Bholav, Nandelav, Rahadpor, Borbhatha Bet, Bharuc h (INA), Bharuch (M), Maktampur (CT). 2. Ankleshwar Taluka (Part) Villages - Chhapra, Kansiya, Mandvabuzarg, Naugama, Samor, Mo tali, Amrutpura, Uchhali, Kararvel, Dadhal, Sarangpore, Jitali, Piprod, Avadar, Pardi Mokha, Sangpor, Andada (CT).",142
GUJARAT,BHARUCH,154,Ankleshwar,,"1. Ankleshwar Taluka (Part) Vill ages - Dhanturiya, Taria, Matied, Haripura, Sakkarpor, Sarfuddin, Borbhatha, Borbhatha Bet, Surwadi, Divi, Diva, Pungam, Saj od, Kanwa, Nangal, Boidara, Gadkhol, Piraman, Amboli, Adol, Hajat, Sarthan, Motwan, Telva, Piludara, Umarwada, Kapodara, Bhadkodara, Kosamadi, Bakrol, Safipura, Alunj, Pardi Idris, Ka rmali, Panoli, Sanjali, Kharod, Bhadi, Ravidra, Adadara, Sis odara, Utiyadara, Bharan, Ankleshwar (M), Ankleshwar (INA). 2. Hansot Taluka.",142
GUJARAT,SURAT,155,Olpad,,"1. Olpad Taluka. 2. Choryasi Taluka (Part) Vill ages - Vansva, Damka, Malgama, Bhesan, Okha, Chichi, Vanakala, Viher, Variav, Bharthana Kosad, Kosad, Asarma, Mota Varachha , Amroli, Chhapra Bhatha (CT), Utran (CT).",142
GUJARAT,SURAT,156,Mangrol,ST,1. Mangrol Taluka. 2. Umarpada Taluka.,142
GUJARAT,SURAT,157,Mandvi,ST,"1. Mandvi Taluka. 2. Songadh Taluka (Part) Villages - Sadadkuva, Samarkuva, Amaldi, Singalvan, Ajvar, Borda, Jhari Amba, Gundi, Vajpur, Satkashi, Kuilivel, Amalpada, Bavli, Serulla , Limbi, Sar Jamli, Nindvada, Bhatvada, Khervada, Junai, Ghasiy a Medha, Sisor, Panch Pipla, Bhanpur, Jamapur, Vekur, Bori Sa var, Vadda P Bhensrot, Singal Khanch, Bundha, Silatvel, Pat harda, Vadi Bhensrot, Singpur, Vaghnera, Dhajamba, Veljhar, Chikhli Bhensrot, Vajharda, Bedvan P Bhensrot, Ukhalda, Jhadpati, Galkhadi, Pipalkuva, Moti Khervan, Nani Khervan, Ghoda, Bhurivel, Bhimpura, Vagda, Gunsada, Dumda, Amlipada, Kelai, Kavla, Amli, Bedi, Agasvan, Nishana, Achhalva, Bedvan Khadka, Kikakui, Mandal, Chakalia, Ukai (CT).",142
GUJARAT,SURAT,158,Kamrej,,"1. Kamrej Taluka. 2. Choryasi Taluka (Part) Villages - Saroli, Saniya Hemad, Simada, Puna, Magob.",142
GUJARAT,SURAT,159,Surat East,,"1. Surat City Taluka (Part) - Surat Municipal Corporation (Part) Ward No. - 1, 2 , 3, 5, 8, 9, 10, 11, 12, 30.",143
GUJARAT,SURAT,160,Surat North,,"Surat City Taluka (Part) - Surat Muni cipal Corporation (Part) Ward No. - 4, 6, 7, 29, 31, 32.",143
GUJARAT,SURAT,161,Varachha Road,,"Surat City Taluka (Part) - Surat M unicipal Corporation (Part) Ward No. - 28, 43, 44, 45.",143
GUJARAT,SURAT,162,Karanj,,"Surat City Taluka (Part) - Surat M unicipal Corporation (Part) Ward No. - 36, 46, 47, 48.",143
GUJARAT,SURAT,163,Limbayat,,"Surat City Taluka (Part) - Surat M unicipal Corporation (Part) Ward No. - 35, 49, 50, 51, 52.",143
GUJARAT,SURAT,164,Udhna,,"Surat City Taluka (Part) - Surat M unicipal Corporation (Part) Ward No. - 53, 54, 55, 56, 66.",143
GUJARAT,SURAT,165,Majura,,"Surat City Taluka (Part) - Surat M unicipal Corporation (Part) Ward No. - 13, 33, 34, 37, 57, 58, 59, 60, 61 ,62.",143
GUJARAT,SURAT,166,Katargam,,"Surat City Taluka (Part) - Surat M unicipal Corporation (Part) Ward No. - 38, 39, 40, 41, 42.",143
GUJARAT,SURAT,167,Surat West,,"Surat City Taluka (Part) - Surat M unicipal Corporation (Part) Ward No.-14, 15, 16, 17, 18, 19, 20, 21, 22, 23, 24, 25, 26, 27, 63, 64, 65.",143
GUJARAT,SURAT,168,Choryasi,,"Choryasi Taluka (Part) Villages - Bhatlai, Rajgari, Sunvali, Mora, Kavas, Bhatpor, Kidiabet, Bhatha, Rundh, Magdalla, Gaviyar, Vanta, Dumas, Hajira, Sultanabad, Bhim por, Sarsana, Abhva, Khajod, Bhimrad, Jiav, Sonari, Karadva, Saniya Kanade, Eklera, Bhanodra, Gabheni, Budia, Talangpor, Pardi Ka nade, Kharvasa, Pali, Umber, Kansad, Bamroli, Palanpor, Bhar thana Vesu, Vadod, Gadodara, Dindoli, Vesu, Pal, Ichchhapor (CT), Parvat (CT), Limla (CT), Hajira (INA), Un (CT), Sachin (CT), Sachin (INA).",143
GUJARAT,SURAT,169,Bardoli,SC,"1. Bardoli Taluka (Part) Villages - Mota, Movachhi, Moti Falod, Bharampor, Vaghecha Kadod, Bham aiya, Uchharel, Haripura, Kadod, Singod, Bamni, Samthan, Kantali, Pardi Kadod, Ruwa, Varad, Isanpor, Kharvasa, U mrakh, Baben, Astan, Panada, Rajpura Lumbha, Rayam, Khoj, Pa lsod, Akoti, Orgam, Sankri, Dhamdod Lumbha, Ten, Nandida, Khali, Tajporkhurd, Utara, Afva, Isroli, Tajpore Bujrang, Goji, Ba mroli, Ninat, Pathradiya, Nizar, Babla, Sarbhon, Bhuvasan, Za nkharda, Ancheli, Vadoli, Naugama, Vaghech Sarbhon, Pardi Vagha, Tarbhon, Kuvadia, Chhitra, Kharad, Bardoli (M). 2. Palsana Taluka. 3. Choryasi Taluka (Part) Villages - Vedchha, Sabargam, Kumbharia, Devadh, Dakhkhanvada, Deladva, Mohni, Timbarva, Goja, Khambhasla, Bonand, Ravla (Vaktana), Bhatia, Vanz, Lajpor, Popda, Kapletha, Kachholi, Samrod.",143
GUJARAT,SURAT,170,Mahuva,ST,"1. Mahuva Taluka. 2. Valod Taluka. 3. Bardoli Taluka (Part) Vill ages - Masad, Miyawadi, Rajwad, Nasura, Vadhvaniya, Junvani, Bal da, Vanskui, Bhesudala, Nani Bhatlav, Mangrolia, Vadhava, Tim barva, Pipariya, Madhi, Surali, Manekpor, Uva, Karachaka, Hindo lia, Kikvad, Gotasa, Sarethi, Moti Bhatlav, Sejvad, Allu, Vankaner, Kanai, Pardi Valod.",144
GUJARAT,SURAT,171,Vyara,ST,Vyara Taluka.,144
GUJARAT,SURAT,172,Nizar,ST,"1. Nizar Taluka . 2. Uchchhal Taluka. 3. Songadh Taluka (Part) Villages - Rampura Kothar, Champavadi, Pokhran, Khambhala, Dosv ada, Kumkuva, Rupvada, Chapaldhara, Raniamba, Balamrai, Gaisavar, Chimkuva, Tokarva (Segupada), Tokarva (Jamankuva), Kakad Kuva, Ghanchikuva, Khanjar, Kharsi, Devalpada, Kanal a, Chorvad, Chikhli Khadka, Dhamodi, Junvan, Galkuva, Bedpada, Kanadevi, Rampura Kanadevi, Nana Bandharpada, Jharali, Nani Bhurvan, Medhsingi, Khokhsa, Kanji, Don, Moti B hurvan, Hiravadi, Amba, Kukradungri, Kukadjhar, Vadpada P Tokarva, Ghodchit, Bandharpada, Gatadi, Tichakia, Hanmantiya, Mahudi, Monghvan, Maiyali, Sandhkuva, Tarsadi, Kakad Kuva P Umarda, Bedvan P Umarda, Vadpada P Umarda, Jamkhadi, Medha, Golan, Nana Tarpada, Ojhar, Hindla, Khadi, Sadadvel, Bharadada, Gopal pura, Vanjhafali, Amalgundi, Chakvan, Borkuva, Kalaghat, Mota Satsila, Ghodi Ruvali, Ghuntvel, Vadda P Umarda, Ta parvada, Gunkhadi, Temka, Masanpada, Dardi, Umarda, Dhanm auli, Amthava, Shravania, Lavchali, Chimer, Kanti, Seljha r, Borpada, Khogal Gam, Mota Tarpada, Kapad Bandh, Siraspada, Vadirupgadh, Chikhalapada, Khapatia, Mohpada(Malangdev), Virthava, Ekva Golan, Malangdev, Karvanda, Langad, Ghus argam, Bhorthava, Otta, Rasmati, Pahadada, Mal, Sadadun, Sinand, Otatokarva, Songadh (M).",144
GUJARAT,DANGS,173,Dangs,ST,Dangs Taluka.,144
GUJARAT,NAVSARI,174,Jalalpore,,"1. Jalalpore Taluka. 2. Navsari Taluka (Part) Villages - Asundar, Sarai, Dhaman, Parthan, Vejalpor, Telada, Sarona, Pera, Kurel, Supa, Pinsad, Padgha, Kadipor, Amri, Amadpor, Moldhara, Tarsadi, Khergam, Vachharvad, Shahu, Singod, Dandesar , Onchi, Virwadi, Dharagiri, Nasilpor, Bhattai, Munsad, Va sar, Ambada, Ugat, Navapara, Sisodra (Ganesh), Tighra, Arsan.",145
GUJARAT,NAVSARI,175,Navsari,,"1. Navsari Taluka (Part) Villages - Kasbapar, Viraval, Satem, Toli, Sadlav, Ashtagam, Un, Chhapra, D antej, Italva, Wada (Sisodra), Pardi, Sarpor, Dabhalai, Nagdhara, Kumbhar Faliya, Butlav, Kanbad, Bhula Faliya, Khadsupa, Kachhol, Adada, Partapor, Mogar, Chandravasan Supa, Bori ach, Rajwada, Kambada, Bhunwadi, Mahudi, Puni, Jamalpore, Kabilpor, Kaliawadi, Chovisi, Navsari (M). 2. Gandevi Taluka (Part) Vill ages - Mohanpur, Kolva, Salej, Ichhapor, Pinjra, Vegam, Vagal vad, Matwad, Gandeva, Khapariya, Pipaldhara, Manekpor , Gadat, Sonwadi, Ancheli, Khakhwada, Pathri, Dhanori, Endha l, Ajrai, Kachholi, Ganghor, Amalsad, Dhamdachha, Vasan, Kotha, Masa.",145
GUJARAT,NAVSARI,176,Gandevi,ST,"1. Gandevi Taluka (Part) Vill ages - Duwada, Vadsangal, Rahej, Sarikhurd, Saribujrang, Torangam , Khergam, Deshad, Kalvach, Ambheta, Pati, Valoti, Dev dha, Chhapar, Mendhar, Morali, Kalamtha, Bhatha, Dhakwada, Ke sali, Nandarkha, Vaghrech, Bigri, Govandi Bhathala, V angam, Khaparwada, Undach Luhar Faliya, Undach Vaniya Faliya, Gandevi (CT), Devsar (CT), Talodh, Bilimora (M), Antaliya (CT). 2. Chikhli Taluka (Part) Villages - Nogama, Saraiya, Chitali, Bodvank, Tankal, Minkachchh, Barolia, Sunthwad, Degam, Chasa, Vanzna, Undhwal, Rethvania, Alipor, Khundh, Thala, Samaroli, Majigam, Ghekti, Vank al, Hond, Malwada, Sadakpor, Pipalgabhan, Talavchora, Balwada, Tejlav, Maliadhara, Soldhara, Pananj, Vad, Ghej, Chari, Vav, Debarpada, Ruzvani, Khergam, Naranpor, Nandhai, Bhervi, Pela di Bhervi, Bahej, Chimanpada, Chikhli (CT), Achhavani, Jamanpada, Gauri, Vadpada.",145
GUJARAT,NAVSARI,177,Bansda,ST,"1. Bansda Taluka. Chikhli Taluka (Part) Villages - Jogwad, Kangvai, Ranverikalla, Ranverikhurd, Kharoli, Kukeri , Surkhai, Rankuwa, Manekpor, Harangam, Donja, Sadadvel, Ba manvel, Khambhda, Khudvel, Fadvel, Saravani, Ambach, Kanbhai , Syada, Kaliyari, Bamanwada, Amadhara, Mograwadi, Gholar, Godthal, Velanpor, Kakadvel, Mandav Khadak, Agasi, Rumla, Nadagdhari, Dhama Dhuma, Ghodvani, Zari, Dholumber, Toranver a, Panikhadak, Kakadveri, Pati.",145
GUJARAT,VALSAD,178,Dharampur,ST,"1. Dharampur Taluka. 2. Valsad Taluka (Part) Villages - Gorgam, Panchlai, Bhanji Falia, Sonwada, Tighara, Dhanori, Endergota, Khajurdi, Palan, Fanaswada, Atgam, Segva, Muli, Ovada, Koch wada, Kalwada, Pitha, Marala, Sarangpur, Kanjan Ranchhod, Thakka rwada, Kanjan Hari, Gadaria, Kaparia, Dulsad, Bhutsar, Ronvel , Bhoma Pardi, Anjlav, Rabada, Navera, Bodlai, Valandi, Vankal , Ozar, Kachigam, Kakadmati, Faldhara, Kosamkuwa, Velvach, Chinchai.",146
GUJARAT,VALSAD,179,Valsad,,"Valsad Taluka (Part) Villages - Malvan, Kakwadi Danti, Untdi, Jeshpor, Olgam, Vasan, Vaghaldhar a, Rola, Dungri, Dharasna, Dandi, Bhagal, Chharvada, Umarsadi, Shanker Talav, Kundi, Sarodhi, Chikhla, Bhadeli Jagalala, Bhadeli Desai Party, Lilapore, Saron, Kewada, Nandawala, Vejalp ore, Gundlav, Gorwada, Jujwa, Ghadoi, Dhamdachi, Tithal, Surw ada, Segvi, Vashiyar, Pardi Parnera, Atak Pardi, Pathri, Chanvai, Chichwada, Dived, Magod, Magod Dungri, Atar, Meh, Bhagod, Pardi Hariya, Hariya, Binwada , Kosamba, Pardi Sandhpor, Bhagdawada , Valsad (M), Valsad (INA), Mogarawadi (CT), Nanakwada (CT), Abrama (C T), Parnera (CT), Atul (CT).",146
GUJARAT,VALSAD,180,Pardi,,"Pardi Taluka (Part) Villages - Umarsadi, Balda, Kumbhariya, Sondhalwada, Parvasa, Kachwal, Mota Waghchhipa, Nana Waghchhipa, Sukhesh, Borlai, Sukhla v, Velparva, Khadki, Motiwada, Palsana, Kalsar, Udwada, Kolak, Kikarla, Rentlav, Dungri, Dashwada, Amli, Khuntej, Sarodhi, Or vad, Saran, Tarakpardi, Vatar, Kunta, Morai, Bagwada, Tighra, Paria, Tukwada, Balitha, Salvav, Chharwada, Namdha, Chandor, Chhi ri, Karvad, Pardi (M), Chala (CT), Vapi (M), Vapi (INA).",146
GUJARAT,VALSAD,181,Kaprada,ST,"1. Kaprada Taluka. 2. Pardi Taluka (Part) Villages - Sonwada, Varai, Nimkhal, Panchlai, Lakhmapor, Nevri, Rabdi, Asma, Tarmaliya, Rohina, Samarpada, Dhagadmal, Daheli, Chival, Arnala, Pati, Goima, Barai, Dumalav, Ambach, Kherlav, Pandor, Rata, Kocharva, Vankachh, Koparli, Kaval, Karaya, Nani Tambadi, Degam, Moti Tambadi, Lavachha, Karamkhal, Chibhad Kachchh.",146
GUJARAT,VALSAD,182,Umbergaon,ST,"1. Umbergaon Taluka. 2. Pardi Taluka (Part) Villages - Chanod (CT), Dungra (CT).",146
HARYANA,PANCHKULA,1,Kalka,,Kalka Tehsil; KCs Morni & Raipur Rani of Panchkula Tehsil.,149
HARYANA,PANCHKULA,2,Panchkula,,KC Panchkula & Panchkula (Muni cipal Council) of Panchkula Tehsil.,149
HARYANA,AMBALA,3,Naraingarh,,Naraingarh Tehsil; PCs Pilkhani & Khudda Kalan of Ambala Cantt. KC of Ambala Tehsil.,149
HARYANA,AMBALA,4,Ambala Cantt,,"PCs Panjokhara & Mandhaur of Ambala City KC, PCs Babyal, Kardhan & Bara of Ambala Can tt. KC, Ambala Sadar (Municipal Council) & Ambala Cantt. (CB) of Ambala Tehsil.",149
HARYANA,AMBALA,5,Ambala City,,"PCs Ghel, Sonda, Manakpur, Suba Akbarpur, Patti Mehar & Jalbera of Ambala City KC, Am bala City (Municipal Council), Naggal KC, PCs Balana, Sullar & Bhano Kheri of Balana KC of Ambala Tehsil.",149
HARYANA,AMBALA,6,Mulana,SC,"Barara Tehsil; PCs Dhanaura, Thar wa, Durana, Bar auli & Mohri of Balana KC, PC Mohra of Ambala Cantt. KC & Saha KC of Ambala Tehsil.",149
HARYANA,YAMUNANAGAR,7,Sadhaura,SC,"KCs Sadhaura, Bilaspur, PCs Pabni Kalan, Mussimbal & Mehlanwali of Jagadhri KC, PC Khera of Yamunanagar KC, PCs Bhambholi, Mustafabad, Chhappar M ansurpur, Jagdhauli, Kalawar, Talakaur, Ambli & Hangoli of Mustafabad KC of Jagadhri Tehsil.",149
HARYANA,YAMUNANAGAR,8,Jagadhri,,Chhachhrauli Tehsil; PCs Jagadhri & Arnauli of Jagadhri KC & Jagadhri (Municipal Council) of Jagadhri Tehsil.,149
HARYANA,YAMUNANAGAR,9,Yamunanagar,,"PCs Yamunanagar, Balachaur & Tejli of Yamunanagar KC, Yamunanagar (Municpal Council), PCs Buria Jagir, Kanalsi, Sabapur & Kharwan of Jagadhr i KC of Jagadhri Tehsil.",149
HARYANA,YAMUNANAGAR,10,Radaur,,"KC Radaur, PCs Hafizpur, Jhinwar heri, Uncha Chandana, Saran & Rapoli of Mustafabad KC, PCs Nahar pur, Tigri, Khurdi, Damla, Aurangabad, Pansra & Sasauli of Yamunanagar KC of Jagadhri Tehsil.",150
HARYANA,KURUKSHETRA,11,Ladwa,,"PCs Pipli, Umri, Jhinwarheri, Mat hana, Sirsama, Untheri, Morthala, Kanipla, Ishargarh & Deeg of T hanesar-I KC, KCs Babain, Ladwa & Ladwa (Municipal Committee) of Thanesar Tehsil.",150
HARYANA,KURUKSHETRA,12,Shahbad,SC,"Shahbad Tehsil; PCs Thol, Ajrawar & Shanti Nagar Urf Kurdi of Ismailabad KC of Pehowa Tehsil & KC Durala of Thanesar Tehsil.",150
HARYANA,KURUKSHETRA,13,Thanesar,,"PCs Darrakalan, Sirsala & Palwal of Thanesar-I KC, KC Thanesar- II & Darrakalan MC of Thanesar Tehsil.",150
HARYANA,KURUKSHETRA,14,Pehowa,,"PCs Ismailabad, Jhansa, Bhusthla, Naisi, Jakhwala & Thaska Miranji of Ismailabad KC, KCs Murtzapur, Pehowa & Pehowa (Municipal Committee) of Pehowa Tehsil.",150
HARYANA,KAITHAL,15,Guhla,SC,Guhla Tehsil & KC Siwan of Kaithal Tehsil.,150
HARYANA,KAITHAL,16,Kalayat,,"KCs Jakholi, Rajound, Kalayat, Mator & Kalayat Municipal Committee of Kaithal Tehsil.",150
HARYANA,KAITHAL,17,Kaithal,,"PCs Patti Kaisth Seth, Patti Gadar , Khurana, Deora, Keorak-I & II, Geong, Jaswanti, Sirta, Khanoda, Ka thwar, Mundhari & Nawach of Kaithal-I KC, KC Kaithal-II & Kait hal (Municipal Council) of Kaithal Tehsil.",150
HARYANA,KAITHAL,18,Pundri,,"KCs Dhand, Pundri, Pai, PCs Baro t & Teek of Kaithal-I KC & Pundri (Municipal Committee) of Kaithal Tehsil.",150
HARYANA,KARNAL,19,Nilokheri,SC,Nilokheri Tehsil & KC Nissing of Karnal Tehsil.,150
HARYANA,KARNAL,20,Indri,,Indri Tehsil & KC Baragaon of Karnal Tehsil.,150
HARYANA,KARNAL,21,Karnal,,"PCs Karnal I, II & III, Kachhwa-I & II, Pundrak of Karnal-I KC & Karnal (Municipal Council + OG) of Karnal Tehsil.",150
HARYANA,KARNAL,22,Gharaunda,,"Gharaunda Tehsil; KC Karnal-II, PCs Gogripur, Kambohpura, Kutail & Uncha Siwana of Karnal-I KC of Karnal Tehsil.",151
HARYANA,KARNAL,23,Assandh,,Assandh Tehsil & KC Jundla of Karnal Tehsil.,151
HARYANA,PANIPAT,24,Panipat Rural,,KC Panipat of Panipat Tehsil.,151
HARYANA,PANIPAT,25,Panipat City,,Panipat (Municpal Council + OG) of Panipat Tehsil.,151
HARYANA,PANIPAT,26,Israna,SC,"KCs Madlauda-I, Madlauda-II of Panipat Tehsil & Israna Tehsil.",151
HARYANA,PANIPAT,27,Samalkha,,Samalkha Tehsil.,151
HARYANA,SONIPAT,28,Ganaur,,"Ganaur Tehsil; PCs Sandal Kalan, Shahjadpur & Kurar Ibrahimpur of Murthal KC & PC Sonipat Patti Musalmanan of Sonipat-I KC of Sonipat Tehsil.",151
HARYANA,SONIPAT,29,Rai,,"KC Rai, PCs Malikpur, Barauli, Ba sodi, Dipalpur, Jainpur, Khewra, Kumaspur & Murthal of Murthal KC, PCs Nahra, Nahri & Garhibala of Sonipat-II KC of Sonipat Tehsil.",151
HARYANA,SONIPAT,30,Kharkhauda,,"(SC) Kharkhauda Tehsil; PCs Baiyanpur , Rathdhana, Kakroi, Harsana Kalan & Rohat of Sonipat-II KC of Sonipat Tehsil.",151
HARYANA,SONIPAT,31,Sonipat,,PC Raipur of Sonipat-I KC & Soni pat (Municipal Council) of Sonipat Tehsil.,151
HARYANA,SONIPAT,32,Gohana,,"KC Gohana-I & Gohana (Municipal Committee) of Gohana Tehsil; PCs Sonipat Patti Jatan, G uhna, Dubheta, Mahra, Doduwa, Chitana, Jaji, Jaun, Mohana & Pinana of Sonipat-I KC, PCs Bhatgaon Maliyan, Bhatgaon Dungr an, Mehlana & Bagru of Sonipat-II KC of Sonipat Tehsil.",151
HARYANA,SONIPAT,33,Baroda,,"KCs Baroda, Gohana-II & M undlana of Gohana Tehsil. PCs Rajpura-I & II, Ramrai & Gobi ndpura of Jind KC, PCs Siwaha,",151
HARYANA,JIND,34,Julana,,"Brah Kalan, Brah Khurd, Kharak ramji & Nidana of Kandela KC, KC Kinana of Jind Tehsil & Julana Tehsil.",152
HARYANA,JIND,35,Safidon,,Safidon Tehsil.,152
HARYANA,JIND,36,Jind,,"PCs Jind-I & II, Intal Kalan, Jala lpur Kalan, Jajwan, Julani & Barsola of Jind KC, Jind (Municipal Council), PCs Kandela, Jhanj Kalan, Roopgarh, Khokhri, Nir jan & Lochab of Kandela KC, PCs Dalamwala & Sirirag of Alewa KC of Jind Tehsil.",152
HARYANA,JIND,37,Uchana Kalan,,"PCs Lodhar, Sudkain Kalan & Dumerkha Kalan of Dhakal KC, KCs Karsindhu, Uchana Kalan, K hatkar & Uchana (Municipal Committee) of Narwana Tehsil; PCs Alewa-I, II & III, Bighana, Durana, Dhilluwala & Pegan of Al ewa KC & KC Naguran of Jind Tehsil.",152
HARYANA,JIND,38,Narwana,SC,"KCs Narwana, Ujhana, Dhamtan Sahib & Danoda Kalan, PCs Dhakal, Hatho, Singhwal, Bhana Brahmnan & Gurthali of Dhakal KC & Narwana (Municipal Council) of Narwana Tehsil.",152
HARYANA,FATEHABAD,39,Tohana,,Tohana Tehsil & KC Nadhori of Fatehabad Tehsil.,152
HARYANA,FATEHABAD,40,Fatehabad,,"PCs Dhingsara-I & II, Bangram, Gila n Khera, Bodiwali-I & Bodiwali- II of Dhingsara KC, PCs Dhanga r-I & II, Mohammadpur Rohi & Khajuri Jatti of Dhangar KC, KC s Badopal, Bhattu Kalan, Dhabi Kalan & Bhuna, PCs Fatehabad-I & II, Basti Bhiwan-I & II & Majra of Fatehabad KC & Fatehabad (Muni cipal Council) of Fatehabad Tehsil.",152
HARYANA,FATEHABAD,41,Ratia,SC,"Ratia Tehsil; PCs Daryapur, K hariati Khera, Kukranwali & Manawali of Dhingsara KC, KC Hirjawan Kalan, PCs Bhuthan Kalan-I &II, Bhirdana-I, II & III of Dhangar KC, PCs Dhir, Ayalki-I & II, Phull & Bhodia Khera of Fatehabad KC of Fatehabad Tehsil.",152
HARYANA,SIRSA,42,Kalanwali,SC,"PCs Chattargarh, Bharokhan, Nejadela Kalan, Vaidwala, Farwain, Khairekan, Panihari-I & II, Meerpur of Sirsa KC, KCs Bara Gudha, Sikanderpur, Lakka rwali, Rori, Kalanwali & Kalanwali (Municipal Committee) of Sirsa Tehsil.",153
HARYANA,SIRSA,43,Dabwali,,Dabwali Tehsil.,153
HARYANA,SIRSA,44,Rania,,"PCs Mangala-I & II, Bhamboor, J horarnali-I & II, Moujdin of Madhosinghana KC, KC Panjuana of Sirsa Tehsil & Rania Tehsil.",153
HARYANA,SIRSA,45,Sirsa,,"KCs Shahpur Begu & Ding, PCs Sirs a (Rural) of Sirsa KC & Sirsa (Municipal Council) of Sirsa Tehsil.",153
HARYANA,SIRSA,46,Ellenabad,,"PCs Madhosinghana-I & II, Mallekan- I & II of Madhosinghana KC, KCs Nathusari Kalan, Chaharwala & Jamal of Sirsa Tehsil & Ellenabad Tehsil.",153
HARYANA,HISAR,47,Adampur,,Adampur Tehsil; KCs Balsamand & Bir Hisar of Hisar Tehsil.,153
HARYANA,HISAR,48,Uklana,SC,"PCs Hasangarh, Kharkara, Gaibipur & Bobua of Barwala KC, PCs Balak, Khedar I & II of Balak KC, KCs Landhari, Kharak, Uklana & Pabra of Hisar Tehsil.",153
HARYANA,HISAR,49,Narnaund,,"Narnaund Tehsil; KCs Sisai, Khanda Kheri & Bass of Hansi Tehsil.",153
HARYANA,HISAR,50,Hansi,,"KCs Mehanda, Umra & Hansi & H ansi (Municipal Council) of Hansi Tehsil.",153
HARYANA,HISAR,51,Barwala,,"PCs Talwandi Rana, Mirzapur I & II, Dhansu I & II, Kharkari, Bahbalpur & Juglan of Hisar KC, Ward Nos. 13 & 14 in Hisar (Municipal Council), KC Satrod, PC s Jeora, Kheri Barki, Sarsod, Rajli I & II & Bugana of Balak KC, PC s Barwala I to VI of Barwala KC & Barwala (Municipal Committee) of Hisar Tehsil.",153
HARYANA,HISAR,52,Hisar,,"PCs Hisar I to III (Rural) of Hisar KC & Ward Nos. 1 to 12, 15 to 28, 32 & 33 in Hisar Municipal Council of Hisar Tehsil.",154
HARYANA,HISAR,53,Nalwa,,"KCs Arya Nagar, Chaudhariwas, Mangali & Nalwa, PC Gangwa of Hisar KC, Ward Nos. 29, 30, 31 & CCS HAU Campus & Mini Secretariat (OG) - Ward No. 34 in Hisar (Municipal Council) of Hisar Tehsil.",154
HARYANA,BHIWANI,54,Loharu,,Siwani & Loharu Tehsils.,154
HARYANA,BHIWANI,55,Badhra,,"KCs Jhojhu Kalan, Chirya, Badhr a & Kadma of Dadri Tehsil.",154
HARYANA,BHIWANI,56,Dadri,,"KCs Dadri, Sanwar, Atela Kal an & Dadri (Municipal Committee) of Dadri Tehsil.",154
HARYANA,BHIWANI,57,Bhiwani,,"KCs Bhiwani Jonpal & Bhiwani Urban, PCs Bamla, Phulpura, Sanga, Kayla, Dharedu, Nangal & Manheru of Bamla KC of Bhiwani Tehsil.",154
HARYANA,BHIWANI,58,Tosham,,KCs Bhiwani Lohar & Jui Kalan of Bhiwani Tehsil & Tosham Tehsil.,154
HARYANA,BHIWANI,59,Bawani Khera,,"(SC) PCs Kharak Khurd-I & II, Kelanga- I & II of Bamla KC, KCs Chang & Mundhal Khurd of Bhiwani Tehsil & Bawani Khera Tehsil.",154
HARYANA,ROHTAK,60,Meham,,"Meham Tehsil; PCs Singhpura, Sa margopalpur-I & II, Gharothi, Dobh, Bahu Akbarpur-I & II of Rohtak-II KC of Rohtak Tehsil.",154
HARYANA,ROHTAK,61,Garhi Sampla- Kiloi,,"KCs Para & Bhalot, PCs Chuliana, Ismaila 9 Biswa, Ismaila 11 Biswa, Gandhra, Pakasma, Sa mchana, Hassangarh, Bahinsru khurd, Kheri Sampla & Sampla of Sampla KC, PCs Chiri-I & II & Titoli of Rohtak-II KC of Rohtak Tehsil.",154
HARYANA,ROHTAK,62,Rohtak,,Ward Nos. 7 to 31 & Sector-1 Housing Board Colony (OG) - Ward No. 32 in Rohtak (Municipal Council) of Rohtak Tehsil.,154
HARYANA,ROHTAK,63,Kalanaur,SC,"KCs Kahnaur, Kalanaur, Rohtak-I, Kalanaur (Municipal Committee), PCs Baliana, Kheri Sadh, Kharawar of Sampla KC & Ward Nos. 1 to 6 in Rohtak (Municipal Council of Rohtak Tehsil).",154
HARYANA,JHAJJAR,64,Bahadurgarh,,"KC Bahadurgarh-I, PCs Asauda S iwan, Bahamnoli, Kanoda, Kulasi, Kheri Jasaur, Jas aur Kheri & Asauda Todran of Bahadurgarh-II KC & Bahadurgar h (Municipal Council) of Bahadurgarh Tehsil.",155
HARYANA,JHAJJAR,65,Badli,,"KCs Kasani, Machhrauli & Jhajjar- II of Jhajjar Tehsil & KC Badli of Bahadurgarh Tehsil.",155
HARYANA,JHAJJAR,66,Jhajjar,SC,"KCs Jhajjar-I (Except Mehrana PC), Salhawas, Matanhail & Jhajjar (Municpal Committee) of Jhajjar Tehsil.",155
HARYANA,JHAJJAR,67,Beri,,"Beri Tehsil; KC Dulhera, PC s Rohad-I & II of Bahadurgarh-II KC of Bahadurgarh Tehsil & PC Mehrana of Jhajjar-I KC of Jhajjar Tehsil.",155
HARYANA,MAHENDRAGARH,68,Ateli,,KCs Dhanunda & Kanina of Mahendr agarh Tehsil & KC Ateli of Narnaul Tehsil.,155
HARYANA,MAHENDRAGARH,69,Mahendragarh,,"KCs Mahendragarh, Pali, Sat nali & Mahendragarh (Municipal Committee) of Mahendragarh Tehsil.",155
HARYANA,MAHENDRAGARH,70,Narnaul,,"KCs Narnaul, Hudina & Narnaul (M unicipal Council) of Narnaul Tehsil.",155
HARYANA,MAHENDRAGARH,71,Nangal Chaudhry,,KCs Nizampur & Nangal Chaudhry of Narnaul Tehsil.,155
HARYANA,REWARI,72,Bawal,SC,"PCs Bharawas, Husainpur, Ka rnawas, Kamalpur, Bolni & Dhamlawas of Rewari KC, KC Khori, PCs Nandrampur Bas, Bhatsana, Jarthal & Raliawas of Dharuhera KC of Rewari Tehsil & Bawal Tehsil.",155
HARYANA,REWARI,73,Kosli,,"Kosli Tehsil; KCs Jatusana & Dahina, PCs Chandanwas, Roharai, Karawara Manakpur & Mustafapur of Chillar KC of Rewari Tehsil.",155
HARYANA,REWARI,74,Rewari,,"PCs Rewari, Sangwari, Qutabpur Mola, Padniawas & Hansaka of Rewari KC, Rewari (Municipal Council), PCs Chillar, Kakodia, Dhoki, Bikaner, Kishangarh, Meer pur & Gokalgarh of Chillar KC, PCs Masani, Dharuhera, Malpura, Garhi Alawalpur & Khatawali of Dharuhera KC of Rewari Tehsil.",155
HARYANA,GURGAON,75,Pataudi,SC,"Pataudi Tehsil; KCs Manesar, PCs Jatola, Khandewla, Tajnagar, Khurampur, Mushedpur, Siwari & Mahchana of Farukh Nagar KC of Gurgaon Tehsil.",156
HARYANA,GURGAON,76,Badshahpur,,"PCs Dhankot, Wazirpur, Sarhol, Bajghera, Daultabad, Budhera & Garhi Harsaru of Gurgaon KC, KC Badshahpur, PCs Patli Hajipur, Khetawas, Sultanpur, Mubarikpur & Farukhnagar of Farukhnagar KC of Gurgaon Tehsil & PC Shikohpur of Sohna KC of Sohna Tehsil.",156
HARYANA,GURGAON,77,Gurgaon,,"PCs Gurgaon, Wazirabad & Sukhra li of Gurgaon KC & Gurgaon (Municipal Council) of Gurgaon Tehsil.",156
HARYANA,GURGAON,78,Sohna,,"PCs Sohna, Silani, Bhondsi, Ga rhi Bazidpur, Daula, Ghamdoj, Saramathla, Raisina, Harc handpur, Ghangola & Ulhawas of Sohna KC, Sohna (Municipal Commi ttee) of Sohna Tehsil & Taoru Tehsil.",156
HARYANA,GURGAON,79,Nuh,,Nuh Tehsil.,156
HARYANA,GURGAON,80,Ferozepur Jhirka,,Ferozepur Jhirka Tehsil.,156
HARYANA,GURGAON,81,Punahana,,Punahana Tehsil.,156
HARYANA,FARIDABAD,82,Hathin,,"PCs Teharki, Jaindapur, Maheshpur, Aharwan, Khera Sarai & Ratipur of Palwal-I KC of Palwal Tehsil & Hathin Tehsil.",156
HARYANA,FARIDABAD,83,Hodal,SC,Hodal Tehsil.,156
HARYANA,FARIDABAD,84,Palwal,,"KC Chandhat, PCs Dhatir, Allika, Ghughera & Palwal of Palwal-I KC, PCs Rundhi, Asaota & Rasul pur of Palwal-II KC & Palwal (Municipal Council) of Palwal Tehsil.",156
HARYANA,FARIDABAD,85,Prithla,,"KC Ballabgarh, PCs Chhainsa, M ohna, Jawan, Atali, Dayalpur, Panehra Khurd & Shahjahanpur of Chhainsa KC of Ballabgarh Tehsil; PCs Alawalpur, Katesra, Chhaprola, Prithla, Dudola, Asaoti, Mandkol, Baghola & Janau li of Palwal-II KC of Palwal Tehsil.",156
HARYANA,FARIDABAD,86,Faridabad NIT,,"PCs Paota, Pali, Dhoj & Sirohi of Faridabad KC, Ward Nos. 1, 2, 5, 6 & 7 in Faridabad (Municipal Corporation) of Faridabad Tehsil.",157
HARYANA,FARIDABAD,87,Badkhal,,Ward Nos. 8 & 10 to 14 in Fari dabad (Municipal Corporation) of Faridabad Tehsil.,157
HARYANA,FARIDABAD,88,Ballabgarh,,"Ward Nos. 3, 4 & 22 to 25 in Faridabad (Municipal Corporation) of Faridabad Tehsil.",157
HARYANA,FARIDABAD,89,Faridabad,,Ward Nos. 9 & 17 to 21 in Fari dabad (Municipal Corporation) of Faridabad Tehsil.,157
HARYANA,FARIDABAD,90,Tigaon,,"PCs Tigaon, Faridabad, Tilpat, D adsia, Bhuapur, Rajpur Kalan, Kheri Kalan, Bhupani & Chirsi of Faridabad KC, Ward Nos. 15 & 16 in Faridabad (Municipal Corporat ion) of Faridabad Tehsil; PCs Korali, Manjhawali & Mandhawali of Chhainsa KC of Ballabgarh Tehsil.",157
HIMACHAL PRADESH,CHAMBA,1,Churah,SC,Churah Tehsil & Rajnagar KC of Chamba Tehsil .,159
HIMACHAL PRADESH,CHAMBA,2,Bharmour,ST,"Pangi Tehsil; Holi Sub-Tehsil; Bharmour Tehsil; PCs Mehla, Bakan, Gurad of Panjla KC & Lylh KC of Chamba Tehsil.",159
HIMACHAL PRADESH,CHAMBA,3,Chamba,,"KCs Sach, Gudiyal, PCs Uteep, Luddu, Rajera, Janghi of Panjla KC & Chamba Municipal Council of Chamba Tehsil.",159
HIMACHAL PRADESH,CHAMBA,4,Dalhousie,,"Salooni Tehsil; Bhalei Sub- Tehsil; PCs Sherpur, Manola, Bhatoli, Rulyani, Bathri, Dalhous ie, Banikhet of Banikhet KC, Dalhousie Municipal Council & Da lhousie Cantonment Board of Dalhousie Tehsil.",159
HIMACHAL PRADESH,CHAMBA,5,Bhattiyat,,"Bhattiyat Tehsil; Sihunta Sub-Tehs il; PCs Mail, Baily, Jiyunta, Balera, Dramman, Dhalog, Chuhan Nagali & Samleu of Banikhet KC of Dalhousie Tehsil.",159
HIMACHAL PRADESH,KANGRA,6,Nurpur,,"KCs Nurpur, Sadwan, PCs K herian, Minjhgran, Bhadwar, Jaunta of Kotla KC, PCs Sukhaa r, Aghar of Gangath KC & Nurpur Municipal Council of Nurpur Tehsil.",159
HIMACHAL PRADESH,KANGRA,7,Indora,SC,"Indora Tehsil; PCs Gadw al, Ghodan, Sohada, Bhanudi, Gangath, Lodhwan, Dainkwan & C harod of Gangath KC of Nurpur Tehsil.",159
HIMACHAL PRADESH,KANGRA,8,Fatehpur,,Fatehpur Tehsil & KC Raja Ka Talab of Nurpur Tehsil.,159
HIMACHAL PRADESH,KANGRA,9,Jawali,,Jawali Tehsil.,159
HIMACHAL PRADESH,KANGRA,10,Dehra,,"KC Haripur, PCs Amb, Dehra, Pa isa, Muhal, Dhawala, Kundali, Paloti & Barota of Dehra KC , Dehra Nagar Panchayat, PCs Sunehat, Bara, Naleti, Bharoon, Har, Dhalliara & Bihan of Dhalliara KC, PCs Badhal, Gheori, Beh & Chanor of Badhal KC of Dehra Tehsil.",159
HIMACHAL PRADESH,KANGRA,11,Jaswan-Pragpur,,"Jaswan Tehsil; Rakkar Sub-Te hsil; PCs Pragpur, Baliana, Nalsuha, Garh, Chalali of Dhalliara KC, PCs Karoa, Shamnagar, Jambal & Samnoli of Badhal KC of Dehra Tehsil.",160
HIMACHAL PRADESH,KANGRA,12,Jawalamukhi,,"Khundian Tehsil; KC Jawalamukhi, Jawalamukhi Nagar Panchayat, PCs Dohag, Gummer, Bandoli & Kathog of Dehra KC of Dehra Tehsil.",160
HIMACHAL PRADESH,KANGRA,13,Jaisinghpur,SC,"Jaisinghpur Tehsil; PCs Saly ana, Parnoh, Ram Nagar, Andretta, Kangri, Bhuana of Panc hrukhi KC, PCs Khera Buhla, Jaind & Loharakad of Bhawarna KC of Palampur Tehsil.",160
HIMACHAL PRADESH,KANGRA,14,Sullah,,"Thural Sub-Tehsil; Dheera Sub- Tehsil; KCs Sullah & Daroh, PCs Bag-Buhla, Kaswa-Punnar, Bhawarna, Thandol, Bhaura, Bari, Khera-Upperla of Bhawar na KC of Palampur Tehsil.",160
HIMACHAL PRADESH,KANGRA,15,Nagrota,,"Baroh Tehsil; KC Nagrota, PC s Sihund, Dhallun, Raunkhar, Rajyana of Kangra KC & Nagrot a Bagwan Nagar Panchayat of Kangra Tehsil.",160
HIMACHAL PRADESH,KANGRA,16,Kangra,,"KCs Gaggal, Daulatpur, PCs A bdullapur, Jamanabad, Matour, Kohala, Ujjain, Jogipur, Kholi of Kangra KC & Kangra Municipal Council of Kangra Tehsil.",160
HIMACHAL PRADESH,KANGRA,17,Shahpur,,"Harchakiyan Sub-Tehsil; Shahpur Tehsil; PCs Bandi, Chamyara, Kareri, Gharoh, Kajl ot & Sudhed of Dharamshala-2 KC of Dharamshala Tehsil.",160
HIMACHAL PRADESH,KANGRA,18,Dharamshala,,"KC Dharamshala-1, PCs Bagli, Gamroo, Chetru, Sakoh, Dharamshala of Dharamshala- 2 KC, Dharamshala Municipal Council, Mant Khas Census To wn & Yol Cantonment Board of Dharamshala Tehsil.",160
HIMACHAL PRADESH,KANGRA,19,Palampur,,"KC Palampur, PCs Rajeharh, Draman, Banuri, Chandropa, Dattal, Ghad, Tanda of Panchruk hi KC & Palampur Municipal Council of Palampur Tehsil.",160
HIMACHAL PRADESH,KANGRA,20,Baijnath,SC,Multhan Sub-Tehsil & Baijnath Tehsil.,160
HIMACHAL PRADESH,LAHAUL & SPITI,21,Lahaul & Spiti,ST,District Lahaul & Spiti.,160
HIMACHAL PRADESH,KULLU,22,Manali,,"Manali Tehsil; KC Raison, PCs Ba stori, Sari, Jindore & Banogi of Lagsari KC of Kullu Tehsil.",160
HIMACHAL PRADESH,KULLU,23,Kullu,,"KCs Kullu, Rupi, PCs Dugilag, Phallan, Dunkhrigahar, Gahar, Mangarh of Lagsari KC, PCs M ohal, Khokhan of Bhuntar KC, Kullu Municipal Council & Bhuntar Nagar Panchayat of Kullu Tehsil.",161
HIMACHAL PRADESH,KULLU,24,Banjar,,"Sainj Sub-Tehsil; Banjar Tehsil; PCs Bajoura, Diyar, Manjhli, Parli, Gadsa & Rote of B huntar KC of Kullu Tehsil.",161
HIMACHAL PRADESH,KULLU,25,Anni,SC,Anni Sub-Tehsil & Nirmand Tehsil.,161
HIMACHAL PRADESH,MANDI,26,Karsog,SC,Karsog Tehsil.,161
HIMACHAL PRADESH,MANDI,27,Sundernagar,,"KC Dehar, PCs Kalauhad, Kapahi, Maloh, Bari, Bhanwar of Sundernagar KC, Sundernagar Municipal Council of Sundernagar Tehsil; KC Batwar a, PCs Bara, Nihri, Badhu, Kathachi, Jaral, Pressi, Charkhari & Bajaran of Nihri KC of Nihri Sub-Tehsil.",161
HIMACHAL PRADESH,MANDI,28,Nachan,SC,"KC Nachan, PCs Bassa, Gohar, Sa yanj, Nandi of Syanj KC of Chachiot Tehsil; KC Jaidevi, PCs Chhater, Kanaid of Sundernagar KC of Sundarnagar T ehsil; PCs Jhungi, Pandar, Jachh, Kutahachi of Nihri KC of Nihri Sub-Tehsil; PCs Baggi, Salwahan, Rajwari, Chhamyar, J adoli & Dadoh of Balh KC of Sadar Mandi Tehsil.",161
HIMACHAL PRADESH,MANDI,29,Seraj,,"Thunag Tehsil; Bali Chowki Sub- Tehsil; PCs Saroa, Bassi, Tharjun, Barra, Majhothi of Sy anj KC of Chachiot Tehsil.",161
HIMACHAL PRADESH,MANDI,30,Darang,,Padhar Tehsil; Aut Sub-Tehsil & KC Rehardhar of Sadar Mandi Tehsil.,161
HIMACHAL PRADESH,MANDI,31,Jogindernagar,,Lad Bharol Tehsil & Jogindernagar Tehsil.,161
HIMACHAL PRADESH,MANDI,32,Dharampur,,Sandhol Sub-Tehsil; Dharampur Sub-Tehsil; KCs Tanhyar & Rakhoh of Sarkaghat Tehsil.,161
HIMACHAL PRADESH,MANDI,33,Mandi,,"Kotli Sub-Tehsil; KCs Sadar, Talyahar & Mandi Municipal Council of Sadar Mandi Tehsil.",161
HIMACHAL PRADESH,MANDI,34,Balh,SC,"KCs Pairi, Rewalsar, PCs G agal, Kummi, Rajgarh, Lohara of Balh KC & Rewalsar Nagar Panc hayat of Sadar Mandi Tehsil.",161
HIMACHAL PRADESH,MANDI,35,Sarkaghat,,"Baldwara Sub-Tehsil; KCs Ra khota, Gopalpur, Sarkaghat & Sarkaghat Nagar Panchayat of Sarkaghat Tehsil.",161
HIMACHAL PRADESH,HAMIRPUR,36,Bhoranj,SC,Bhoranj Tehsil.,162
HIMACHAL PRADESH,HAMIRPUR,37,Sujanpur,,"Sujanpur Tehsil; KC Jhaniara, PCs Bouru, Utpur, Kadhiyar, Lag, Lohakhar, Gawardu, Patna un, Siswan, Thana, Kot & Kakriyar of Ugialta KC of Hamirpur Tehsil.",162
HIMACHAL PRADESH,HAMIRPUR,38,Hamirpur,,"KCs Tal, Nalti, Hamirpur, PCs Lam bloo, Balyut, Baloh of Ugialta KC & Hamirpur Municipal Council of Hamirpur Tehsil.",162
HIMACHAL PRADESH,HAMIRPUR,39,Barsar,,Barsar Tehsil & Dhatwal Sub-Tehsil.,162
HIMACHAL PRADESH,HAMIRPUR,40,Nadaun,,Nadaun Tehsil.,162
HIMACHAL PRADESH,UNA,41,Chintpurni,SC,"Bharwain Sub-Tehsil; KC Chauki Khas of Bangana Tehsil; KCs Chururu, Mairi, PCs Mandholi, Amb, Kuther a-Khairla, Ladoli, Katauhar Kalan & Kuthiari of Amb KC of Amb Tehsil.",162
HIMACHAL PRADESH,UNA,42,Gagret,,"KCs Gagret, Daulatpur, G ondpur Banehra, PCs Bhanjal, Kalruhi, Mubarikpur, Andora of Amb KC, Daulatpur Nagar Panchayat & Gagret Nagar Panchayat of Amb Tehsil.",162
HIMACHAL PRADESH,UNA,43,Haroli,,Haroli Sub-Tehsil & KC Ispur-1 of Una Tehsil.,162
HIMACHAL PRADESH,UNA,44,Una,,"KC Dehlan, PCs Arniala, Mal ahat, Bharolian Kalan, Rampur, Jankaur, Basoli of Una KC , Mehatpur Basdehra Nagar Panchayat, Santokhgarh Nagar Panchayat & Una Municipal Council of Una Tehsil.",162
HIMACHAL PRADESH,UNA,45,Kutlehar,,"KCs Bangana, Lathiani, Tihra of Bangana Tehsil; KC Ispur-2, PCs Dathwara, Dhamandri, Chalola, Nari, Kuriala, Kotla Khurd, Kotla Kalan, Madanpur, Lamlehari & Chattara of Una KC of Una Tehsil.",162
HIMACHAL PRADESH,BILASPUR,46,Jhanduta,SC,Jhanduta Tehsil.,162
HIMACHAL PRADESH,BILASPUR,47,Ghumarwin,,"KCs Ajmerpur, Ghumarwin & G humarwin Nagar Panchayat of Ghumarwin Tehsil.",162
HIMACHAL PRADESH,BILASPUR,48,Bilaspur,,"PCs Chandpur, Delag, Panjgain, De vli, Badhayat, Main Market, Bandala, Lakhanpur of Sadar Bila spur KC, PCs Dhaon Kothi, Dhar Tatoh of Bahaderpur KC, B ilaspur Municipal Council of Sadar Bilaspur Tehsil & KC Kuthera of Ghumarwin Tehsil.",162
HIMACHAL PRADESH,BILASPUR,49,Sri Naina Deviji,,"Sri Naina Devi Sub-Tehsil; PCs Ja mli, Chharol, Rajpura, Deoth of Sadar Bilaspur KC, PCs Gh ial, Namhol, Dhuni Panjail, Niharkhan Basala, Siola, Chhakoh, Soldha, Bholi & Rani Kotla of Bahaderpur KC of Sadar Bilaspur Tehsil.",163
HIMACHAL PRADESH,SOLAN,50,Arki,,"Arki Tehsil, PCs Matuli, Bayl a, Kohu, Saur, Bhayunkhari, Loharghat, Jainagar, Ukhu, Manlogk alan, Diggal & Chamdar of Ramshaher KC of Ramshaher Sub-Tehsil.",163
HIMACHAL PRADESH,SOLAN,51,Nalagarh,,"KCs Changer, Nalagarh, PCs Kir palpur, Nanowal of Doon KC & Nalagarh Municipal Council of Nalagarh Tehsil; PCs Behri, Ramshaher, Dharmana, Nand, Dolli & Lunas of Ramshaher KC of Ramshaher Sub-Tehsil.",163
HIMACHAL PRADESH,SOLAN,52,Doon,,"Krishangarh (Kuthar) Sub-Tehs il; PCs Beli, Manpura, Lodimajra, Dhela, Bhud, Thana, Sandouli, Bhataulikalan, Baddi, Abharni, Souri, Talli, Bawasni of Doon KC & Baddi Nagar Panchayat of Nalagarh Tehsil; PCs Barotiwala & Madhala of Patta KC of Kasauli Tehsil.",163
HIMACHAL PRADESH,SOLAN,53,Solan,SC,Kandaghat Tehsil; KC Solan & Solan Municipal Council of Solan Tehsil.,163
HIMACHAL PRADESH,SOLAN,54,Kasauli,SC,"KCs Kasauli, Krishangarh (Kuthar) (Part), PC Kotbeja of Patta KC, Kasauli Cantonment Board & Parwanoo Municipal Council of Kasauli Tehsil; KC Sapathu, Dagshai Cantonment Board & Sapathu Cantonment Board of Solan Tehsil.",163
HIMACHAL PRADESH,SIRMOUR,55,Pachhad,SC,Rajgarh Tehsil & Pachhad Tehsil.,163
HIMACHAL PRADESH,SIRMOUR,56,Nahan,,Nahan Tehsil; PCs Majra & D haula Kuan of Majra KC of Paonta Sahib Tehsil.,163
HIMACHAL PRADESH,SIRMOUR,57,Sri Renukaji,SC,"Renuka Tehsil; Nohra Sub-Tehs il; PCs Kando Phagar, Bharog Baneri of Majra KC of P aonta Sahib Tehsil & Dadahu Sub Tehsil.",163
HIMACHAL PRADESH,SIRMOUR,58,Paonta Sahib,,"KC Paonta Sahib, PCs Taruwala, Bhatanwali, Puruwala, Toka Nagla of Majra KC & Paont a Sahib Municipal Council of Paonta Sahib Tehsil.",163
HIMACHAL PRADESH,SIRMOUR,59,Shillai,,Kamrau Sub Tehsil; Shillai Tehsil & Ronhat Sub Tehsil.,163
HIMACHAL PRADESH,SHIMLA,60,Chopal,,Cheta Sub-Tehsil; Nerwa Sub-T ehsil; Chopal Tehsil & KC Deha of Theog Tehsil.,164
HIMACHAL PRADESH,SHIMLA,61,Theog,,"KCs Theog, Matiana, PCs Tiya li, Dadas, Dhamanderi, Mundu, Ballag, Nahol of Dhamanderi KC, Theog Municipal Council of Theog Tehsil & Kumarsain Tehsil.",164
HIMACHAL PRADESH,SHIMLA,62,Kasumpti,,"Junga Sub-Tehsil; PCs Dharech, Cheog, Fagu of Dhamanderi KC of Theog Tehsil; KC Sanjauli, PCs Kasumpti, Beolia of Tara Devi-Kasumpti KC of Shimla Rural Tehsil; Ward Nos. 18 to 21 & 23 in Shimla Municipal Co rporation of Shimla Urban and Rural Tehsils.",164
HIMACHAL PRADESH,SHIMLA,63,Shimla,,"Ward Nos. 1 to 5, 8 to 17, 22, 24 & 25 in Shimla Municipal Corporation of Shimla Urban and Rural Tehsils.",164
HIMACHAL PRADESH,SHIMLA,64,Shimla Rural,,"Sunni Tehsil; KC Jutog, Jut og Cantonment Board, PCs Totu, Rampur, Thari, Jalail, Badahi, Anandpur, Kot, Ranghav, Chayali, Bharoi & Neri of Tara Devi-Kasumpti KC of Shimla Rural Tehsil, Ward Nos. 6 & 7 in Shimla Municipal Corporation of Shimla Urban & Rural Tehsils.",164
HIMACHAL PRADESH,SHIMLA,65,Jubbal-Kotkhai,,Jubbal Tehsil; Kotkhai Tehsil & Tikkar Sub-Tehsil.,164
HIMACHAL PRADESH,SHIMLA,66,Rampur,SC,Rampur Tehsil & Nankhari Sub-Tehsil.,164
HIMACHAL PRADESH,SHIMLA,67,Rohru,SC,Rohru Tehsil; Chirgaon Tehs il & Dodra Kwar Tehsil.,164
HIMACHAL PRADESH,KINNAUR,68,Kinnaur,ST,District Kinnaur.,164
JHARKHAND,SAHEBGANJ,1,Rajmahal,,Rajmahal and Sahebganj Police Stations in Rajmahal sub-division.,167
JHARKHAND,SAHEBGANJ,2,Borio,ST,"Borio and Taljhari Police Stations in Rajmahal sub-division; and Boarijor Police Station (excluding G.Ps. Rajabhita, Kero, Kairasol, Bara Telo and Barapipra) in Godda sub-division.",167
JHARKHAND,SAHEBGANJ,3,Barhait,ST,"Barhait and Ranga Police Stations in Rajmahal sub-division; and Sundarpahari Police Station and G.Ps. Rajabhita, Kero, Kairasol, Bara Telo and Barapipra in Boar ijar Police stat ion in Godda sub- division.",167
JHARKHAND,PAKAUR,4,Litipara,ST,"Litipara, Amrapara and Hiranpur Police Stations in Pakaur sub- division; and Gopikandar Police Station in Dumka Sadar sub- division.",167
JHARKHAND,PAKAUR,5,Pakaur,,Pakaur Police Station in Pakaur sub-division; and Barharwa Police Station in Rajmahal sub-division.,167
JHARKHAND,PAKAUR,6,Maheshpur,,(ST) Maheshpur and Pakuria Police Stations in Pakaur sub-division.,167
JHARKHAND,DUMKA,7,Sikaripara,,"(ST) Sikaripara, Raneshwar and Kathik und Police Stations in Dumka Sadar sub-division.",167
JHARKHAND,DUMKA,8,Nala,,Nala and Kundahit Police Stations in Jamtara sub-division.,167
JHARKHAND,DUMKA,9,Jamtara,,"Jamtara Police Station (excludi ng G.Ps. Karmatanr, Sahajpur, Pindari, Lakhanpur, Rataniya, Ra mpurbhitra and Kajra) and Narayanpur Police Station in Jamtara sub-division.",167
JHARKHAND,DUMKA,10,Dumka,ST,"Dumka Town, Dumka Muffassil and Masalia Police Stations in Dumka Sadar sub-division.",167
JHARKHAND,DUMKA,11,Jama,ST,Jama and Ramgarh Police Stations in Dumka Sadar sub-division.,168
JHARKHAND,DUMKA,12,Jarmundi,,Jarmundi Police Station in Dumka Sadar sub-division; and Sarawan Police Station in Deoghar sub-division.,168
JHARKHAND,DEOGHAR,13,Madhupur,,"Madhupur and Karon Police Stations and G.Ps. Kusmil, Chanddih, Pathra and Basbariya in Jasidih Police Station in Deoghar sub- division.",168
JHARKHAND,DEOGHAR,14,Sarath,,"Sarath and Palojori Police Stati ons in Deoghar sub-division; and G.Ps. Karmatanr, Shahajpur, Pi ndari, Lakhanpur, Rataniya, Rampurbhitra and Kajra in Jamtara Police Station in Jamtara sub- division.",168
JHARKHAND,DEOGHAR,15,Deoghar,SC,"Deoghar town and Mohanpur Police Stations and Jasidih Police Station (excluding G.Ps. Kusmil, Chanddih, Pathra and Basbariya) in Deoghar sub-division.",168
JHARKHAND,GODDA,16,Poreyahat,,"Poreyahat Police Station and G.P s. Burhikura, Dammajhilua, Sandmara, Nonbatta, Makhni, Pathra and Punsiya in Godda Police Station in Godda sub-division; and Saraiyahat Police Station in Dumka Sadar sub-division..",168
JHARKHAND,GODDA,17,Godda,,"Godda Police Station (excluding G.P s. Burhikura, Dammajhilua, Sandmara, Nonbatta, Makhni, Pathra and Punsiya) and Pathargama Police Station in Godda sub-division.",168
JHARKHAND,GODDA,18,Mahagama,,Mahagama and Meherma Police Stations in Godda sub-division.,168
JHARKHAND,KODARMA,19,Kodarma,,Kodarma and Sargawan Police Stations in Kodarma sub-division.,168
JHARKHAND,HAZARIBAGH,20,Barkatha,,Barkatha and Jainagar Police Stations in Kodarma sub-division; and Ichak Police Stations in Kodarma sub-division; and Ichak Police Station in Hazaribagh Sadar sub-division,168
JHARKHAND,HAZARIBAGH,21,Barhi,,Barhi Police Station in Haza ribagh Sadar sub-division; and Chauparan Police Station in Kodarma sub-division.,168
JHARKHAND,HAZARIBAGH,22,Barkagaon,,"Barkagaon Police Station and G.Ps. Te rpa, Patratu, Koto, Palani, Hapuhua, Harijarpu Gegda, Deoria, Ba rgama, Pali, Salgo, Sanki, Jabo, Chaingara, Chikor, Lapanga, Ghutua, Barkakana and Sidhwar-Kalan in Ramgarh Police Station in Hazaribagh Sadar sub- division.",169
JHARKHAND,HAZARIBAGH,23,Ramgarh,,"Ramgarh Police Station (excluding G.Ps. Terpa, Patratu, Koto, Palani, Hapuhua, Harikarpur, Gegda, Deoria, Bargama, Pali, Salgo, Sanki, Jabo, Chaingari, Chikor , Lapanga, Ghutua, Barkakana and Sidhwar-Kalan) and Gola Police St ation in Hazaribagh Sadar sub- division.",169
JHARKHAND,HAZARIBAGH,24,Mandu,,Mandu and Bishnugarh Police Stations in Hazaribagh Sadar sub- division.,169
JHARKHAND,HAZARIBAGH,25,Hazaribagh,,Hazaribagh Police Station in Hazaribagh Sadar sub-division.,169
JHARKHAND,CHATRA,26,Simaria,SC,"Simaria, Ithkori and Tandwa Police Stations in Chatra sub-division.",169
JHARKHAND,CHATRA,27,Chatra,SC,"Chatra, Pratappur and Hunterganj Po lice Stations in Chatra sub- division.",169
JHARKHAND,GIRIDIH,28,Dhanwar,,Dhanwar and Gawan Police Stations.in Giridih Sadar sub-division.,169
JHARKHAND,GIRIDIH,29,Bagodar,,Bagodar and Birni Police Station in Giridih Sadar sub-division.,169
JHARKHAND,GIRIDIH,30,Jamua,SC,Jamua and Deori Police Stations in Giridih Sadar sub-division.,169
JHARKHAND,GIRIDIH,31,Gandey,,"Gandey and Bengabad Police Stations and G.Ps. Leda, Semaria, Badgunda, Palmo, Sathibad, Senadoni, Dhanaidih, Guro, Jitpur, Telodih, Ranidih and Karharbari in Giridih Mufassil Police Station in Giridih Sadar sub-division.",169
JHARKHAND,GIRIDIH,32,Giridih,,"Giridih Town Police Station and Giridih Mufassil Police Station (excluding G.Ps. Leda, Semaria, Badgunda, Palmo, Sathibad Senadoni, Dhanaidih, Guro, Jitpur, Te lodih, Ranidih and Karharbari) and Pirtanr Police Station in Giridih Sadar sub-division.",169
JHARKHAND,GIRIDIH,33,Dumri,,Dumri Police Station in Giridih Sadar sub-division; and Nawadih Police Station in Bermo sub-division.,169
JHARKHAND,BOKARO,34,Gomia,,"Gomia Police Station and Petarbar Police Station (excluding G.Ps. Champi, Rohar, Chando, Pichhri, Angwali and Chalkari) in Bermo sub-division.",169
JHARKHAND,BOKARO,35,Bermo,,"Jaridih and Bermo Police Stati ons and G.Ps. Champi, Rohar, Chando, Pichhri, Angwali and Chalkari in Petarbar Police Station in Bermo sub-division.",170
JHARKHAND,BOKARO,36,Bokaro,,"Chas Police Station (excluding G.P s. Bijulia, Alkusa, Buribinor, Khamarbendi, Dudhigajar, Kura Dabar tupara, Jaitar a, Pundru and Sardaha) in Baghmara sub-division.",170
JHARKHAND,BOKARO,37,Chandankiyari,SC,"Chandankiyari Police Station and G.Ps. Bijulia, Alkusa, Buribinor, Khamarbendi, Dudhigajar, Kura D abartupara, Jait ara, Pundru and Sardaha in Chas Police Stati on in Baghmara sub-division.",170
JHARKHAND,DHANBAD,38,Sindri,,"Sindri, Baliapur and Gobindpur Po lice Station in Dhanbad Sadar sub-division.",170
JHARKHAND,DHANBAD,39,Nirsa,,Nirsa and Chirkunda Police Stat ions in Dhanbad Sadar sub- division.,170
JHARKHAND,DHANBAD,40,Dhanbad,,"Dhanbad, Putki and Kenduadih Police Stations in Dhanbad Sadar sub-division.",170
JHARKHAND,DHANBAD,41,Jharia,,Jharia and Jorapokhar Police St ations in Dhanbad Sadar sub- division.,170
JHARKHAND,DHANBAD,42,Tundi,,"Tundi Police Station in Dhanbad Sa dar sub-division; Topchanchi Police Station and G.Ps. Dharkiro, Daludih, Rajganj, Bagdaha, Dhawachita, Nagri Kalan and Ra mkanalichandur in Katras Police Station in Baghmara sub-division.",170
JHARKHAND,DHANBAD,43,Baghmara,,"Baghmara Police Station and Katras Police Station (excluding G.Ps. Dharkiro, Daludih, Rajganj Bagdaha, Dhawachita, Nagri Kalan and Ramkanalichandur) in Baghmara s ub-division; and Jogta Police Station in Dhanbad Sadar sub-division.",170
JHARKHAND,(EAST) SINGHBHUM,44,Baharagora,,Bharagora and Chakulia Police Stati ons in Dhalbhum sub-division.,170
JHARKHAND,(EAST) SINGHBHUM,45,Ghatsila,ST,"Ghatsila Police Station and Musab nai Police Station (excluding G.Ps. Palasbani, Asta Koyali, N unia, Kumarasol, Barakanjiya, Bomaro Bangoriya and Damudih) in Dhalbhum sub-division.",170
JHARKHAND,(EAST) SINGHBHUM,46,Potka,ST,"Potka Police Station, G.Ps. Pala sbani, Asta Koyali, Nunia, Kumarasol, Barakanjiya, Bo maro Bangoriya and Damudih in Musabnai Police Station. Bagbera town and G.Ps. Karandih - Purihasa, Hargarghutu, Bagber a and village 1167-Kitadih in Jugsalai Police Station in Dhalbhum sub-division.",170
JHARKHAND,(EAST) SINGHBHUM,47,Jugsalai,SC,"Jugsalai Police Station (exc luding Bagbera town and G.Ps. Karandih-Purihasa, Hargarghutu, Bagbera and village 1167-Kitadih) Golmuri and Patamda Police Stati on in Dhalbhum sub-division.",171
JHARKHAND,(EAST) SINGHBHUM,48,Jamshedpur East,,Census wards 20 and 23 to 40 in Jamshdepur Notified Area Committee in Dhalbhum sub-division.,171
JHARKHAND,(EAST) SINGHBHUM,49,Jamshedpur West,,Jamshedpur Notified Area Committee (excluding census wards 20 and 23 to 40) in Dhalbhum sub-division.,171
JHARKHAND,(WEST) SINGHBHUM,50,Ichagarh,,"Ichagarh, Chandil and Nimdih Police St ations in Seraikella sub- division.",171
JHARKHAND,(WEST) SINGHBHUM,51,Seraikella,,"(ST) Seraikella municipality and G.Ps. Govindpur, Pandra, Manik Bazar, Tangrani, Pathanmara, Jordiha, Gurgudia and Badakakda in Seraikella Police Station, Rajnagar Police Station (excluding village 98-Dighi) and Adityapur Police Station in Seraikella sub-division.",171
JHARKHAND,(WEST) SINGHBHUM,52,Chaibasa,,"(ST) Chaibasa Sadar and Jhinkpani Police Stations and Chaibasa Mufassil Police Station (exludi ng G.Ps. Bhoya, Keadchalam, Domra-Parnia, Lota, Thakuragut u, Dopai-Gamhariya, Sarda, Makamhatu, Khuntpani, Chiru and Ra jabasa) in Chaibasa Sadar sub-division.",171
JHARKHAND,(WEST) SINGHBHUM,53,Majhgaon,,(ST) Majhgaon and Manjhari Police Stati ons in Chaibasa Sadar sub- division.,171
JHARKHAND,(WEST) SINGHBHUM,54,Jaganathpur,ST,"Naomundi and Gua Police Stations and G.Ps. Kurtabera, Urkiya, Makaramda, Thalkobad (Part I) and Chhotanagra (Part I) in Manoharpur Police Station in C haibasa Sadar sub-division.",171
JHARKHAND,(WEST) SINGHBHUM,55,Manoharpur,ST,"Manoharpur Police Station (excl uding G.Ps. Kurtabera, Urkiya, Makaramda, Thalkobad (Part I) and Chhotanagra (Part I) and G.Ps. Beralumin, Jojoda, Serengda, Or enga, Jhilrua, Goilkera, Kuira, Kadamdiha, Dalaikela, Sonua-Jor apokhar, Porahat, Sogoisai, Gudri Jarakel, Asantaliya, Dalki-Gobi ndpur, Bhalurangj, Harimara, Tunian Gajpur, Bandu, Poronger, Koloeda, Kul da, Bari, Lonjo, Bera Kayam, Mamail, Piring, Komrora, Komro ra-Dairyo, Dura-Jante and Banskata and Chakradharpur Polic e Station in Chaibasa Sadar sub-division.",171
JHARKHAND,(WEST) SINGHBHUM,56,Chakradharpur,ST,"Chakradharpur Police Station (excl uding G.Ps. Beralumin, Jojoda, Serengda, Orenga, Jhilrua, Goilkera, Kuira, Kadamdiha, Dalaikela, Sonua-Jorapokhar, Porahat, Sogoisai ,Gudri Jarakel, Asantaliya, Dalki-Gobindpur, Bhalurangj, Hari mara, Tunian Gajpur, Bandu, Poronger, Koloeda, Kulda, Bari, Lonjo, Bera Kayam, Mamail, Piring, Komrora, Komrora-Dariyo, Dura-Jant e and Banskata) in Chaibasa Sadar sub-division.",171
JHARKHAND,(WEST) SINGHBHUM,57,Kharsawan,ST,"Kharsawan and Kuchai Police St ations and Seraikella Police Station (excluding Seraikella m unicipality and G.Ps. Govindpur, Para, Manik Bazar, Tangrani, Pa thanmara, Jordiha Gurugudia and Badakakda) and village 98-Dighi in Rajnagar Police Station in Seraikella sub-division; and G.Ps. Bhoya Keadchalam, Domra- Parnia, Lota, Thakurgutu, Dopai-G amhariya, Sarda, Matkamhatu- Khuntpani, Chiru and Rajabasa in C haibasa Mufassil Police Station in Chaibasa Sadar sub-division.",172
JHARKHAND,RANCHI,58,Tamar,ST,"Tamar, Erki and Bundu Police Stations in Khunti sub-divisions.",172
JHARKHAND,RANCHI,59,Torpa,ST,"Torpa and Rania Police Stations and G.Ps. Gumru, Gobindpur, Tilmi, Lapa, Jariagarh, Urikel and Hutub and Karra Police Station in Khunti sub-division; and Bano Po lice Station in Simdega sub- divison.",172
JHARKHAND,RANCHI,60,Khunti,ST,"Khunti and Murhu Police Stati ons and Karra Police Station (excluding G.Ps. Gumru, Gobindpur, T ilmi, Lapa, Jariagarh, Urikel and Hutub) in Khunti sub-division.",172
JHARKHAND,RANCHI,61,Silli,,"Silli Police Station, GPs. Barwadag, Tati, Jonha, Kashidih, Merha, Ambajharia and Kontatoli and Angar a Police Station in Ranchi Sadar sub-division; and Sonahatu Police Station in Khunti sub- division.",172
JHARKHAND,RANCHI,62,Khijri,ST,"Ormanjhi, Mamkum and Hatia Po lice Stations and Angara Police Station (excluding G.Ps. Barwadag, Tati, Jonha, Kashidih, Merha, Ambajharia and Kontatoli) in Ranchi Sadar sub-division.",172
JHARKHAND,RANCHI,63,Ranchi,,Ranchi municipality in Ranchi Ko twali Police Station in Ranchi Sadar sub-division.,172
JHARKHAND,RANCHI,64,Hatia,,"Jaganathpur, Ratu and Doranda Police St ations and Ranchi Kotwali Police Station (excluding Ranchi m unicipality) in Ranchi Sadar sub- division.",172
JHARKHAND,RANCHI,65,Kanke,SC,"Kanke, Ranchi Sadar, Burmu and K helari Police Stations in Ranchi Sadar sub-division.",172
JHARKHAND,RANCHI,66,Mandar,ST,"Bero, Mandar and Lapung Police Stations in Ranchi Sadar sub- division.",172
JHARKHAND,GUMLA,67,Sisai,ST,"Sisai, Kamdara and Basia Police Stations in Gumla sub-division.",172
JHARKHAND,GUMLA,68,Gumla,ST,"Gumla Municipality G.Ps. Hurhur ia, Ghatagaon, Asani, Chandali, Telgaon, Pugu, Bangaru, Karaundi, Dumardih and Murkunda in Gumla Police Station and Raid ih, Chainpur and Dumri Police Stations in Gumla sub-division.",173
JHARKHAND,GUMLA,69,Bishunpur,ST,"Bishunpur and Ghaghra Police Stati ons and Gumla Police Station (excluding Gumla municipality and G.Ps. Hurhuria, Ghatagaon, Asani, Chandali, Telgaon, Pugu, Bangaru, Karaundi, Dumardih and Murkunda) in Gumla sub-divisi on; and Senha Police Station Lohardaga sub-division.",173
JHARKHAND,GUMLA,70,Simdega,ST,Simdega and Kurdeg Police Stations in Simdega sub-division; and Palkot Police Station in Gumla sub-division.,173
JHARKHAND,GUMLA,71,Kolebira,ST,"Kolebira, Thethaitangar and Bolba Po lice Stations in Simdega sub- division.",173
JHARKHAND,LOHARDAGA,72,Lohardaga,ST,"Lohardaga, Kuru and Kisko Polic e Station in Lohardaga sub- division.",173
JHARKHAND,PALAMAU,73,Manika,ST,"Latehar Police Station (excludi ng Latehar (N.A.C.) and G.Ps. Pochra, Luti, Kaima, Kura, Bis hnupur, Mungar, Nindir, Laharpur and Zalim), Barwadih, Garoo and Mahuadanr Police Stations in Latehar sub-division.",173
JHARKHAND,PALAMAU,74,Latehar,SC,"Latehar (N.A.C.), G.Ps. Pochra, Lut i, Kaima, Kura, Bishunpur, Mungar, Nindir, Laharpur and Zalim in Latehar Police Station, Chandwa and Balumath Police Station in Latehar sub-division.",173
JHARKHAND,PALAMAU,75,Panki,,"Panki, Lesliganj and Manatu Police Station in Palamu Sadar sub- division.",173
JHARKHAND,PALAMAU,76,Daltonganj,,Daltonganj and Chainpur Police Stat ion in Palamu Sadar sub- division; and Bhandaria Police Station in Garhwa sub-division.,173
JHARKHAND,PALAMAU,77,Bishrampur,,Bishrampur Police Station in Pa lamu Sadar sub-division; and Majhiaon Police Station in Garhwa sub-division.,173
JHARKHAND,PALAMAU,78,Chhatarpur,SC,Chhatarpur and Patan Police Station in Palamu Sadar sub-division.,173
JHARKHAND,PALAMAU,79,Hussainabad,,Hussainabad and Hariharganj Police St ation in Palamau Sadar sub- division.,173
JHARKHAND,GARHWA,80,Garhwa,,"Garhwa Police Station (excludi ng G.Ps. Jarhi Balekhar, Raro, Sonehara and Dandai) and Ranka Polic e Station in Garhwa sub- division.",174
JHARKHAND,GARHWA,81,Bhawanathpur,,"Bhawanathpur and Nagar Untari Po lice Station and G.Ps. Jarhi, Balekhar, Raro, Sonehara and Dandai in Garhwa Police Station in Garhwa sub-division”.",174
KARNATAKA,BELGAUM,1,Nippani,,"1 Chikkodi Taluk (Part) 3 Nippani Circle 4 Sadalga Circle (Part) Shiradawad GP - Shiradawad, Galataga GP-Galataga and Bhimapurwadi, Bhoj GP - Bhoj and Bhojwadi, Bedkihal GP - Bedkihal, Hunnaragi GP - Hunnaragi, Mamadapur K.L GP - Mamadapur K.L, Sidnal GP - Sidnal, Kunnur GP - Kunnur, Gajabarwadi and Shivapurwadi, Mangur GP - Mangur, Barwad GP - Barwad. Karadaga GP - Karadaga and Donewadi, Boragaon GP - Boragaon and Borgaonwadi, Manakapur GP- Manakapur and Kasanal, Nippani CMC.",176
KARNATAKA,BELGAUM,2,Chikkodi-Sadalga,,"1 Chikkodi Taluk (Part) 1 Chikkodi Circle 4 Sadalga Circle (Part) Janawad GP - Janawad, Shamanewadi GP - Shamanewadi, Nej GP - Nej, Nagaral GP - Nagaral, Nanadi GP - Nanadi Nanadiwadi, Malikwad GP - Ma likwad, Examba GP- Examba, Yadyanawadi and Ullagaddiwadi, Kallol GP - Kallol, Sadalga (Rural) and Vadagol (Rural), Sadalga TP Chikkodi TMC",176
KARNATAKA,BELGAUM,3,Athani,,2 Athani Taluk (Part) 1 Athani Circle and 4 Telsang Circle. Athani TMC,176
KARNATAKA,BELGAUM,4,Kagwad,,2 Athani Taluk (Part) 2 Kagawad Circle and 3 Anantapur Circle.,176
KARNATAKA,BELGAUM,5,Kudachi,SC,3 Raybag Taluk (Part) 2 Kudachi Circle Kudachi TP,177
KARNATAKA,BELGAUM,6,Raybag,SC,3 Raybag Taluk (Part) 1 Raibag Circle Raibag TP Chikodi Taluk (Part) Nagarmunoli Circle.,177
KARNATAKA,BELGAUM,7,Hukkeri,,"5 Hukkeri Taluk (Part) 1 Hukkeri Circle. 3 Sankeshwar Circle (Part) Shippur, Hittani, Mattiwade, Naganur K.S., Rashing, Bugatealur, Hadalga, Bhairapur, Shekinhos ur, Konankeri, Honnihalli, Kanagale, Karajage, Sollapur, Haragapur, Bad, Alur (K.M), Akkiwat, Kesti, Borgal, Amminbhavi, Handigud, Ammanagi, Nidasoshi, Ankale, Sank eshwar (R), Kamatanur and Nerli villages. Sankeshwar TMC Hukkeri TP",177
KARNATAKA,BELGAUM,8,Arabhavi,,"4 Gokak Taluk (Part) 3 Koujalagi Circle 2 Arabhavi Circle (Part) Arabhavi GP - Arabhavi, Sanganakeri , Lolasur GP - Lolasur, Badigwad GP - Badigwad, Dandapur, Ganeshwadi, Balobal GP- Balobal, Beerangaddi, Dharmatti GP- Dharmatti, Patagundi, Duradundi GP- Duradundi, Hallur GP - Hallur, Hunshyal (P.G.) GP - Hunshyal (P.G.), Kallolli GP - Kallolli, Hanamapur Masaguppi GP - Masaguppi, Gujana tti, Jokanatti, Munyal GP - Munyal, Kamaladinni, Rangapur , Naganur GP - Naganur, Nallanatti GP - Basaligundi, Nall anatti, Rajapur GP - Rajapur, Shivapur GP - Shivapur, Gurlapur , Khanatti, Mudalgi (Rural), Tukkanatti GP - Tukkanatti, W aderatti GP - Fulagaddi and Waderatti villages. Mudalgi TMC",177
KARNATAKA,BELGAUM,9,Gokak,,"4 Gokak Taluk (Part) 1 Gokak Circle 2 Arabhavi Circle (Part) Dhupadal GP - Dhupadal, Konnur (Rur al) GP - Konnur (Rural), Malmatti, Shivapur, Mallapur (P.G.) GP - Mallapur (P.G.), Nandagaon GP - Khanapur, Mutnal and Nandagaon, Pamaladinni GP - Pamaladi nni and Shindikurbet GP - Shindikurbet villages. Gokak CMC Konnur TP Gokak Falls NAC",177
KARNATAKA,BELGAUM,10,Yemkanmardi,ST,"5 Hukeri Taluk (Part) 2 Yemkanmardi Circle 3 Sankeshwar Circle (Part) Masarguppi, Gavanal, Gotur, Hebbal, Kochari, Chikalgud, U Khanapur, Hanchinal, Kurniwadi, Kurni and Arjunwad villages. 6 Belgaum Taluk (Part) 3 Kakati Circle 2 Uchagaon Circle (Part) Maranhol",178
KARNATAKA,BELGAUM,11,Belgaum Uttar,,6 Belgaum Taluk (Part) Belgaum (CB) Belgaum (M Corp) (Part) Belgaum (M Corp.) - Ward No. 27 to 58.,178
KARNATAKA,BELGAUM,12,Belgaum Dakshin,,6 Belgaum Taluk (Part) 1 Belgaum Circle Belgaum (M Corp) (Part) Belgaum (M Corp.) - Ward No. 1 to 26.,178
KARNATAKA,BELGAUM,13,Belgaum Rural,,"6 Belgaum Taluk (Part) 4 Bagewadi Circle 2 Uchagaon Circle (Part) Gojage, Sulge (Uchagaon), Kallehol, Uchagaon, Turamari, Bachi, Kudremani, Sonoli, Belgundi, Bokanur, Savagaon, Mandoli, Hangarge, Bijagarni, Yalebail, Rakaskop, Dhamne S.Bailur, Belvatti, Badas (Inam), Baknur, Kiniye, Karle, Navage, Kuttalawadi, Santibastaw ad, Bahadarwadi, Ranakunde, Waghawade, Desur, Sulge (Yellu r), Rajahansagad, Nandihalli, Nagenahatti Villages. Benakanahalli (OG) - Ward No. 63, Bekkinakeri, Attiwad, Mannur and Ambewadi Villages. Hindalgi (CT), Kangrali (KH)(CT) and Kangrali (BK) (CT).",178
KARNATAKA,BELGAUM,14,Khanapur,,7 Khanapur Taluk,178
KARNATAKA,BELGAUM,15,Kittur,,8 Sampgaon Taluk (Part) 2 Kittur and 3 Nesargi Circles.,178
KARNATAKA,BELGAUM,16,Bailhongal,,"8 Sampgaon Taluk (Part) 1 Bailhongal Circle Bailhongal TMC 9 Parasgad Taluk (Part) 1 Murgod Circle 2 Saundatti Circle (Part) Asundi Asundi, Gurlhosur (R), Kadi halli, Mugali, Nadavinahalli, Shingarkop, Badli , Aladakatti K.Y, Bad li, Katral, Karikatti Karikatti, Sangreshkoppa Kencharamanahal, Sangreshkoppa, Yadahalli, Yakkundi Bommagadikoppa, Karlakatti, Venkateshnagar and Yakkundi villages.",179
KARNATAKA,BELGAUM,17,Saundatti Yellamma,,"9 Parasgad Taluk (Part) 1 Saundatti Circle (Part) Betasur Betasur, Yadravi, S aundatti (Rural), Hanchinal Hanchinal, Hirekumbi , Dhaderkoppa, Dugabal, Hirekumbi, Inamhongal , Chikkulligeri, Hireulli geri, Inamhongal, Ugaragol , Harlapur, Renukanagar, Ugaragol and Kenchalarkop villages. 3 Yaragatti and 4 Munoli Circles. Saundatti Yellamma TMC",179
KARNATAKA,BELGAUM,18,Ramdurg,,10 Ramdurg Taluk,179
KARNATAKA,BAGALKOT,19,Mudhol,SC,"3 Mudhol Taluk (Part) 2 Lokapur Circle 1 Mudhol Circle (Part) Belagali GP/Belagali, Halagali GP/Halgali, Melligeri, Kulali GP/Kulali, Malapur, Malali GP /Malali, Soragoan, Mantur GP/Budni (P.M), Kishori, M antur, Mugalkhod GP/Mugalkhod, Nagaral GP/Akkimardi, Nagaral , Shirol GP/Shirol, Uttur GP/Jaliber, Ranjanagi, R ugi, Uttur, Vantigodi GP/Mallapur (P.J), Mirji, Vantigodi and Chanal villages. Mudhol TMC",179
KARNATAKA,BAGALKOT,20,Terdal,,"Ter 1 Jamkhandi Taluk (Part) 2 Terdal Circle (Including Rabkav i Banhatti CMC & Terdal TMC) 3 Mudhol Taluk (Part) 1 Mudhol Circle (Part) Dhavaleshwar/Dhavaleshwar, Nandagoan, Kesrakoppa, Bisanal, Kesrakoppa, Madhabhavi/Madhabhavi, Marapur, Sanganatti and Saidapur/Saidapur villages. Mahalingapur TMC",179
KARNATAKA,BAGALKOT,21,Jamkhandi,,1 Jamkhandi Taluk (Part) 1 Jamakhandi and 3 Savalagi Circles.,179
KARNATAKA,BAGALKOT,22,Bilgi,,2 Bilgi Taluk 4-Badami Taluk (Part) 3 Kerur Circle 5 Bagalkot Taluk (Part) 2 Kaladagi Circle,180
KARNATAKA,BAGALKOT,23,Badami,,"4 Badami Taluk (Part) 1 Badami, 2 Kulageri and 4 Guledagudda Circles. Guledgudda TMC Kerur TP Badami TP",180
KARNATAKA,BAGALKOT,24,Bagalkot,,"5 Bagalkot Taluk (Part) 1 Bagalkot and 3 Sitimani Circles. Bagalkot CMC 6 Hungund Taluk (Part) 4 Aminagad Circle (Part) Aiahole GP Aiahole, Huvinahalli, Kalligudda, Mullur, Nimbalgundi, Aminagad GP Aminagad, Hiremagi GP, Bevinal, Budihal (Inam), Hiremagi, M adapur, Kamatgi GP Kamatgi, Muganur GP, Amblikoppa, Basarikatti, Basawanal, Budihal (S.K.), Kadiwal, Kallapur, Muganur, Ramathal, Suralikal and Yeranaikanal villages.",180
KARNATAKA,BAGALKOT,25,Hungund,,"6 Hungund Taluk (Part) 1 Hunagund, 2 Ilkal and 3 Karadi Circles. 4 Aminagad Circle (Part) Chikanal GP, Benakanavari, Bh imanagad, Chikanal, Chilapur, Kyadiggeri, Siddanakolla, Upnal (S.C.), Gudur GP, Gudur, Kelur GP Kelur, Kunabenchi, Tallikeri, Nagur GP, Ilal, Rakkasagi GP Rakkasagi, Sulibhavi GP Sulibhavi, Vadageri GP, Dammur, Gandal, Gorjnal, Muradi and Vadageri villages. Hungund TP Ilkal TMC",180
KARNATAKA,BIJAPUR,26,Muddebihal,,"5 Muddebihal Taluk (Part) 1 Muddebihal, 3 Naltavad and 4 Davalgi Circles. Muddebihal TMC 2 Talikoti Circle (Part) Chokavi, Hirur, Tamadaddi, Ba laganur, Minajagi, Harnal, Hadaginal, Kaladevanahalli, Mukihal, Shivapur and Nagur villages. Talikoti TMC",180
KARNATAKA,BIJAPUR,27,Devar Hippargi,,"5 Muddebihal Taluk (Part) 2 Talikoti Circle (Part) Tumbagi, Hosahalli, Huvinahalli, Kyatanal, Gotakhindaki, Bhantnur, Peerapur, Shellagi , Karaganur, Gadi Somanal, Bommanahalli, Bolawad, Fat epur P.Talikoti, Guttihal, Kodaganur, Belur, Lakkundi, Na vadagi, Matakal Devanhalli, Salawadagi, Gundakanal, Maileshwar, Bilebhavi and Maskanal villages. 3 Sindgi Taluk (Part) 2 Devar Hippargi Circle. 4 Basavana Bagevadi Taluk (Part) 2 Huvin Hippargi Circle.",181
KARNATAKA,BIJAPUR,28,Basavana Bagevadi,,4 Basavana Bagevadi Taluk (Part) 1 B.Bagewadi and 3 Kolhar Circles. Basavana Bagevadi TP.,181
KARNATAKA,BIJAPUR,29,Babaleshwar,,"1 Bijapur Taluk (Part) 1 Tikota, 3 Babaleshwar and 5 Mamadapur Circles.",181
KARNATAKA,BIJAPUR,30,Bijapur City,,"1 Bijapur Taluk (Part) Bijapur (CMC) (Part) Bijapur (CMC) - Ward No.1 to 11, 13, 14 and 18 to 35 Navarasapur (OG)(Part) Urban Toravi (OG) Urban (Part) Mahalbhagayat W. No 1. (Part) Rambapur W.No-17 (Part) Bijapur Rural W. No-21 (Part).",181
KARNATAKA,BIJAPUR,31,Nagthan,SC,1 Bijapur Taluk (Part) 4 Nagthan and 2 Bijapur Circles. Bijapur (CMC) (Part) Bijapur (CMC) - Ward No. 12 and 15 to 17. 2 Indi Taluk (Part) 3 Chadachan Circle.,181
KARNATAKA,BIJAPUR,32,Indi,,"2 Indi Taluk (Part) 2 Ballolli Circle 1 Indi Circle (Part) Shiragur Inam (Old), A garkhed, Gubbewad, Mannur, Hirebevanur, Alur, Mavinalli, Chi ckbevanur, Ingalgi, Nehrunagar, Bhuyar, Nagarhalli, Khedgi, Lalas angi, Satalagaon (P.I), Salotgi, Rugi, Tennihalli, Gornal, Masa li [K.D.], Ramanagar, Naad [B.K.], Naad [K.D.], Golasar, Shivap ur [K.H.], Rodagi, Miragi, Hanchinal, Arjunagi [K.H.], Ar junagi [B.K.], Marasanahalli, Teggihalli, Shirshyad, Sangogi and Masali [B.K.] villages. Indi TMC.",181
KARNATAKA,BIJAPUR,33,Sindgi,,"3 Sindgi Taluk (Part) 1 Sindgi and 3 Almel Circles. Sindgi TMC 2 Indi Taluk (Part) 1 Indi Circle (Part) Bannihatti, Tamba, Shivapur [B.K.], Kenginal, Gandhinagar, Wade and Bhanthanal villages.",182
KARNATAKA,GULBARGA,34,Afzalpur,,2 Afzalpur Taluk 3 Gulbarga Taluk (Part) Farhatabad Circle.,182
KARNATAKA,GULBARGA,35,Jewargi,,7 Jewargi Taluk,182
KARNATAKA,GULBARGA,36,Shorapur,ST,"8 Shorapur Taluk (Part) 3 Hunasgi, 4 Kakkera, 5 Kodekal and 1 Shorapur Circles.",182
KARNATAKA,GULBARGA,37,Shahapur,,9 Shahapur Taluk (Part) 1 Shahapur and 2 Gogi Circles. 8 Shorapur Taluk (Part) 2 Kembhavi Circle.,182
KARNATAKA,GULBARGA,38,Yadgir,,"10 Yadgir Taluk (Part) 1 Yadgir Circle. 9 Shahapur Taluk (Part) 3 Dornahalli, 4 Hayyal (B) and 5 Wadagera Circles.",182
KARNATAKA,GULBARGA,39,Gurmitkal,,"10 Yadgir Taluk (Part) 2 Gurmitkal, 3 Balichakra, Saidapur, 5 Hattikuni and 6 Konkal Circles.",182
KARNATAKA,GULBARGA,40,Chittapur,SC,"Chittapur Taluk (Part) 1 Chittapur, 3 Gundagurti, and 4 Nalwar Circles. Wadi NAC and 5 Wadi TMC Shahabad Circle (Part) Shankerwadi, Balwadgi, Ingalgi, Kadhalli, Chamnoor, Kadaboor, Kundanoor, Hongunta, Malgatti, Bhank ur (OG) - Ward No.2, Seva Nagar, Katamdevarhalli and Mutga villages.",182
KARNATAKA,GULBARGA,41,Sedam,,5 Sedam Taluk 4 Chincholi Taluk (Part) Sulepeth Circle,182
KARNATAKA,GULBARGA,42,Chincholi,SC,"4 Chincholi Taluk (Part) Chincholi, Ainapur and Kodli Circles 6 Chitapur Taluk (Part) 4 Kalgi Circle",182
KARNATAKA,GULBARGA,43,Gulbarga Rural,SC,"3 Gulbarga Taluk (Part) Aurad.B, Mahagaon and Kamalapur Circles Gulbarga Circle (Rural) (Part) Azadpur, Kesratgi, Dariyapur (D), Sheik Roza (D), Hagargi, Uplaon, Nandur (B), Nandur (K ), Dharmapur, Kusnoor (OG), Kusnoor villages. 6 Chitapur Taluk (Part) 5 Shahabad Circle (Part) Martur GP - Devantegnur, Aldihal and Martur villages. Tonsanhalli GP - Tonsanhalli, Taranhalli, Gola (K), Shahabad TMC and Shahabad ACC NAC Aland Taluk (Part) 5 Narona",183
KARNATAKA,GULBARGA,44,Gulbarga Dakshin,,"3 Gulbarga Taluk (Part) Gulbarga (M Corp.) (Part) Gulbarga (M Corp.) - Ward No.31 to 55 and Rajapur (OG) (Part) - Ward No. 57. Pattan Circle Gulbarga circle (Rural) (Part) Bhimanhalli GP - Jaffarabad, N andikur GP - 1. Udnoor, 2. Kotnoor (OG), 3. Naganahalli, 4. Nandikur and 5. Sitnoor, and Madarasanahalli (D), Khanadal GP - Panegaon",183
KARNATAKA,GULBARGA,45,Gulbarga Uttar,,Gulbarga Taluk (Part) Gulbarga (M Corp.) (Part) Gulbarga (M Corp.) - Ward No.1 to 30,183
KARNATAKA,GULBARGA,46,Aland,,"Aland Taluk (Part) 1 Alland, 2 Nimbarga, 3 Madanhipp arga and 4 Khajuri Circles.",183
KARNATAKA,BIDAR,47,Basavakalyan,,"1 Basavakalyan Taluk (Part) 1 Hulsoor, 2 Basavakalyan, 4 Manthal, 5 Kohinoor and 6 Mudbi Circles. Basavakalyan TMC",183
KARNATAKA,BIDAR,48,Homnabad,,"1 Basavakalyan Taluk (Part) 3 Rajeshwar Circle 5 Homnabad Taluk (Part) 1 Dubalgundi, 3 Chitguppa, 5 Humnabad and 2 Hallikhed (B) Circles. Humnabad TMC and Chitguppa TMC.",183
KARNATAKA,BIDAR,49,Bidar South,,"5 Homnabad Taluk (Part) 4 Nirna and 6 Bemalkheda Circles. 4 Bidar Taluk (Part) 2 Kamthana, 3 Bagdal, 4 Manhalli, and 6 Bidar (South) Circles.",184
KARNATAKA,BIDAR,50,Bidar,,4 Bidar Taluk (Part) 1 Janwada and 5 Bidar (North) Circles. Bidar CMC,184
KARNATAKA,BIDAR,51,Bhalki,,2 Bhalki Taluk,184
KARNATAKA,BIDAR,52,Aurad,SC,3 Aurad Taluk,184
KARNATAKA,RAICHUR,53,Raichur Rural,ST,"3 Raichur Taluk (Part) 2 Yergera, 3 Gillesugur, 4 Kalmala, 6 Chandrabanda and 5 Deosugur Circles. Shakthinagar (CT) Manvi Taluk (Part) 2 Kurdi Circle. Raichur Circle (Part) Undraldoddi, Ayazpur and Bapur",184
KARNATAKA,RAICHUR,54,Raichur,,"3 Raichur Taluk (Part) 1 Raichur Circle (Part) Yegnoor, Sanknur, Baidoddi, Tama lgat (D), Bolmandoddi, Wadwatti, Ghousenagar, Bijangera, Harkandoddi (D), Agapur (D), Mitimalkapur, Sidrampur, Devanpalli, Maliabad, Raichur Rural, Rajalbanda and Kurabdoddi. Raichur CMC",184
KARNATAKA,RAICHUR,55,Manvi,ST,"4 Manvi Taluk (Part) 1 Manvi, 3 Hirekotnakal, 5 Mala t, 7 Kavithal, 8 Sirwar and 9 Kallur Circles Manvi TMC",184
KARNATAKA,RAICHUR,56,Devadurga,ST,2 Devadurga Taluk,184
KARNATAKA,RAICHUR,57,Lingsugur,SC,"1 Lingsugur Taluk (Part) Lingasugur Circle (Part) Kalli Lingasugur, Boopuru, Rampura, Hunukunti, Karadakal (R), Manvinabhavi, Gundasagara, Ka chapura, Margatanala, Chitranala, Hanumanagudda, Ch itapura, Hirejawoor, Rodalabanda, Kamaladinne, Navali, Chikkajawoor, Anahosuru, Nandhihal, Bendona, Julagudda, Narakaladinne, Echanala, Neeralakera, Chikkaupperi, S unkal, Hireupperi, Toralabinchi, Jangirampura, Adavibhavi, Ya ragunta, Kalapura, Gorebala, Halabhavi, Mincheri, Yalagaladinne, Jaalibenchi, Kesarahatti and Aidanhal villages. 4 Mudgal and 2 Gurugunta Circles Lingsugur and Mudgal TPs Hatti Gold Mines NAC",185
KARNATAKA,RAICHUR,58,Sindhanur,,"5 Sindhanur Taluk (Part) 1 Sindhanoor (Rural), 2 Salgunda, 3 Huda, 4 Gorebal, 5 Jalihal, 8 Kunnatagi, 11 Jawalgera, 12 Walkamdinni, 13 Hedginal and 14 Badarli Circles. Sindhanur TMC",185
KARNATAKA,RAICHUR,59,Maski,ST,"5 Sindhanur Taluk (Part) 6 Gunjahalli, 7 Turvihal, 9 Gudadur and 10 Balganur Circles. 4 Manvi Taluk (Part) 4 Halapur and 6 Pamankallur Circles. 1 Lingsugur Taluk (Part) 3 Maski Circle. Lingasagur Circle (Part) Sanbal, Buddinni, Huvinabavi, Jangamarahalli, Basapur, Gonwar, Amaravathi, Kuppigudda and Sarjapura Villages.",185
KARNATAKA,KOPPAL,60,Kushtagi,,2 Kushtagi Taluk,185
KARNATAKA,KOPPAL,61,Kanakagiri,SC,"3 Gangawati Taluk (Part) 3 Marali, 4 Siddapur, 5 Karatagi, 6 Kanakagiri, 7 Navali and 8. Hulihyder Circles.",185
KARNATAKA,KOPPAL,62,Gangawati,,4 Koppal Taluk (Part) 3 Irkalgada Circle 3 Gangawati Taluk (Part) 1 Gangavathi and 2 Venkatagiri Circles.,185
KARNATAKA,KOPPAL,63,Yelburga,,1 Yelburga Taluk,185
KARNATAKA,KOPPAL,64,Koppal,,"4 Koppal Taluk (Part) 1 Koppal, 2 Alavandi (Kavalur) and 4 Hitnal Circles.",185
KARNATAKA,GADAG,65,Shirahatti,SC,4 Shirhatti Taluk 5 Mundargi Taluk (Part) 1 Mundargi Circle Mundargi TP,186
KARNATAKA,GADAG,66,Gadag,,"3 Gadag Taluk (Part) 1 Gadag, 2 Gadag Rural and 3 Mulgund Rural Circles. Gadag Betageri CMC Mulgund TP",186
KARNATAKA,GADAG,67,Ron,,"2 Ron Taluk (Part) 2 Naregal Circle (Part) Abbigeri GP Abbigeri, Goger i GP Gogeri, Matarangi, Nagarashikoppa, Halakeri GP Halakeri, Jakkali GP, Budihal, Jakkali, Maranabasari, Kuntoji GP, Benachamatti, Goudageri, Jigeri, Kuntoji, Myakalzeri , Vadegol, Lakkalakatti GP, Amaragatti, Lakkalakatti, Nagendr agad, Rudrapur, Nidagundi GP, Kalakapur, Nidagundi, Rajur GP , Bhairapur, Dindur, Rajur, Rampur GP, Chilzeri, Hirek oppa, Kodaganur, Purthageri, Rampur, Veerapur, and Sudi GP Kalarhal villages. Gajendragad TMC Naregal TP 2 Ron Taluk (Part) 1 Ron Circle Ron TMC 3 Gadag Taluk (Part) 4 Betageri Circle (Part) Harlapur GP Harlapur, Timmapur, Kanaginahal GP Kanaginahal and Kotumachagi GP Kotumachagi villages. 5 Mundargi Taluk (Part) 2 Dambal Circle.",186
KARNATAKA,GADAG,68,Nargund,,"1 Nargund Taluk 2 Ron Taluk (Part) 3 Holealur Circle 2 Naregal Circle (Part) D.S.Hadagali GP D.S.Hadagali, Gujmagadi, Kurudagi GP Kurudagi, Nagaral and Yarebeleri villages. 3 Gadag Taluk (Part) 4 Betageri Circle (Part) Adavisomapur GP Adavisomapur, Balajinagar, Jalshankarnagar, Papanashi, Balaganur GP Balaganur, Belahod GP Belahod, H.S.Venkatapur, Madaganur, Chikkahandigol GP Chikkahandigol, Dundur, Shagoti, Hatalageri GP Hatalageri, Narasapur*, Sambhapur, Hombal GP Hombal, Huilgol GP Huilgol, Chikkoppa, Hirekoppa, Ki ritageri, Kadadi GP Kadadi, Gavarawad, Lakkundi GP Lakkundi, Lingadhal GP Lingadhal, Neeralagi GP Neeralagi, Benakanakoppa and Nagasamudra villages.",187
KARNATAKA,DHARWAD,69,Navalgund,,2 Navalgund Taluk 3 Hubli Taluk (Part) 3 Shiraguppi Circle,187
KARNATAKA,DHARWAD,70,Kundgol,,5 Kundgol Taluk 3 Hubli Taluk (Part) 1 Hubli and 2 Chabbi Circles.,187
KARNATAKA,DHARWAD,71,Dharwad,,Hubli-Dharwad (M Corp.) (Part) Hubli-Dharwad (M Corp.) - Ward No. 3 to 10 1 Dharwad Taluk (Part) 2 Garag and 3 Amminabhavi Circles.,187
KARNATAKA,DHARWAD,72,Hubli-Dharwad- East,SC,"Hubli-Dharwad (M Corp.) (Part) Hubli-Dharwad (M Corp.) - Ward No.41, 45 and 48 to 67.",187
KARNATAKA,DHARWAD,73,Hubli-Dharwad- Central,,"Hubli-Dharwad (M Corp.) (Part) Hubli-Dharwad (M Corp.) - Ward No. 24 to 34, 38 to 40, 42 to 44, 46 and 47.",187
KARNATAKA,DHARWAD,74,Hubli-Dharwad- West,,"Hubli-Dharwad (M Corp.) (Part) Hubli-Dharwad (M Corp.) - Ward No.1, 2, 11 to 23 and 35 to 37.",187
KARNATAKA,DHARWAD,75,Kalghatgi,,4 Kalghatgi Taluk 1 Dharwad Taluk (Part) 4 Alnavar and 1 Dharwad Circles. Alnavar TP,187
KARNATAKA,UTTARA KANNADA,76,Haliyal,,2 Supa Taluk 3 Haliyal Taluk Dandeli CMC,188
KARNATAKA,UTTARA KANNADA,77,Karwar,,1 Karwar Taluk 7 Ankola Taluk,188
KARNATAKA,UTTARA KANNADA,78,Kumta,,8 Kumta Taluk 10 Honavar Taluk (Part) 1 Honnavar Circle. Honavar TP,188
KARNATAKA,UTTARA KANNADA,79,Bhatkal,,11 Bhatkal Taluk 10 Honavar Taluk (Part) 2 Mavinkurva and 3 Manki Circles.,188
KARNATAKA,UTTARA KANNADA,80,Sirsi,,"9 Siddapur Taluk 6 Sirsi Taluk (Part) 1 Sirsi Kasaba (Rural), 3 Hulekal and 4 Sampakhand Circles. Sirsi CMC",188
KARNATAKA,UTTARA KANNADA,81,Yellapur,,4 Yellapur Taluk 5 Mundgod Taluk 6 Sirsi Taluk (Part) 2 Banavasi Circle.,188
KARNATAKA,HAVERI,82,Hangal,,3 Hangal Taluk,188
KARNATAKA,HAVERI,83,Shiggaon,,1 Shiggaon Taluk 2 Savanur Taluk (Part) 1 Savanur Circle Savanur TMC,188
KARNATAKA,HAVERI,84,Haveri,SC,Savanur Taluk (Part) 2 Hattimattur Circle. 4 Haveri Taluk (Part) 2 Karjagi and 3 Guttal Circles. Haveri TMC,188
KARNATAKA,HAVERI,85,Byadgi,,"5 Byadgi Taluk 4 Haveri Taluk (Part) 1 Haveri Circle 7 Ranibennur Taluk (Part) 1 Ranebennur Circle (Part) Hanumapur, Kakol, Venkatapur, Kajjari, Shidaganahal, Guddaguddapur, Honnatti, Yattinahalli, Kerimallapur, Guddadanveri, Kunabev, Asundi, Huli halli, Yerekuppi, Laxmapur, Sarvanda, Veerapur, Ukkund, B enakanakond, Joisaraharalahalli, Tirumaladevarakoppa, Sunakal bidari, Guddadahosahalli, Guddadabevinahalli and Hediyal villages.",188
KARNATAKA,HAVERI,86,Hirekerur,,6 Hirekerur Taluk,189
KARNATAKA,HAVERI,87,Ranibennur,,"7 Ranibennur Taluk (Part) 2 Kuppelur and 3 Medleri Circles 1 Ranibennur Circle (Part) Padmavathipur, Shrinivasapur , Magod, Devagondanakatti and Ranibennur (Rural) villages. Ranibennur CMC",189
KARNATAKA,BELLARY,88,Hadagalli,SC,1 Hadagalli Taluk 2 Hagaribommanahalli Taluk (Part) 3 Hampasagara Circle.,189
KARNATAKA,BELLARY,89,Hagaribommana,,"2 Hagaribommanahalli Taluk (Part) halli (SC) 1 Hagaribommanahalli, 2 Kogali (Malvi) and 4 Thambrahalli Circles. 3 Hospet Taluk (Part) 4 Mariyammanahalli Circle. 4 Kottur Circle (Part) Dhoopadahalli GP - Bevoor, Dhoopadahalli, K.Basapura, Tanda, Hyalya GP - Hampapura, Hyalya, Kodihalli, Motikal Tanda, Sirinayakanahalli, Kotturu Ayyanahalli GP - Chapparadahalli, Haralu, Kannanayakanakatte, Kotturu Ayyanahalli, Kandagal GP - Gajapura, Kandagal, Thimmalapura, Rampura GP - Chiribi, Rampura, Kottur TP",189
KARNATAKA,BELLARY,90,Vijayanagara,,3 Hospet Taluk (Part) 1 Hospet and 2 Kamalapura Circles Hospet CMC Kamalapura TP,189
KARNATAKA,BELLARY,91,Kampli,ST,"3 Hospet Taluk (Part) 3 Kampli Circle Kampli TMC 5 Bellary Taluk (Part) 3 Kolur Circle. 2 Kurugodu Circle (Part) Badanahatti GP - Badanahatti Emmiganur GP - Emmiganur Genikihal GP - Genikihal, Kyadigehal Havinahal Veerapura GP - Havinahal Veerapura, Somalapura, Chitiginahalu Kallukamba GP - Kallukamba, Karikeri, Lakshmipura, Mustagatta Kurugodu GP - Kurugodu Nelludi GP - Nelludi, Kotal Camp Orvai GP - Guttiganur, Orvai, Pattanasaragu Siddammanahalli GP-Siddammanahalli",189
KARNATAKA,BELLARY,92,Siruguppa,ST,4 Siruguppa Taluk,190
KARNATAKA,BELLARY,93,Bellary,ST,"5 Bellary Taluk (Part) 1 Bellary, 4 Moka and 5 Rupanagudi Circles. Bellary (CMC) (Part) Bellary (CMC) - Ward No.23 to 30 and 32.",190
KARNATAKA,BELLARY,94,Bellary City,,"5 Bellary Taluk (Part) Bellary (CMC) (Part) Bellary (CMC) - Ward No.1 to 22, 31and 33 to 35. Bellary [R], Bisalahalli and Andralu.",190
KARNATAKA,BELLARY,95,Sandur,ST,"6 Sandur Taluk 5 Bellary Taluk (Part) 2 Kurugodu Circle (Part) Kudathini GP - Kudathini, Veniveerapura Yelubemchi GP - Thimmalapura, Yelubemchi",190
KARNATAKA,BELLARY,96,Kudligi,ST,"7 Kudligi Taluk (Part) 1 Kudligi, 2 Gudekote and 3 Hosahalli Circles. 4 Kottur Circle (Part) Kalapura GP - Hirevaddarahalli, Joladakudligi, Kalapura Thoolahalli GP - Nagarakatti, Thoolahalli Ujjini GP - Ujjini Kudligi TP",190
KARNATAKA,CHITRADURGA,97,Molakalmuru,ST,1 Molakalmuru Taluk 2 Challakere Taluk (Part) 2 Nayakanahatty and 3 Thalaku Circles.,190
KARNATAKA,CHITRADURGA,98,Challakere,ST,2 Challakere Taluk (Part) 1 Kasaba and 4 Parasurampura Circles. Challakere TMC 3 Chitradurga Taluk (Part) 4 Turuvanur Circle,190
KARNATAKA,CHITRADURGA,99,Chitradurga,,3 Chitradurga Taluk (Part) 1 Kasaba and 2 Hireguntanur Circles. Chitradurga CMC,190
KARNATAKA,CHITRADURGA,100,Hiriyur,,6 Hiriyur Taluk,191
KARNATAKA,CHITRADURGA,101,Hosadurga,,5 Hosadurga Taluk,191
KARNATAKA,CHITRADURGA,102,Holalkere,SC,"4 Holalkere Taluk (Part) 1 Kasaba, 2 Barmannanayakana - Durga, 3 Ramgiri and 4 Talya Circles. Holalkere TP Chitradurga Taluk (Part) 3 Bharamasagara Circle.",191
KARNATAKA,DAVANAGERE,103,Jagalur,ST,3 Jagalur Taluk 2 Harapanahalli Taluk (Part) 2 Arasikere Circle (Part) Arasikere GP- Arasikere and Thimmalapura. Hosakota GP- Hosakota and Budihalu. Uchhangidurga GP - Uchhangidurga Chatnihalli GP- Chatnihalli and Ramaghatta. Punabaghatta GP -Punabaghatta and Kallugudi. Tauduru GP- Tauduru and Kayarakatte. Anajigere GP- Anajigere and Madihalli.,191
KARNATAKA,DAVANAGERE,104,Harapanahalli,,"2 Harapanahalli Taluk (Part) 1 Kasaba, 3 Telagi and 4 Chigateri Circle 2 Arasikere Circle (Part) Kanchikere GP - Kanchikere and Hallikere. Shingrihalli GP - Shingrihalli and Sathuru. Heremagalagere GP- Heremagalagere and Lakshmipura. Harapanahalli TP",191
KARNATAKA,DAVANAGERE,105,Harihar,,1 Harihar Taluk,191
KARNATAKA,DAVANAGERE,106,Davanagere North,,"4 Davanagere Taluk (Part) 1. Kasaba Circle (Part) Kakkaragolla GP- 1.Kakkaragolla and 2.Kodihalli. Kadalebalu GP- 1. Kadalebalu, 2. Arasapura, 3. Obajjihalli and 4.Malagondanahalli. Averegolla GP- 1.Averegolla, 2.Devarahatti, 3. Chikkabuddihal and 4. Bhusavanahalli. Kadajji GP - 1. Kadajji, 2. Nagarakatte and 3. Puttaganal Doddabathi GP- 1. Doddabathi, 2. Halebathi, 3. Neelanahalli and 4. Agasanakatti. Bethur GP - Bethur Aluru GP- Mallapur Basavanala GP - Lingadahalli and Ramapur. Davanagere (CMC) (Part) Davanagere (CMC) - Ward No.3 to 10 and 26 to 35.",191
KARNATAKA,DAVANAGERE,107,Davanagere South,,"4 Davanagere Taluk (Part) 1. Kasaba Circle (Part) Mudhahadadi GP- 1. Mudhahadadi, 2. Jarikatte and 3. Bisleri. Shiramagondanahalli GP - 1. Shir amagondanahalli, 2. Naganuru Kannagondanahalli GP- 1. Kannagondanahalli, 2. Adereahalli, 3. Kollenahalli, 4. Jadaganahalli, 5. Ballu ru and 6. Shiraganahalli. Belavanur GP- 1. Belavanur, 2. Turchagatta and 3. Chandrenahalli. Hadadi GP- 1. Hadadi, 2. Javal aghatta and 3. Bhatalakatte. Kukavada GP - Kukavada and Nagarasanahalli. Kaidala GP - Giriyapura, Kaidala and Nayakanhalli Kurki GP - Bullapur Gopanala GP - Gandamuktenhalli Davanagere (CMC) (Part) Davanagere (CMC) - Ward No.1, 2 and 11 to 25.",192
KARNATAKA,DAVANAGERE,108,Mayakonda,SC,6 Channagiri Taluk (Part) 2 Basavapatna-I and 3 Basavapatna-II Circles. 4 Davanagere Taluk (Part)- 2 Anagodu and 3 Mayakonda Circles.,192
KARNATAKA,DAVANAGERE,109,Channagiri,,"6 Channagiri Taluk (Part) 1 Kasaba, 4 Santhebennur-I, 5 Santhebennur-II and 6 Ubrani Circles. Channagiri TP",192
KARNATAKA,DAVANAGERE,110,Honnali,,5 Honnali Taluk,192
KARNATAKA,SHIMOGA,111,Shimoga Rural,SC,"7 Bhadravati Taluk (Part) 4 Holehonnur I and 5 Holehonnur II Circles Holehonnur III Hobli (Part) Agradahalli, Hanchinasiddapura, Timlapura, Kallihalu, Bommanakatte, Dombarabyranahalli, Marashettihalli, Yedehalli, Bhadrapura, Harogundi, Chandanakere, Kenganalu, Basavapura, Arabilachi, Araker e, Danavadi, Kallapura, Nagoli, Rangapura, Hosur and Tattehalli villages. 6 Shimoga Taluk (Part) 1 Kasaba I, 2 Kasaba II, 3 Nidige I, 5 Holalur I , 6 Holalur II, 7 Harnahalli and 8 Kumsi Circles Shimoga CMC (Part) Shimoga CMC Ward No. 13 to 15.",192
KARNATAKA,SHIMOGA,112,Bhadravati,,"7 Bhadravati Taluk (Part) 1 Kasaba I, 2 Kasaba II and 3 Kudligere Circles Holehonnur III Hobli (Part) Belligere and Badanehalu Villages. Bhadravati CMC",192
KARNATAKA,SHIMOGA,113,Shimoga,,6 Shimoga Taluk (Part) Shimoga CMC (Part) Shimoga CMC Ward No. 1 to 12 and 16 to 35.,193
KARNATAKA,SHIMOGA,114,Tirthahalli,,5 Tirthahalli Taluk Hosanagara Taluk (Part) Humcha Circle and Nagara circle 6 Shimoga Taluk (Part) 4 Nidige II Circle,193
KARNATAKA,SHIMOGA,115,Shikaripura,,3 Shikaripura Taluk,193
KARNATAKA,SHIMOGA,116,Sorab,,2 Sorab Taluk 1 Sagar Taluk (Part) 4 Talaguppa Circle.,193
KARNATAKA,SHIMOGA,117,Sagar,,"4 Hosanagara Taluk (Part) Kasaba and Kerehalli circles Hosanagara TP 1 Sagar Taluk (Part) 1 Anandapuram, 2 Kasaba., 3 Avinahalli , 5 Bharangi and 6 Karur Circles. Sagar CMC, Jog Kargal TP",193
KARNATAKA,UDUPI,118,Byndoor,,1 Kundapura Taluk (Part) 1 Byndoor Circle. 2. Vandse Circle,193
KARNATAKA,UDUPI,119,Kundapura,,1 Kundapura Taluk (Part) 3 Kundapura Circle. Kundapura TMC 2 Udupi Taluk (Part) 1 Kota Circle.,193
KARNATAKA,UDUPI,120,Udupi,,"Udupi Taluk (Part) Udupi Circle (Part) Badanidiyoor, Tenkanidiyur and Kelarkalabettu villages. 2 Brahmavara Circle (Part) Tonse West, Haradi, Varamballi, Kumragod, Handady, Matpady, Chanthar, 52 Heroor, Baikady, T onse East, Uppoor, Havanje, Aroor, Neelavar, Cherkady, Halu valli, Pejamangoor, 34 Kudi, Nanchar, Nalkur, Kenjoor, 38 Kalthur and Hosoor villages. Udupi (CMC+OG)",193
KARNATAKA,UDUPI,121,Kapu,,"2 Udupi Taluk (Part) 4 Kapu Circle. Brahamavara Circle (Part) Bellampalli, Kukkehalli, Perdoor, Bairampalli, Bellarpadi and 41 Shiroor villages. Udupi Circle (Part) Bommarabettu, Anjaru, Kudi, Ud yavara, Korangrapadi, Athradi, Hirebettu, Badagabettu, Pernankili, Manipura, Marne and Alevooru villages.",193
KARNATAKA,UDUPI,122,Karkal,,3 Karkal Taluk,194
KARNATAKA,CHICKMAGALUR,123,Sringeri,,1 Sringeri Taluk 2 Koppa Taluk 3 Narasimharajapura Taluk 6 Chikmagalur Taluk (Part) 4 Kandya Circle.,194
KARNATAKA,CHICKMAGALUR,124,Mudigere,SC,"6 Chikmagalur Taluk (Part) 2 Amble, 3 Avathi, 6 Vasthare and 7 Aldur Circles 7 Mudigere Taluk",194
KARNATAKA,CHICKMAGALUR,125,Chikmagalur,,"6 Chikmagalur Taluk (Part) 8 Lakya, 1 Kasaba and 5 Jagara Circles. Chikmagalur CMC 5 Kadur Taluk (Part) 5 Sakrepatna Circle.",194
KARNATAKA,CHICKMAGALUR,126,Tarikere,,4 Tarikere Taluk,194
KARNATAKA,CHICKMAGALUR,127,Kadur,,"5 Kadur Taluk (Part) 1 Kasaba, 2 Hirenallur, 3 Y agati and 4 Singatagere and 6 Birur Circles. Kadur TMC and Birur TMC.",194
KARNATAKA,TUMKUR,128,Chikkanayaka,,1 Chikkanayakanahalli Taluk nahalli 2 Sira Taluk (Part) 3 Bukkapatna Circle,194
KARNATAKA,TUMKUR,129,Tiptur,,8 Tiptur Taluk,194
KARNATAKA,TUMKUR,130,Turuvekere,,"9 Turuvekere Taluk 7 Gubbi Taluk (Part) 5 C.S. Pura Circle 6 Kadaba Circle (Part) Hindasgere GP- Belur, Bitt agondanahalli, Chamanahalli, Harivesandra. K, Kambasandra, Kenchaviranahalli, V. Kodihalli, Kallur GP- Benkana Gondi, Bilinandi, K. Kallahalli, Kallur, Peddanahalli GP- Bochihalli, Kadabagadde Kaval (B), Kunaghatta, Mathighatta, Melekallahalli, Peddanahalli, Pendaranahalli, Vadavana Ghatta and Varahasandra villages.",194
KARNATAKA,TUMKUR,131,Kunigal,,10 Kunigal Taluk,195
KARNATAKA,TUMKUR,132,Tumkur City,,6 Tumkur Taluk (Part) Tumkur CMC,195
KARNATAKA,TUMKUR,133,Tumkur Rural,,"6 Tumkur Taluk (Part) 1 Kasaba, 2 Urdigere, 3 Gulur, 4 Hebbur and 5 Bellavi Circles.",195
KARNATAKA,TUMKUR,134,Koratagere,SC,5 Koratagere Taluk 4 Madhugiri Taluk (Part) 6 Puruvara Circle. 6 Tumkur Taluk (Part) 6 Kora Circle.,195
KARNATAKA,TUMKUR,135,Gubbi,,"Gubbi Taluk (Part) 1 Kasaba, 2 Chelur, 3 Hagalavadi and 4 Nittur Circles. Gubbi TP 6 Kadaba Circle (Part) Belavatha GP- Ambarapura, Ar emaranahalli, B. Kodihalli, Belavatha, Karigondanahalli and Thogrighatta. Doddaguni GP- Peramasandra G Hosahalli GP - Kattiginahalli Kadaba GP- Adagondanahalli, Bydagere, Byalahalli, Dasarakallahalli, Gangasnadra, Gorj ihalli, K. Ram apura, Kadaba, Kadaba Amanikere, Kadasettyhalli, Kommanahalli and Manchihalli. Koppa GP- Byadaramallenahalli, Gulenahalli, Hallenahalli, Honnasettyhalli, Konanakere, Konemadenahalli, Koppa and Yadavanahalli. Kunnala GP- Chakenahalli, Jeeganahalli, Kunnala, Lingammanahalli and Yalachihalli. Marashettyhalli GP- Athikatte, B. Ramapura, Badenahalli, Bennur, Channavaderahalli, Donnere, Haragaladevigudda Kaval (B), Janakadevanahalli, Kodimallenahalli and Marashettyhalli.",195
KARNATAKA,TUMKUR,136,Sira,,"2 Sira Taluk (Part) 1 Kasaba, 2 Kallambella 4 Gowdagere and 5 Hulikunte Circles. Sira TMC",195
KARNATAKA,TUMKUR,137,Pavagada,SC,3 Pavagada Taluk,195
KARNATAKA,TUMKUR,138,Madhugiri,,"4 Madhugiri Taluk (Part) 1 Kasaba, 2 Dodderi, 3 Midigeshi , 4 I.D.Halli and 5 Kodigenahalli Circles. Madhugiri TMC",195
KARNATAKA,KOLAR,139,Gauribidanur,,"1 Gauribidanur Taluk (Part) 1 Kasaba, 2 Hossur, 3 Thondebhavi, 5 D.Palya and 6 Nagaragere Circles. Gauribidanur TMC",196
KARNATAKA,KOLAR,140,Bagepalli,,3 Gudibanda Taluk 4 Bagepalli Taluk,196
KARNATAKA,KOLAR,141,Chikkaballapur,,2 Chikkaballapur Taluk 1 Gauribidanur Taluk (Part) 4 Manchenahalli Circle.,196
KARNATAKA,KOLAR,142,Sidlaghatta,,5 Sidlaghatta Taluk 6 Chintamani Taluk (Part) 6 Chilakalanerpu Circle.,196
KARNATAKA,KOLAR,143,Chintamani,,"6 Chintamani Taluk (Part) 1 Kasaba, 2 Murugamalla, 3 Am bajidurga, 4 Munganahalli and 5 Kaiwara Circles. Chintamani CMC",196
KARNATAKA,KOLAR,144,Srinivaspur,,7 Srinivaspur Taluk 8 Kolar Taluk (Part) 6 Holur and 5 Sugatur Circles.,196
KARNATAKA,KOLAR,145,Mulbagal,SC,11 Mulbagal Taluk,196
KARNATAKA,KOLAR,146,Kolar Gold Field,SC,"10 Bangarapet Taluk (Part) 4 Bethamangala and 5 Kyasamballi Circles. Robertson Pet CMC 2 Robertsonpet Circle (Part) Yerranaganahalli, Chinnapalli, Mallampalli-Ryagadahalli, Nakkanahalli, Kallikuppa, Thongal, M. Kothur, Marikuppa, Surapalli, Baliganahalli, Giddegowdanahalli, Chinnaganahalli, Keelukambali, Doddakambali, Bynepalli, Lakshmisagara and Ghattamadamangala villages.",196
KARNATAKA,KOLAR,147,Bangarapet,SC,"10 Bangarapet Taluk (Part) 1 Kasaba Circle 2 Robertsonpet Circle (Part) Chinnakote GP Chinkote, Thammenhalli, Doddavalagamadhi GP Ajjapalli, Buragamakanahalli, By raganahalli, Chikkakrimanahalli, Doddachinnapalli, Doddavalagamadhi, Iymarasapura, Doddurkarpanhalli GP, Dasarahosahalli, Doddurkarpanhalli, Dodduru Karapanahalli Plantati on, GhattakamadenahalliGP Gattarayagadahalli, Ghattaka madenahalli, Krishnarajapura, Peddapalli, Hunukunda GP, D oddarahalli, Ganacharapura, Hunukunda, Kurubarahalli, Madam uthanhalli, Mittamalahalli, Pitchaguntrahalli, Kamasamudra GP, Maliyangurki, Maliyangurki Amanikere, Karahalli GP, Kavaraganahalli, Kesaranhalli GP Kesaranhalli, Mavahalli GP, Alaganahalli, Chaliganhalli, Kamandahalli, Manchenahalli, Mavahalli and Vadandahalli villages. 3 Kamasamudra and 6 Boodikote Circles. Bangarapet TMC 8 Kolar Taluk (Part) 7 Huttur Circle.",196
KARNATAKA,KOLAR,148,Kolar,,"8 Kolar Taluk (Part) 2 Vokkaleri, 3 Narasapura and 4 Vemgal Circles. 1 Kolar Kasaba Circle entire Kolar CMC",197
KARNATAKA,KOLAR,149,Malur,,9 Malur Taluk,197
KARNATAKA,BANGALORE,150,Yelahanka,,"1 Bangalore North Taluk Rural (Part) 3 Dasanapura and 4 Hesaraghatta Circles 6 Yelahanka Circle (Part) Srinivasapura, Manchenahalli, Vasudevapura, Harohalli, Gantiganahalli, Ramgondanahalli, K enchenahalli, Govindapura, Singanayakanahalli, Ananthapura, Nagadasanhalli, Avalhalli, Muddenahalli, Honnenahalli, Jarakabande Kaval, Dodabettahalli, Chikkabettahalli, Veerasagara, V aderahalli, Mediagrahara and Shamarajapura villages. Yelahanka (CMC) (Part) Yelahanka (CMC) - Ward No.1 to 17 and 20 to 32.",197
KARNATAKA,BANGALORE,151,K.R.Pura,,"Bangalore East Taluk (Part) 1 K.R.Pura Circle (Part) (Except 5 villages Hagadur, Thanisandra, Dasarahalli, Rachenahalli and Nagondahalli) K.R.Pura CMC Mahadevapura CMC (Part) Ward No. 3 to 11",197
KARNATAKA,BANGALORE,152,Byatarayana,,"1 Bangalore North Taluk Rural (Part) pura Byatarayanapura CMC (Part) Ward No. 1 to 22 1 Bangalore North Taluk Rural (Part) 5 Jala Circle 6 Yelahanka Circle (Part) Bellahalli, Tirumenahalli, C hokkanalli, Sampigehalli, Venteshapura and Shivapura villages. Yelahanka Circle OG Yelahanka (CMC) (Part) Yelahanka (CMC) - Ward No.18 and 19 K.R. Pura Circle (Part) Thanisandra, Dasarahalli and Rachenahalli Villages",197
KARNATAKA,BANGALORE,153,Yeshvantha,,"1 Bangalore North Taluk Rural (Part) pura 2 Yeshvanthapura Circle (Part) Kariobanahally, Herohally, Hondrahally, Lingadeeranahally, Ullalu, Gidadakonenahally, Kodigehally, Kannahally, Managanhally, Seegehally, Hosahally Gollarapalya, Doddabidarakallu and Thirumalapura. 3 Bangalore South Taluk (Part) 1Tavarekere and 2 Kengeri Circles. Kengeri TMC Uttarahalli Circle (Part) Kaggalipur GP- Uttari, Kaggalipura and O.B.Chudahalli. Somanahalli GP- Vaddarapalya, Sunkadakatte, Ravagodlu, Nettigere, Somanahalli, Nellaguli, K. Chudahalli and Naganayakanahalli. Taralu GP- Gulakamale, Taralu, Alakabelapura and Thattaguppe. Talaghattapura GP- 1. Talagha ttapura, 2.Mallasandra, 3. Vajarahalli, 4. Hosahalli, 5. Raghuvanahalli and 6. Uttarahalli manavarthe kaval. *Pattanagere CMC (Part) Ward No. 14, 15,19, 21 and 22",198
KARNATAKA,BANGALORE,154,Rajarajeshwarin,,"1 Bangalore North Taluk Rural (Part) agar *Pattanagere CMC (Part) Ward No. 1 to 13, 16 to 18, 20 and 23 to 27. Dasarahalli (CMC+OG) (Part) Dasarahalli (CMC) - Ward No.26 and 30 to 32. Bangalore (M Corp.+OG) (Part) Bangalore (M Corp.) - Ward No.1 to 3 and 11.",198
KARNATAKA,BANGALORE,155,Dasarahalli,,"1 Bangalore North Taluk Rural (Part) 2 Yeshwanthapura Circle (Part) Chikkabanavara, Ganigarahally, Chikkasandra, Abbigere, Somashettihally, Laxmipura, She ttihally, Medarahally Sidedahally and Kereguddadahally villages. Dasarahalli (CMC+OG) (Part) Dasarahalli (CMC) - Ward No.1 to 25, 27 to 29 and 33 to 35.",198
KARNATAKA,BANGALORE,156,Mahalakshmi Layout,,"Bangalore (M Corp.+OG) (Part) Bangalore (M Corp.) - Ward No.10, 12 to 14, 16 and 17.",198
KARNATAKA,BANGALORE,157,Malleshwaram,,"Bangalore (M Corp.+OG) (Part) Bangalore (M Corp.) - Ward No.4, 5, 7 to 9 and 99.",198
KARNATAKA,BANGALORE,158,Hebbal,,Bangalore (M Corp.+OG) (Part) Bangalore (M Corp.) - Ward No.96 to 98 and 100.,198
KARNATAKA,BANGALORE,159,Pulakeshinagar,SC,"Bangalore (M Corp.+OG) (Part) Bangalore (M Corp.) - Ward No.90, 91, 93 and 95.",199
KARNATAKA,BANGALORE,160,Sarvagnanagar,,Bangalore (M Corp.+OG) (Part) Bangalore (M Corp.) - Ward No. 86 to 89 and 94. Byatarayanapura (Part) Ward No. 23 to 31.,199
KARNATAKA,BANGALORE,161,C.V. Raman Nagar,SC,Bangalore (M Corp.+OG) (Part) Bangalore (M Corp.) - Ward No.73 to 74 and 82 to 85.,199
KARNATAKA,BANGALORE,162,Shivajinagar,,Bangalore (M Corp.+OG) (Part) Bangalore (M Corp.) - Ward No.77 to 81 and 92.,199
KARNATAKA,BANGALORE,163,Shanti Nagar,,"Bangalore (M Corp.+OG) (Part) Bangalore (M Corp.) - Ward No.69 to 72, 75 and 76.",199
KARNATAKA,BANGALORE,164,Gandhi Nagar,,"Bangalore (M Corp.+OG) (Part) Bangalore (M Corp.) - Ward No. 6, 25 to 29 and 31.",199
KARNATAKA,BANGALORE,165,Rajaji Nagar,,"Bangalore (M Corp.+OG) (Part) Bangalore (M Corp.) - Ward No.15, 18 to 20 and 22 to 24.",199
KARNATAKA,BANGALORE,166,Govindraj Nagar,,Bangalore (M Corp.+OG) (Part) Bangalore (M Corp.) - Ward No.21 and 35 to 39.,199
KARNATAKA,BANGALORE,167,Vijay Nagar,,Bangalore (M Corp.+OG) (Part) Bangalore (M Corp.) - Ward No.32 to 34 and 40 to 42.,199
KARNATAKA,BANGALORE,168,Chamrajpet,,Bangalore (M Corp.+OG) (Part) Bangalore (M Corp.) - Ward No.30 and 43 to 46.,199
KARNATAKA,BANGALORE,169,Chickpet,,"Bangalore (M Corp.+OG) (Part) Bangalore (M Corp.) - Ward No.47 to 50, 61 and 62.",199
KARNATAKA,BANGALORE,170,Basavanagudi,,Bangalore (M Corp.+OG) (Part) Bangalore (M Corp.) - Ward No.51 to 54.,199
KARNATAKA,BANGALORE,171,Padmanaba Nagar,,"Bangalore (M Corp.+OG) (Part) Bangalore (M Corp.) - Ward No. 55, 56 and 59.",199
KARNATAKA,BANGALORE,172,B.T.M Layout,,Bangalore (M Corp.+OG) (Part) Bangalore (M Corp.) - Ward No.63 and 65 to 68.,199
KARNATAKA,BANGALORE,173,Jayanagar,,"Bangalore (M Corp.+OG) (Part) Bangalore (M Corp.) - Ward No.57, 58, 60 and 64.",199
KARNATAKA,BANGALORE,174,Mahadevapura,SC,"Bangalore East Taluk (Part) Bidarahalli Circle (Excl.Channasandra (OG) - Ward No.33) 2 Varthur Circle 1 K.R.Pura Circle (Part) Hagadur and Nagondahalli villages. Mahadevapura CMC (Part) Ward No. 1, 2 and 12 to 31 Channasandra (OG) - Ward No. 33.",199
KARNATAKA,BANGALORE,175,Bommanahalli,,Bangalore South Taluk & Anekal Taluk (Parts) Bommanahalli CMC,200
KARNATAKA,BANGALORE,176,Bangalore South,,"3 Bangalore South Taluk (Part) 4 Begur Circle 3 Uttarahalli Circle (Part) Subramanyapura GP-1.Subramany apura, 2.Vasanthapura, 3. Gubbalalu and 4. Vaddarapalya. Uttarahalli GP- 1. Uttarahalli, 2. Arehalli and 3. Turalli. Anjanapura GP- 1. Anjanapura, 2. Prillaganahalli, 3. Kembathhalli, 4. Gollahalli and 5. Thippasandra. Gottigere GP- 1. Gottigere Kottanoor GP- 1.Kottanoor and 2. Raghuvanapalya. Doddakalla Sandra GP- 1. Doddakallasandra and 2. Alahalli Konanakunte GP- 1. Konanakunte (C.T.) and 2. Chunchagatta. 4 Anekal Taluk (Part)- 2 Jigani Circle. *Pattanagere CMC (Part) Pattanagere CMC - Ward No.28 to 31. Pattanagere CMC - Ward No.32 (OG).",200
KARNATAKA,BANGALORE,177,Anekal TMC only,SC,"4 Anekal Taluk (Part) 1 Kasaba, 3 Attibele and 4 Sarjapura Circles. Anekal TMC * AC No. 153-Yeshvanthapura, 154-Rajarajeshwa rinagar and 176-Bangalore South. The area comprised within wards 14 and 15 of Pattanager e CMC and Kengeri TMC is the same but geographically included in Kengeri TMC. Hence these two wards are included in Kengeri",200
KARNATAKA,BANGALORE RURAL,178,Hosakote,,4 Hosakote Taluk,200
KARNATAKA,BANGALORE RURAL,179,Devanahalli,SC,3 Devanahalli Taluk 2 Dod Ballapur Taluk (Part) 5 Thubagere Circle.,200
KARNATAKA,BANGALORE RURAL,180,Doddaballapur,,"2 Doddaballapur Taluk (Part) 2 Madhure, 3 Doddabelavangala, 4 Sasalu and 1 Kasaba Circles. Doddaballapura CMC.",200
KARNATAKA,BANGALORE RURAL,181,Nelamangala,SC,5 Magadi Taluk (Part) 5 Solur Circle 1 Nelamangala Taluk,201
KARNATAKA,BANGALORE RURAL,182,Magadi,,"6 Ramanagaram Taluk (Part), 2 Bidadi and 4 Kutagal Circles. 5 Magadi Taluk (Part) 1 Kasaba, 2 Madabal, 3 Thippasandra and 4 Kudur Circles. Magadi TMC",201
KARNATAKA,BANGALORE RURAL,183,Ramanagaram,,8 Kanakapura Taluk (Part) 2 Harohalli and 3 Doddamaralawadi Circles. 6 Ramanagaram Taluk (Part) 1 Kasaba and 3 Kylancha Circles. Ramanagar CMC,201
KARNATAKA,BANGALORE RURAL,184,Kanakapura,,"8 Kanakapura Taluk (Part) 1 Kasaba, 4 Kodihalli, 5 Uyyamballi and 6 Sathnur Circles. Kanakapura TMC",201
KARNATAKA,BANGALORE RURAL,185,Channapatna,,7 Channapatna Taluk,201
KARNATAKA,MANDYA,186,Malavalli,SC,7 Malavalli Taluk,201
KARNATAKA,MANDYA,187,Maddur,,"6 Maddur Taluk (Part) 1 Kasaba - I, 2 Kasaba - II, 5 Koppa - III, 6 Athagur, 7 C.A.Kere- I, 8 C.A.Kere - II and 9 C.A. Kere -III Circles. Maddur TMC",201
KARNATAKA,MANDYA,188,Melukote,,"3 Pandavapura Taluk 5 Mandya Taluk (Part) 7 Dudda Circle-I 8 Dudda Circle-II (Part) Gunnayakanahalli, Mardipura, Shambunahalli, H. Malligere, Shivalli, Ganadalu, Mallanayakanakatte, Sampalli, Beeragowdanahalli, B. Hosahalli, Holalu, Chandagalu, Bilaguli, Modachakanahalli and T, Malligere villages.",201
KARNATAKA,MANDYA,189,Mandya,,"5 Mandya Taluk (Part) 1 Kasaba Circle-I, 2 Keragodu Circle-I, 3 Keragodu Circle-II, 4 Kasaba Circle-II, 5 Basaralu Circle-I and 6 Basaralu Circle-II Mandya CMC",201
KARNATAKA,MANDYA,190,Srirangapatna,,4 Srirangapatna Taluk 5 Mandya Taluk (Part) 8 Dudda Circle - II (Part) Kiragandur village. 5 Kothathi -I and 6 Kothathi -II Circles.,202
KARNATAKA,MANDYA,191,Nagamangala,,2 Nagamangala Taluk 6 Maddur Taluk (Part) Koppa-I and II Circles.,202
KARNATAKA,MANDYA,192,Krishnarajpet,,Krishnarajpet Taluk,202
KARNATAKA,HASSAN,193,Shravana,,"8 Channarayapatna Taluk (Part) belagola 1 Kasaba, 2 Hirisave, 3 Shra vanabelagola, 4 Nuggehalli and 5 Bagur Circles. Channarayapatna TMC",202
KARNATAKA,HASSAN,194,Arsikere,,"3 Arsikere Taluk (Part) 1 Kasaba, 2 Kanakatte, 3 Banavara and 4 Gandasi Circles. Arsikere TMC",202
KARNATAKA,HASSAN,195,Belur,,2 Belur Taluk 3 Arsikere Taluk (Part) 5 Javgal Circle.,202
KARNATAKA,HASSAN,196,Hassan,,4 Hassan Taluk (Part) 1 Kasaba and 5 Salagame Circles. Hassan (CMC+OG),202
KARNATAKA,HASSAN,197,Holenarasipur,,4 Hassan Taluk (Part) 3 Shantigrama and 4 Dudda Circles. 8 Channarayapatna Taluk (Part) 6 Dandiganahalli Circle. 7 Holenarasipur Taluk (Part) 1 Kasaba and 2 Halekote Circles. Holenarasipur TMC,202
KARNATAKA,HASSAN,198,Arkalgud,,6 Arkalgud Taluk 7 Holenarasipur Taluk (Part) 3 Hallimysore Circle.,202
KARNATAKA,HASSAN,199,Sakleshpur,SC,1 Sakleshpur Taluk 5 Alur Taluk 4 Hassan Taluk (Part) 2 Kattaya Circle.,202
KARNATAKA,DAKSHINA KANNADA,200,Belthangady,,3 Belthangady Taluk,203
KARNATAKA,DAKSHINA KANNADA,201,Moodabidri,,"1 Mangalore Taluk (Part) 2 Surathkal, 4 Moodabidri and 5 Mulki Circles. Mudbidri TMC Mulki TP",203
KARNATAKA,DAKSHINA KANNADA,202,Mangalore City North,,"1 Mangalore Taluk (Part) 3 Gurupura Circle Mangalore M Corp. (Part) Mangalore (M Corp.) - Ward No.1 to 20, 22 and 23.",203
KARNATAKA,DAKSHINA KANNADA,203,Mangalore City South,,1 Mangalore Taluk (Part) Mangalore M Corp. (Part) Mangalore (M Corp.) - Ward No.21 and 24 to 60.,203
KARNATAKA,DAKSHINA KANNADA,204,Mangalore,,"1 Mangalore Taluk (Part) 1 Mangalore -B Circle Ullal TP 2 Bantval Taluk (Part) 2 Panemangalore Circle (Part) Meremajalu, Kodman, Saji panadu (Nadupadu), Sajipapadu, Chelur, Kurnad, Phajeer, Kair angala, Naringana, Balepuni and Ira Villages Pudu (CT) Thumbe (CT)",203
KARNATAKA,DAKSHINA KANNADA,205,Bantval,,"2 Bantval Taluk (Part) 1 Bantwal Circle. 2 Panemangalore Circle (Part) Kariyangala, Badaga Bellur, Tenk abellur, Ammunje, Kallige, Sajipamannuru, Sajipamuda, Amt oor, Narikombu, Shambhoor, Manchi, Golthamajal, Balth ila, Barimar and Kadeshwalya villages. 3 Vittal Circle (Part) Bolanthuru, Veerakamba, Anant hadi, Mani, Peraje, Netlamudnur, Kolnadu, Vittalpadanur, Salethur, Karopady and Kanyana villages Bantval TP",203
KARNATAKA,DAKSHINA KANNADA,206,Puttur,,"2 Bantval Taluk (Part) 3 Vittal Circle (Part) Biliyur, Perne, Kedila, Vittal, Peru vai, Manila, Alike, Idkidu, Kula, Vittalmudnoor, Kepu and Punacha villages. 4 Puttur Taluk (Part) 3 Puttur Circle 1 Uppinangady Circle (Part) Kabaka (Rural), Kudipadi, Padnoor (Rural), Bannur (Rural), Kodimbady, Chickamudnoor (Rural), Bellipadi, Nekkiladi, Hirebandadi, Uppinangady and Bajathuru villages. Puttur TMC",203
KARNATAKA,DAKSHINA KANNADA,207,Sullia,SC,"6 Sullia Taluk 4 Puttur Taluk (Part) 2 Kadaba Circle 1 Uppinangady Circle (Part) Golithattu, Alanthaya, Konalu, Nelyadi, Kowkradi, Ichlampady, Konaje, Shirady and Shiribagilu villages.",204
KARNATAKA,KODAGU,208,Madikeri,,2 Somvarpet Taluk 1 Madikeri Taluk (Part) 1 Madikeri Circle. Madikeri CMC,204
KARNATAKA,KODAGU,209,Virajpet,,"3 Virajpet Taluk 1 Madikeri Taluk (Part) 2 Sampaje, 3 Bhagamandala and 4 Napoklu Circles.",204
KARNATAKA,MYSORE,210,Piriyapatna,,1 Piriyapatna Taluk,204
KARNATAKA,MYSORE,211,Krishnaraja,,Krishnarajanagara Taluk nagara,204
KARNATAKA,MYSORE,212,Hunsur,,2 Hunsur Taluk,204
KARNATAKA,MYSORE,213,Heggadadevan,,5 Heggadadevankote Taluk kote (ST),204
KARNATAKA,MYSORE,214,Nanjangud,SC,"6 Nanjangud Taluk (Part) 1 Kasaba and 2 Hullahalli Circles. 5 Doddakowlande Circle (Part) Hedathale, Basavattige, Devanur, Chikkakowlande, Nerale, Hemmaragala, Kumbarahalli, Hos apura, Koodlapura, Bagooru, Tharadale, Mallahalli, Hampapura, Halepura, Gattavadipura, Haraganapur, Gattavadi and Doddakowlande Villages. Nanjangud TMC",204
KARNATAKA,MYSORE,215,Chamundesh,,"4 Mysore Taluk (Part) wari 3 Elwala, 4 Kasaba and 1 Jayapura Circles. Mysore M corp. (Part) Mysore (M Corp.) - Ward No.19",204
KARNATAKA,MYSORE,216,Krishnaraja,,"4 Mysore Taluk (Part) Mysore M corp. (Part) Mysore (M Corp.) - Ward No.1 to 18, 20, 62 and 63.",205
KARNATAKA,MYSORE,217,Chamaraja,,4 Mysore Taluk (Part) Mysore M corp. (Part) Mysore (M Corp.) - Ward No. 21 to 43 and 61.,205
KARNATAKA,MYSORE,218,Narasimharaja,,"4 Mysore Taluk (Part) Mysore M corp. (Part) Mysore (M Corp.) - Ward No.44 to 60, 64 and 65.",205
KARNATAKA,MYSORE,219,Varuna,,"4 Mysore Taluk (Part) 2 Varuna Circle. 6 Nanjangud Taluk (Part) 3 Chikkaiahna-Chatra and 4 Biligere Circles. 5 Doddakowlande Circle (Part) Varahalli, Kakkarahatti, Banooru, Hadya, Karepura, Karya, Chunchanahalli, Konanoor, Konanapur a, Paduvalamarahalli, Ramasettipura, Hanumanapura, Paduvala Agrahara, Dasanooru, Doddahomma, Chikkahomma and Thoravalli villages. 7 Tirumakudal Narsipur Taluk (Part) 1 Kasaba Circle.",205
KARNATAKA,MYSORE,220,T.Narasipur,SC,"7 Tirumakudal Narsipur Taluk (Part) 2 Mugur, 3 Talakad, 4 Sosale and 5 Bannur Circles. Bannur TP Tirumakudal - Narsipur TP",205
KARNATAKA,CHAMARAJANAGAR,221,Hanur,,"4 Kollegal Taluk (Part) 2 Palya, 3 Hanur, 4 Ramapura and 5 Lokkanahalli Circles. Hanur TP",205
KARNATAKA,CHAMARAJANAGAR,222,Kollegal,SC,3 Yelandur Taluk 4 Kollegal Taluk (Part) 1 Kasaba Circle. Kollegal TMC Chamarajanagar Taluk (Part) 4 Santhemarahalli Circle.,205
KARNATAKA,CHAMARAJANAGAR,223,Chamarajanagar,,"2 Chamarajanagar Taluk (Part) 1 Kasaba, 2 Haradanahalli and 5 Chandakavadi Circles. 3 Harave Circle (Part) Nanjedevanapura, Kalanahundi, V eeranapura, Hangarepura, Udigala, Devalapura, Maduvinabeedu, Uganedahundi, Badagalapura, Katnavadi, Kothalavadi, Kaggalipura, Sanegala and Thammadahalli villages. Chamarajanagar CMC Ramasamudra Rural.",205
KARNATAKA,CHAMARAJANAGAR,224,Gundlupet,,"1 Gundlupet Taluk 2 Chamarajanagar Taluk (Part) 3 Harave Circle (Part) Heggavadi, Bujaganapura, Kerehalli, Aralikatte, Kebbepura, Chikkabegur, Hirebegur, Kilalipura, Mukkadahalli, Govindavadi, Harave, Maliyuru, Kulagana, Mudnakodu, Bettadapura, Sagade, Kethahalli, Kengaki and Kumachahalli Villages.",206
KERALA,Kasaragod,1,Manjeshwar,,"Enmakaje, Kumbla, Mangalpady , Manjeshwar, Meenja, Paivalike, Puthige and Vorkady Panchayats in Kasaragod Taluk.",210
KERALA,Kasaragod,2,Kasaragod,,"Kasaragod Municipality and Badi adka, Bellur, Chengala, Karadka, Kumbadaje, Madhur and Mogral Puthur Panchayats in Kasaragod Taluk.",210
KERALA,Kasaragod,3,Udma,,"Bedadka, Chemnad, Delampady, Kuttikole and Muliyar Panchayats in Kasaragod Taluk and Pallikere, Pullur-Periya and Udma Panchayats in Hosdurg Taluk.",210
KERALA,Kasaragod,4,Kanhangad,,"Kanhangad Muncipality and Ajanur, Ba lal, Kallar, Kinanoor - Karindalam, Kodom-Belur, Madikai and Panathady Panchayats in Hosdurg Taluk.",210
KERALA,Kasaragod,5,Trikaripur,,"Cheruvathur, East Eleri, Kayyu r-Cheemeni, Nileshwar, Padne, Pilicode, Trikaripur, Valiyaparam ba and West Eleri Panchayats in Hosdurg Taluk.",210
KERALA,Kannur,6,Payyannur,,"Payyannur Municipality and Cher upuzha, Eramamkuttoor, Kankole-Alapadamba, Karivellur Peralam, Peringome Vayakkara and Ramanthali Panchayats in Taliparamba Taluk.",210
KERALA,Kannur,7,Kalliasseri,,"Cherukunnu, Cheruthaz ham, Ezhome, Kadannappalli- Panapuzha, Kalliasseri, Kannapur am, Kunhimangalam, Madayi and Mattool Panchayats in Kannur taluk and Pattuvam Panchayat in Taliparamba Taluk.",210
KERALA,Kannur,8,Taliparamba,,"Taliparamba Municipality and Chapparapadavu, Kurumathur, Kolacherry, Kuttiattoor, Mal apattam, Mayyil, and Pariyaram Panchayats in Taliparamba Taluk.",210
KERALA,Kannur,9,Irikkur,,"Chengalayi , Eruvessy, Irikkur, Payyavoor, Sreekandapuram, Alakode, Naduvil, Udayagiri and Ulikkal Panchayats in Taliparamba Taluk.",211
KERALA,Kannur,10,Azhikode,,"Azhikode, Chirakkal, Narath, Pa llikkunnu, Pappinisseri, Puzhathi and Valapattanam Panchayats in Kannur Taluk.",211
KERALA,Kannur,11,Kannur,,"Kannur Municipality and Chelor a, Edakkad, Elayavoor and Munderi Panchayats in Kannur Taluk.",211
KERALA,Kannur,12,Dharmadam,,"Anjarakandy, Chembilode, Kadambur, Muzhappilangad and Peralasseri Panchayats in Kannur Taluk and Dharmadam, Pinarayi and Vengad Panchayats in Thalaseery Taluk.",211
KERALA,Kannur,13,Thalassery,,"Thalassery Municipality and Cho ckli, Eranholi, Kadirur, New- Mahe and Panniyannur Panchayats in Thalassery Taluk.",211
KERALA,Kannur,14,Kuthuparamba,,"Kuthuparamba Municipality and Kariyad, Kottayam -Malabar, Kunnothuparambu, Mokeri, Panoor , Pattiom, Peringalam and Thriprangottur Panchayats in Thalassery Taluk.",211
KERALA,Kannur,15,Mattannur,,"Mattannur Municipality and Chi ttariparamba, Keezhallur, Koodali, Malur, Mangattidam, Kolayad and Thillenkeri Panchayats in Thalassery Taluk and Padiyur-Kalliad Panchayat in Taliparamba Taluk.",211
KERALA,Kannur,16,Peravoor,,"Aralam, Ayyankunnu, Kanichar, Keezhur-Chavassery, Kelakam, Kottiyoor, Muzhakkunnu, Payam, and Peravoor Panchayats in Thalassery Taluk.",211
KERALA,Wayanad,17,Mananthavady,ST,"Edavaka, Mananthavady, Panamaram, Thavinhal, Thirunelly, Thondernad and Vellamunda Panchayats in Mananthavady Taluk.",211
KERALA,Wayanad,18,Sulthanbathery,ST,"Ambalavayal, Meenangadi, Mullanko lly, Nenmeni, Noolpuzha, Poothadi, Pulpalli and Sult hanbathery Panchayats in Sultanbathery Taluk.",211
KERALA,Wayanad,19,Kalpetta,,"Kalpetta Municipality and Kani ambetta, Kottathara, Meppady, Muppainad, Muttil, Padinharetha ra, Pozhuthana, Thariyode, Vengappally and Vythiri Panchayats in Vythiri Taluk.",211
KERALA,Kozhikode,20,Vadakara,,"Vadakara Municipality and Azhi yur, Chorode, Eramala and Onchiam Panchayats in Vadakara Taluk.",211
KERALA,Kozhikode,21,Kuttiadi,,"Ayancheri, Kunnummal, Kuttiadi, Purameri, Thiruvallur, Velom, Maniyur and Villiappally Panchayats in Vadakara Taluk.",212
KERALA,Kozhikode,22,Nadapuram,,"Chekkiad, Edacheri, Kavilumpar a, Kayakkodi, Maruthonkara, Nadapuram, Narippatta, Thuneri, Valayam and Vanimel Panchayats in Vadakara Taluk.",212
KERALA,Kozhikode,23,Quilandy,,"Quilandy Municipality and Chemancheri, Chengottukavu, Moodadi, Payyoli and Thikkody Panchayats in Quilandy Taluk.",212
KERALA,Kozhikode,24,Perambra,,"Arikkulam, Chakkittapara, Changaroth, Cheruvannur, Keezhariyur, Koothali, Meppa yyur, Nochad, Perambra and Thurayur Panchayats in Quilandy Taluk.",212
KERALA,Kozhikode,25,Balusseri,SC,"Atholi, Balusseri, Kayanna, K oorachundu, Kottur, Naduvannur, Panangad, Ulliyeri and Unnikulam Panchayats in Quilandy Taluk.",212
KERALA,Kozhikode,26,Elathur,,"Chelannur, Elathur, Kakkodi, Kakku r, Kuruvattur, Nanmanda and Thalakkulathur Panchayats in Kozhikode Taluk.",212
KERALA,Kozhikode,27,Kozhikode North,,"Wards No.1 to 16, 39, 40, 42 to 51 of Kozhikode (M. Corporation) in Kozhikode Taluk.",212
KERALA,Kozhikode,28,Kozhikode South,,"Wards No. 17 to 38, 41 of Kozhikode (M. Corporation) ) in Kozhikode Taluk.",212
KERALA,Kozhikode,29,Beypore,,"Beypore, Cheruvannur-Nallalam, Feroke, Kadalundi and Ramanattukara Pachayats in Kozhikode Taluk.",212
KERALA,Kozhikode,30,Kunnamangalam,,"Chathamangalam, Kunnamangalam, Mavoor, Olavanna, Perumanna and Peruvayal Panchayats in Kozhikode Taluk.",212
KERALA,Kozhikode,31,Koduvally,,"Kizhakkoth, Koduvally, Madav oor, Narikkuni, Omassery and Thamarassery Panchayats in Kozhikode Taluk.",212
KERALA,Kozhikode,32,Thiruvambadi,,"Karassery, Kodencheri, Kodiyathur, Koodaranji, Mukkom, Puthuppadi and Thiruvambadi Panchayats in Kozhikode Taluk.",212
KERALA,Malappuram,33,Kondotty,,"Cheacode, Cherukavu, Kondotty, Pulikkal, Vazhakkad, Nediyiruppu, and Vazhayur Panchayats in Ernad Taluk.",212
KERALA,Malappuram,34,Ernad,,"Chaliyar Panchayat in Nilambur Taluk and Areacode, Edavanna, Kavanoor, Kizhuparamba, Urangattiri and Kuzhimanna, Panchayats in Ernad Taluk.",213
KERALA,Malappuram,35,Nilambur,,"Amarambalam, Chungathara, Edakka ra, Karulai, Moothedam, Nilambur, Pothukal and Vazhikka davu Panchayats in Nilambur Taluk.",213
KERALA,Malappuram,36,Wandoor,SC,"Chokkad, Kalikavu, Karuvarakundu, Mampad, Porur, Thiruvali, Thuvvur and Wandoor Panchayats in Nilambur Taluk.",213
KERALA,Malappuram,37,Manjeri,,Manjeri Municipality and P andikkad and Trikkalangode Panchayats in Ernad Taluk and Edappatta and Keezhattur Panchayats in Perinthalmanna Taluk.,213
KERALA,Malappuram,38,Perinthalmanna,,"Perinthalmanna Municipality and A liparamba, Elamkulam, Pulamanthole, Thazhekode, Ve ttathur and Melattur Panchayats in Perinthalmanna Taluk.",213
KERALA,Malappuram,39,Mankada,,"A ngadippuram, Koottilangadi, Kuruva, Makkaraparamba, Mankada, Moorkkanad and Puzha kkattiri Panchayats in Perinthalmanna Taluk.",213
KERALA,Malappuram,40,Malappuram,,"Malappuram Municipality and Mora yur, Pookkottur, Anakkayam and Pulpatta Panchayats in Ernad Taluk and Kodur Panchayat in Perinthalmanna Taluk.",213
KERALA,Malappuram,41,Vengara,,"A bdu Rahiman Nagar, Kannamangalam, Othukkungal, Parappur, Urakam and Vengara Panchayats in Tirurangadi Taluk.",213
KERALA,Malappuram,42,Vallikunnu,,"Chelembra, Moonniyur, Pallikkal, Peruvallur, Thenhippalam and Vallikkunnu Panchayats in Tirurangadi Taluk.",213
KERALA,Malappuram,43,Tirurangadi,,"Edarikode, Nannambra, Parappanangadi, Thennala and Tirurangadi Panchayats in Ti rurangadi Taluk and Perumanna Clari Panchayat in Tirur Taluk .",213
KERALA,Malappuram,44,Tanur,,"Cheriyamundam, Niramaruthur, Ozhur, Ponmundam, Thanalur and Tanur panchayats in Tirur Taluk.",213
KERALA,Malappuram,45,Tirur,,"Tirur Municipality and Athavanad, Kalpakancheri, Thalakkad, Thirunavaya, Valavannur and Vettom Panchayats in Tirur Taluk.",213
KERALA,Malappuram,46,Kottakkal,,"Edayoor, Irimbiliyam, Kottakka l, Kuttippuram, Marakkara, Ponmala and Valanchery Panchayats in Tirur Taluk.",214
KERALA,Malappuram,47,Thavanur,,"Edappal, Thavanur and Vattamkulam Panchayats in Ponnani Taluk and Purathur, Mangalam and Thriprangode Panchayats in Tirur Taluk.",214
KERALA,Malappuram,48,Ponnani,,"Ponnani Municipality and Alamc ode, Maranchery, Nannamukku, Perumpadappa and Veliyankode Panchayats in Ponnani Taluk.",214
KERALA,Palakkad,49,Thrithala,,"Anakkara, Chalissery, Kappur, N agalassery, Parudur, Pattithara, Thirumittacode and Thrithala Panchayats in Ottappalam Taluk.",214
KERALA,Palakkad,50,Pattambi,,"Koppam, Kulukkallur, Muthuthal a, Ongallur, Pattambi, Thiruvegapura, Vallapuzha and Vilayur Panchayats in Ottappalam Taluk.",214
KERALA,Palakkad,51,Shornur,,"Shornur Municipality and Ananganadi, Chalavara, Cherpulassery, Nellaya, Thri kkadeeri, Vaniyamkulam and Vellinezhi Panchayats in Ottappalam Taluk.",214
KERALA,Palakkad,52,Ottappalam,,"Ottappalam Municipality and Am balapara, Kadampazhipuram, Karimpuzha, Lakkidi-Perur, P ookkottukavu, Sreekrishnapuram and Thachanattukara Panchayats in Ottappalam Taluk.",214
KERALA,Palakkad,53,Kongad,SC,"Kanhirapuzha, Karakurissi, Thachampara and Karimba Panchayats in Mannarkkad Taluk; Keralassery, Kongad, Mankara, Mannur and Parali Panchayats in Palakkad Taluk.",214
KERALA,Palakkad,54,Mannarkkad,,"Agali, Alanallur, Kottoppadam, Kumaramputhur, Mannarkkad, Pudur and Sholayur Panchayat in Mannarkkad Taluk.",214
KERALA,Palakkad,55,Malampuzha,,"Akathethara, Elappully, Kodumba, Malampuzha, Marutharoad, Mundur, Pudussery and Puduppariyaram Panchayats in Palakkad Taluk.",214
KERALA,Palakkad,56,Palakkad,,Palakkad Municipality and Kannadi and Pirayiri Panchayats in Palakkad Taluk and Mathur Panchayat in Alathur Taluk.,214
KERALA,Palakkad,57,Tarur,SC,"Kannambra, Kavasseri, Kottayi, Kuthanur, Peringottukurissi, Puducode, Tarur and Vadakkenc hery Panchayats in Alathur Taluk.",214
KERALA,Palakkad,58,Chittur,,"Chittur-Thathamangalam Munici pality and Eruthempathy, Kozhinjampara, Nalleppilly , Pattanchery, Perumatty and Vadakarapathy Panchayats in Chittur Taluk; Peruvemba and Polpully Panchayats in Palakkad Taluk.",215
KERALA,Palakkad,59,Nemmara,,"Elavenchery, Koduvayur, Kollengode, Muthalamada, Nelliyampathy, Nemmara, Palla ssana, Ayiloor, Puthunagaram and Vadavannur Panchayat in Chittur Taluk.",215
KERALA,Palakkad,60,Alathur,,"Alathur, Erimayur, Kizhakkencher y, Kuzhalmannam, Melarcode, Thenkurissi and Vandazhi Panchayats in Alathur Taluk.",215
KERALA,Thrissur,61,Chelakkara,SC,"Chelakkara, Desamangalam, K ondazhy, Mullurkkara, Panjal, Pazhayannur, Thiruvilwamala, Vallatholenagar and Varavoor Panchayats in Thalappilly Taluk.",215
KERALA,Thrissur,62,Kunnamkulam,,"Kunnamkulam Municipality and Chowannur, Erumapetty, Kadangode, Kadavallur, Kattakam pal, Porkulam and Veloor Panchayats in Thalappilly Taluk.",215
KERALA,Thrissur,63,Guruvayoor,,"Chavakkad Municipality, Guruvayoor Municipality and Kadappuram, Orumanayur, Pookode, Punnayur, Punnayurkulam, Engandiyur and Vadakkekkad Panchayats in Chavakkad Taluk.",215
KERALA,Thrissur,64,Manalur,,"Arimpur and Manalur Panchayats in Thrissur Taluk; Choondal and Kandanassery Panchayats in Thalappilly Taluk; Elavally, Mullassery, Vadanappally, Pavaratty , Thaikkad and Venkitangu Panchayats in Chavakkad Taluk.",215
KERALA,Thrissur,65,Wadakkanchery,,"Adat, Avanoor, Kaiparambu, Ko lazhy, Mulamkunnathukavu and Tholur Panchayats in Thrissur Taluk and Mundathikode, Wadakkanchery and Thekkumkara Panchayats in Thalappilly Taluk.",215
KERALA,Thrissur,66,Ollur,,"Madakkathara, Nadathara, Pan anchery and Puthur Panchayats and Wards No.12, 13, 23 to 31, 40 to 42 of Thrissur (M. Corporation) in Thrissur Taluk.",215
KERALA,Thrissur,67,Thrissur,,"Wards No.1 to 11, 14 to 22, 32 to 39 & 43 to 50 of Thrissur (M. Corporation) in Thrissur Taluk.",215
KERALA,Thrissur,68,Nattika,SC,"Anthikkad, Avinissery, Chazhur, Cherpu, Paralam and Thannyam Panchayats in Thrissur Taluk; Nattika, Valappad and Thalikulam Panchayats in Chavakkad Taluk.",215
KERALA,Thrissur,69,Kaipamangalam,,"Edavilangu, Edathiruthy, Eriyad, Kaipamangalam, Mathilakam, Perinjanam and Sreenarayanapuram Pa nchayats in Kodungallor Taluk.",216
KERALA,Thrissur,70,Irinjalakuda,,"Irinjalakuda Municipality and Aloor, Karalam, Kattur, Muriyad, Padiyur, Poomangalam, Porathissery and Velookkara Panchayats in Mukundapuram Taluk.",216
KERALA,Thrissur,71,Pudukkad,,"Alagappanagar, Mattathur, N enmanikkara, Parappukkara, Pudukkad, Varandarappilly and Trikkur Panchayats in Mukundapuram Taluk and Vallachira Panchayat in Thrissur Taluk.",216
KERALA,Thrissur,72,Chalakudy,,"Chalakkudy Municipality and Athi rappilly, Kadukutty, Kodakara, Kodassery, Koratty, Melur and Pariyaram Panchayats in Mukundapuram Taluk.",216
KERALA,Thrissur,73,Kodungallur,,"Kodungallur Municipality and Methala and Poyya Panchayats in Kodungaloor Taluk and Annamanada, Kuzhur, Mala, Puthenchira and Vellangallur Panchayats in Mukundapuram Taluk.",216
KERALA,Ernakulam,74,Perumbavoor,,"Perumbavoor Municipality and Asamannoor, Koovappady, Mudakkuzha, Okkal, Rayam angalam, Vengola and Vengoor Panchayats in Kunnathunad Taluk.",216
KERALA,Ernakulam,75,Angamaly,,"Angamaly Municipality and Ayya mpuzha, Kalady, Karukutty, Malayattoor-Neeleswaram, Manjapra, Mookkannoor, Parakkadavu and Thuravoor Panchayats in Aluva Taluk.",216
KERALA,Ernakulam,76,Aluva,,"A luva Municipality and Chengamanad, Choornikkara, Edathala, Kanjoor, Keezhmad, Nedumbasse ry and Sreemolnagaram Panchayats in Aluva Taluk.",216
KERALA,Ernakulam,77,Kalamassery,,"Kalamassery Municipality in Kanayannur Taluk and Alangad, Eloor, Kadungalloor, Kunnukara, and Karumalloor Panchayats in Paravoor Taluk.",216
KERALA,Ernakulam,78,Paravur,,"North Paravur Municipality and Chendamangalam, Chittattukara, Ezhikkara, Kottuvally, Put henvelikkara, Varappuzha and Vadakkekara Panchayats in Paravoor Taluk.",216
KERALA,Ernakulam,79,Vypeen,,"Kadamakudy and Mulavukad Panc hayats in Kanayannur Taluk and Edavanakkad, Elamkunnapuzha, Kuzhuppilly, Nayarambalam, Njarakkal and Pallippuram Panchayats in Kochi Taluk.",217
KERALA,Ernakulam,80,Kochi,,Kumbalangi and Chellanam panchay ats and Wards No.1 to 10 and 19 to 25 of Kochi (M.Corporation) in Kochi Taluk.,217
KERALA,Ernakulam,81,Thripunithura,,"Thripunithura Municipality and Kumbalam, Maradu and Udayamperoor Panchayats in Kanayannur Taluk and Wards No.11 to 18 of Kochi (M. Corporation) in Kochi Taluk.",217
KERALA,Ernakulam,82,Ernakulam,,"Ward No.26 of Kochi (M. Cor poration) in Kochi Taluk; Cheranalloor Panchayat in Kanaynnur Taluk and Wards No.27 to 30, 32, 35 & 52 to 66 of Kochi (M. Corporation) in Kanaynnur Taluk.",217
KERALA,Ernakulam,83,Thrikkakara,,"Wards No.31, 33, 34 & 36 to 51 of Kochi (M. Corporation) and Thrikkakara Panchayat in Kanayannur Taluk.",217
KERALA,Ernakulam,84,Kunnathunad,SC,"Aikaranad, Kizhakkambalam, Kunnathunad, Mazhuvannoor, Poothrikka, Thiruvaniyoor , Vadavucode-Puthencruz and Vazhakulam Panchayats in Kunnathunad Taluk.",217
KERALA,Ernakulam,85,Piravom,,"Amballoor, Edakkattuvayal, Chottanikkara, Mulanthuruthy and Thiruvankulam Panchayat in Kanayannur Taluk and Elanji, Koothattukulam, Maneed, Pampakuda, Piravom, Ramamangalam and Thirumarady Panchayats in Muvattupuzha Taluk.",217
KERALA,Ernakulam,86,Muvattupuzha,,"Muvattupuzha Municipality and Arakuzha, Avoly, Ayavana, Kalloorkad, Manjalloor, Mara dy, Paipra, Palakkuzha and Valakom Panchayats in Muvattupuzha Taluk and Paingottoor and Pothanicad Panchayats in Kothamangalam Taluk",217
KERALA,Ernakulam,87,Kothamangalam,,"Kothamangalam Municipality and Kavalangad, Keerampara, Kottappady, Kuttampuzha, Nellikkuzhi, Pallarimangalam, Pindimana and Varappetty Panchay ats in Kothamangalam Taluk.",217
KERALA,Idukki,88,Devikulam,SC,"Adimali, Kanthalloor, Mankulam , Marayoor, Munnar, Pallivasal, Vattavada and Vellathooval Panchayats in Devikulam taluk and Bisonvalley and Chinnakanal Panchayat in Udumbanchola Taluk.",217
KERALA,Idukki,89,Udumbanchola,,"Erattayar, Karunapuram, Nedumkandam, Pampadumpara, Rajakkad, Rajakumari, Santhanpara, Senapathy, Udumbanchola and Vandanmedu Panchayats in Udumbanchola Taluk.",218
KERALA,Idukki,90,Thodupuzha,,"Thodupuzha Municipality and Alacode, Edavetty, Karimannoor, Karimkunnam, Kodikulam, Kumaramangalam, Manakkad, Muttom, Purapuzha, Udumbannoor, Vannapuram and Velliyamattom Panchayats in Thodupuzha Taluk.",218
KERALA,Idukki,91,Idukki,,"Arakkulam, Idukki-Kanjikuzhi , Kudayathoor and Vazhathope Panchayats in Thodupuzha Taluk and Kamakshy, Kanchiyar, Kattappana, Konnathady, Mariapuram and Vathikudy Panchayats in Udumbanchola Taluk.",218
KERALA,Idukki,92,Peerumade,,"Ayyappancoil and Chakkupallam Panchayats in Udumbanchola Taluk and Elappara, Kokkaya r, Kumily, Peerumade, Peruvanthanam, Upputhara and V andiperiyar Panchayats in Peerumade Taluk.",218
KERALA,Kottayam,93,Pala,,"Pala Municipality and Bharananganam, Kadanad, Karoor, Kozhuvanal, Meenachil, Melukavu, Moonnilavu, Mutholy, Ramapuram, Thalanad and Thalappalam Panchayats in Meenachil Taluk and Elikkulam Panchayat in Kanjirappally Taluk.",218
KERALA,Kottayam,94,Kaduthuruthy,,"Kadaplamattom, Kanakkari, Kidangoor, Kuravilangad, Marangattupilly, Uzhavoor and Veliyannoor Panchayats in Meenachil Taluk and Kaduthuruthy , Manjoor, Mulakulam and Neezhoor Panchayats in Vaikom Taluk.",218
KERALA,Kottayam,95,Vaikom,SC,"Vaikom Municipality and Chempu, Kallara, Maravanthuruthu, T.V. Puram, Thalayazham, Thalayolaparambu, Udayanapuram, Vechoor and Velloor Panchayats in Vaikom Taluk.",218
KERALA,Kottayam,96,Ettumanoor,,"Aymanam, Arpookara, Athirampuzha, Ettumanoor, Kumarakom, Neendoor and Thiruvarppu Panchayats in Kottayam Taluk.",218
KERALA,Kottayam,97,Kottayam,,"Kottayam Municipality and Kumaranalloor, Nattakom, Panachikkad and Vijayapuram Panchayats in Kottayam Taluk.",218
KERALA,Kottayam,98,Puthuppally,,"Akalakunnam, Ayarkunnam, Koor oppada, Manarcad, Meenadom, Pampady and Puthuppally Panchayats in Kottayam Taluk and Vakathanam Panchayat in Changanassery Taluk.",219
KERALA,Kottayam,99,Changanassery,,"Changanassery Municipality and Ku richy, Madappally, Paippad, Thrikkodithanam and Vazhappally Panchayats in Changanassery Taluk.",219
KERALA,Kottayam,100,Kanjirappally,,"Chirakkadavu, Kanjirappally and Manimala Panchayats in Kanjirappilly taluk and Kangazha, Karukachal, Nedumkunnam, Vazhoor and Vellavoor Panchay ats in Changanassery Taluk and Pallikkathode Panchayat in Kottayam Taluk.",219
KERALA,Kottayam,101,Poonjar,,"Erumeli, Koottickal, Mundakay am, Parathode Panchayats in Kanjirappally Taluk and Erattupetta, Poonjar, Poonjar Thekkekara, Teekoy and Thidanad Panchayats in Meenachil Taluk.",219
KERALA,Alappuzha,102,Aroor,,"Arookutty, Aroor, Chennam-Pallippuram, Ezhupunna, Kodamthuruth, Kuthiathode, Panavally, Perumbalam, Thycattussery and Thuravoor Panchayat in Cherthala Taluk.",219
KERALA,Alappuzha,103,Cherthala,,"Cherthala Municipality and Cher thala South, Kadakkarappally, Kanjikkuzhi, Muhamma, Pattanakkad, Thanneermukkam and Vayalar Panchayats in Cherthala Taluk.",219
KERALA,Alappuzha,104,Alappuzha,,"Alappuzha Municipality and Wards no. 1-19 & 45-50 and Aryad, Mannanchery and Mararikkulam South Panchayats in Ambalappuzha Taluk and Mararikkulam North Panchayat in Cherthala Taluk.",219
KERALA,Alappuzha,105,Ambalappuzha,,"Alappuzha Municipality Wards no. 20 to 44 and Ambalappuzha North, Ambalappuzha South, Pu nnapra North, Punnapra South and Purakkad Panchayats in Ambalappuzha Taluk.",219
KERALA,Alappuzha,106,Kuttanad,,"Champakkulam, Edathua, Kainak ary, Kavalam, Muttar, Nedumudi, Neelamperoor, Pulinkunnu, Ramankary, Thakazhy, Thalavady and Veliyanad Panchayats in Kuttanad Taluk and Veeyapuram Panchayat in Karthikappally Taluk.",219
KERALA,Alappuzha,107,Haripad,,"Arattupuzha, Cheppad, Cherut hana, Chingoli, Haripad, Karthikappally, Karuvatta, Kuma rapuram, Muthukulam, Pallippad and Thrikkunnapuzha Panchayats in Karthikappally Taluk.",220
KERALA,Alappuzha,108,Kayamkulam,,"Kayamkulam Municipality and Devikulangara, Kandalloor, Krishnapuram, Pathiyoor Panchayat in Karthikappally Taluk and Bharanikkavu and Chettikulangara Panchayats in Mavelikkara Taluk.",220
KERALA,Alappuzha,109,Mavelikkara,SC,"Mavelikkara Municipality and Chunakkara, Mavelikkara- Thekkekara, Mavelikkara-Thamara kkulam, Nooranad, Palamel, Thazhakara, Vallikunnam Panchayats in Mavelikkara Taluk.",220
KERALA,Alappuzha,110,Chengannur,,"Chengannur Municipality and Ala, Budhanoor, Cheriyanad, Mannar, Mulakuzha, Pandanad, Puliyoor, Thiruvanvandoor, Venmony Panchayats in C hengannur Taluk and Chennithala- Thriperumthura Panchayats in Mavelikkara Taluk.",220
KERALA,Pathanamthitta,111,Thiruvalla,,"Thiruvalla Municipality and Kadapra, Kaviyoor, Kuttoor, Nedumpram, Niranam, Peringara, Panchayats in Thiruvalla Taluk and Anicadu, Kallooppara, Mallappally, Puramattom and Kunnamthanam Panchayats in Mallappally Taluk.",220
KERALA,Pathanamthitta,112,Ranni,,"Ezhumattoor, Kottanad and Kottangal Panchayats in Mallappally Taluk and Ayiroor, Naranammoozhi, Ranni-Angadi, Ranni-Pazhavangadi, Ranni-Perunad, Cherukole, Ranni, Vadasserikkara and Vechoochira Panchayats in Ranni Taluk.",220
KERALA,Pathanamthitta,113,Aranmula,,"Pathanamthitta Municipality and Aranmula, Chenneerkara, Elanthoor, Kozhenchery, Kulanada, Mallapuzhassery, Mezhuveli, Naranganam and Omalloor Panc hayats in Kozhenchery Taluk and Eraviperoor, Koipram, Thottapuzhassery Panchayats in Thiruvalla Taluk.",220
KERALA,Pathanamthitta,114,Konni,,"Aruvappulam, Konni, Malayalapuz ha, Pramadom, Mylapra, Vallicode and Thannithode Panchayat in Kozhenchery Taluk and Enadimangalam and Kalanjoor Panchayats in Adoor Taluk and Chittar and Seethathodu Panchayats in Ranni Taluk.",220
KERALA,Pathanamthitta,115,Adoor,SC,"Adoor Municipality and Pandal am, Thumpamon, Pandalam Thekkekara, Kodumon, Ezhamku lam, Erathu, Pallickal, Kadampanadu Panchayats in Adoor Taluk.",220
KERALA,Kollam,116,Karunagappally,,"Alappad, Clappana, Kulasekharapuram, Oachira, Thazhava, Thodiyoor and Karunagappally Panchayats in Karunagappally Taluk.",221
KERALA,Kollam,117,Chavara,,"Wards No.1 to 5 & 49, 50 of Ko llam (M. Corporation) in Kollam Taluk and Chavara, Neendakara, Panmana, Thekkumbhagom and Thevalakkara Panchayats in Karunagappally Taluk.",221
KERALA,Kollam,118,Kunnathur,SC,"East Kallada and Mundr othuruth Panchayats in Kollam Taluk and Kunnathur, Mynagappally, Poruvazhy, Sasthamcotta, Sooranad North, Sooranad South and West Kallada Panchayats in Kunnathoor Taluk and Pavithreswaram Panchayats in Kottarakkara Taluk.",221
KERALA,Kollam,119,Kottarakkara,,"Ezhukone, Kareepra, Kottarakkara, Kulakkada, Mylom, Neduvathur, Ummannoor and Veliyam Panchayats in Kottarakkara Taluk.",221
KERALA,Kollam,120,Pathanapuram,,"Melila and Vettikkavala Panchayats in Kottarakkara Taluk and Pathanapuram, Pattazhy, Pattazhy Vadakkekara, Piravanthoor, Thalavoor and Vilakkudy Panchayats in Pathanapuram Taluk.",221
KERALA,Kollam,121,Punalur,,"Punalur Municipality and Anchal , Ariyankavu, Edamulakkal, Eroor, Karavaloor, Kulathupuzha and Thenmala Panchayats in Pathanapuram Taluk.",221
KERALA,Kollam,122,Chadayamangalam,,"Alayamon Panchayat in Pathanapuram Taluk and Chadayamangalam, Chithara, Elam ad, Ittiva, Kadakkal, Nilamel and Velinalloor Panchayats in Kottarakkara Taluk.",221
KERALA,Kollam,123,Kundara,,"Elampalloor, Kottamkara, Kundara, Nedumpana, Perayam Perinad and Thrikkovilvattom Panchayats in Kollam Taluk.",221
KERALA,Kollam,124,Kollam,,"Panayam Thrikkadavoor and Thrikkaruva Panchayats and Ward No.6 to 13, 16 to 19 and 42 to 48 of Kollam (M. Corporation) in Kollam Taluk.",221
KERALA,Kollam,125,Eravipuram,,"Wards No.14, 15 and 20 to 41 of Kollam (M. Corporation) and Mayyanad Panchayat in Kollam Taluk.",221
KERALA,Kollam,126,Chathannoor,,"Paravoor Municipality and Adichanalloor, Chathannoo r , Kalluvathukkal and Poothakkulam Panchayats in Kollam Taluk and Pooyappally Panchayat in Kottarakkara Taluk.",221
KERALA,Thiruvananthapuram,127,Varkala,,"Varkala Municipality and Che mmaruthy, Edava, Elakamon, Madavoor, Navaikulam, Pallickal and Vettoor Panchayats in Chirayinkeezh Taluk.",222
KERALA,Thiruvananthapuram,128,Attingal,SC,"Attingal Municipality and Cherunni yoor, Karavaram, Kilimanoor, Manamboor, Nagaroor, Ottoor, Pa zhayakunnummel, Pulimath and Vakkom Panchayats in Chirayinkeezh Taluk.",222
KERALA,Thiruvananthapuram,129,Chirayinkeezhu,SC,"Anjuthengu, Azhoor, Chirayinkeez hu, Kadakkavoor, Kizhuvilam and Mudakkal Panchayats in Chirayinkeezh Taluk and Kadinamkulam and Mangal apuram Panchayats in Thiruvananthapuram Taluk.",222
KERALA,Thiruvananthapuram,130,Nedumangad,,"Nedumangad Municipality and Manikkal, Karakulam Panchayats in Nedumangad Taluk and Andoorkonam, Pothencode and Vembayam Panchayats in Thiruvananthapuram Taluk",222
KERALA,Thiruvananthapuram,131,Vamanapuram,,"Nellanad, Pullampara, Va manapuram, Anad, Kallara, Nanniyode, Panavoor, Pangode and Peringamala Panchayats in Nedumangad Taluk.",222
KERALA,Thiruvananthapuram,132,Kazhakoottam,,"Kazhakoottam and Sreekaryam Panchayats and Wards No. 1 to 12, 14, 76, 79 & 81 of Tvpm (M. Corporation) in Thiruvananthapuram Taluk.",222
KERALA,Thiruvananthapuram,133,Vattiyoorkavu,,"Wards No. 13, 15 to 25 & 31 to 36 of Tvpm (M. Corporation) & Kudappanakunnu and Vattiyoorkavu Panchayats in Thiruvananthapuram Taluk.",222
KERALA,Thiruvananthapuram,134,Thiruvananthapuram,,"Wards No.26 to 30, 40 to 47, 59, 60, 69 to 75, 77, 78 & 80 of Tvpm (M.Corporation) in Thiruvananthapuram Taluk.",222
KERALA,Thiruvananthapuram,135,Nemom,,"Wards No.37 to 39, 48 to 58 & 61 to 68 Tvpm (M. Corporation) in Thiruvananthapuram Taluk.",222
KERALA,Thiruvananthapuram,136,Aruvikkara,,"Aruvikkara, Aryanad, Tholicode, Vithura, Kuttichal, Poovachal, Vellanad and Uzhamalackal Panchayats in Nedumangad Taluk.",222
KERALA,Thiruvananthapuram,137,Parassala,,"Amboori, Aryancode, Kallikkad, Kollayil, Kunnathukal, Ottasekharamangalam, Parassala, Perumkadavila and Vellarada Panchayats in Neyyattinkara Taluk.",222
KERALA,Thiruvananthapuram,138,Kattakkada,,"Kattakkada, Malayinkeezhu, Mar analloor, Pallichal, Vilappil and Vilavoorkal Panchayats in Neyyattinkara Taluk.",223
KERALA,Thiruvananthapuram,139,Kovalam,,"Kalliyoor and Venganoor Panchayats in Thiruvananthapuram Taluk and Balaramapuram, Kanj iramkulam, Karumkulam, Kottukal, Poovar and Vizhinja m Panchayats in Neyyattinkara Taluk.",223
KERALA,Thiruvananthapuram,140,Neyyattinkara,,"Neyyattinkara Municipality and Athiyannur, Chenkal, Karode, Kulathoor, Thirupuram Panchayats in Neyyattinkara Taluk.",223
MADHYA PRADESH,SHEOPUR,1,Sheopur,,Sheopur Tehsil.,227
MADHYA PRADESH,SHEOPUR,2,Vijaypur,,1). Vijaypur Tehsil and 2). Karahal Tehsil.,227
MADHYA PRADESH,MORENA,3,Sabalgarh,,1). Sabalgarh Tehsil and 2). Sujarma R. I Circle of Kailaras Tehsil.,227
MADHYA PRADESH,MORENA,4,Joura,,"1).Bharra R. I. Circle of Joura Tehsil, 2). 23. Arua, 29. Chhadeh, 30. Narhera, 44. Alapur, 24/01. Ma i and 24/02. Joura Patwari Circles of Joura - R.I. Circle of Joura Tehs il 3). Pargardh-R.I. Circle 4). Joura (NP+OG)-NPT. 5). Kaila ras R.I. Circle of Kailaras Tehsil and 6). Kailaras (NP)-NPT.",227
MADHYA PRADESH,MORENA,5,Sumawali,,"1). Sumawali and Bagchini R.I Circles of Joura Tehsil 2). 42. Thara, 43. Dhamkan, 45. Bllgaonchodhari, 46. Mundrabaja, 47. C hachiha and 48. Chhera Pa twari Circles of Joura-R.I. Circle of Joura Tehsil, 3). Mungawali R. I. Circle and Morena R. I. Circle (Excluding 25-Si karpur-PC) of Morena Tehsil.",227
MADHYA PRADESH,MORENA,6,Morena,,"1). Rithorakala and Noorabad R. I. Circles of Morena Tehsil, 2). Bamor (NP)-NPT 3). 25.Sikarpur Patwari Circle of Morena-R.I. Circle and 4). 26. Jagatpur Patwari Circl e of Jigni-R.I. Circle of Morena Tehsil and 5). Morena (M)-MUN.",227
MADHYA PRADESH,MORENA,7,Dimani,,"1). Jigani (excluding 26-Jagatpur PC ) and Badhokhar R.I. Circles of Morena Tehsil, 2). Dimani and Sihonia R. I. Circles of Ambah Tehsil, 3). 11. Bareh, 27. R oophati, 28. Navli, 29. Thara, 30. Jal Ka Nagara, 31. Palna, 32. Kukthari, 33. Kirraich, 34. Taraini and 35. Dhansula Patwari Circles of Am bah-R.I. Circle of Ambah Tehsil.",227
MADHYA PRADESH,MORENA,8,Ambah,SC,"1). Porsa Tehsil 2). 7. Rithona, 8. Ambah, 9. Badphara and 10. Dohara Patwari Circles of Ambah-R.I. Circle of Ambah Tehsil and 3. Ambah (M)-MUN",227
MADHYA PRADESH,BHIND,9,Ater,,"1). Ater Tehsil, 2).Pipri and Phoop R.I. Circles of Bhind Tehsil, and 3). Phuphkalan (NP)-NPT.",228
MADHYA PRADESH,BHIND,10,Bhind,,"1). Umari and Bhind - R. I. Circles of Bhind Tehsil, 2). Akoda (NP)-NPT and 3). Bhind (M)-MUN",228
MADHYA PRADESH,BHIND,11,Lahar,,"1. Mihona Tehsil 2. Lahar Tehsil and 3. 12.Jagannathpura, 13.Birkhadi, 14.Nodha, 15.Pachokhara, 16.Basant pura, 17.Muratpura, 18.Rampura and 19.Bonapura-Patwari Circles of Ron-R.I. Circle of Ron Tehsil",228
MADHYA PRADESH,BHIND,12,Mehgaon,,"1.Mehgaon Tehsil 2. 1.Bahadurpura, 2.Rarua No.1, 3.Mehnda, 4.Rewja, 5.Niwsai, 6.Pura Bhim Nagar, 7.Mangarh, 8.Gourai, 9.Indurkhi-PC, 10. Mehdwa and 11.R on Patwari Circles of Ron-R.I. Circle of Ron Tehsil.",228
MADHYA PRADESH,BHIND,13,Gohad,SC,Gohad Tehsil.,228
MADHYA PRADESH,GWALIOR,14,Gwalior Rural,,"1). Lashkar, Rayaru, Murar, Guthina Urar, Behat and Supawali R. I. Circles and 2). Morar Cantt. (CB) of Gwalior Tehsil.",228
MADHYA PRADESH,GWALIOR,15,Gwalior,,Ward Nos.1 to 18 and 30 to 33 of Gwalior (M Corp.) of Gwalior Tehsil.,228
MADHYA PRADESH,GWALIOR,16,Gwalior East,,Ward Nos.19 to 29 and 37 to 41 of Gwalior (M Corp.) of Gwalior Tehsil.,228
MADHYA PRADESH,GWALIOR,17,Gwalior South,,Ward Nos.34 to 36 and 42 to 60 of Gwalior (M Corp.) of Gwalior Tehsil.,228
MADHYA PRADESH,GWALIOR,18,Bhitarwar,,1). Bhitarwar Tehsil and 2). G hatigaon and Ghatigaon Mohna R.I. Circles of Gwalior Tehsil.,228
MADHYA PRADESH,GWALIOR,19,Dabra,SC,Dabra Tehsil.,228
MADHYA PRADESH,DATIA,20,Sewda,,Sewda Tehsil.,228
MADHYA PRADESH,DATIA,21,Bhander,SC,"1. Bhander Tehsil, 2. Imaliya R. I. Circle of Datia Tehsil 3. 32.Sindhwari, 33.Sema i, 34.Akola, 35.Chiroli, 36.Bithora, 37.Ikara, 38.Dhawari, 39.Pathara and 40.Badhew ara Patwari Circles of Datia- R.I.Circle of Datia Tehsil 4. 61.Targuan, 62.Unnao, 63.Gujarra, 64.Parasari, 65.Sersa and 66.Gharaw a Patwari Circles of Unao-R.I. Circle of Datia Tehsil.",229
MADHYA PRADESH,DATIA,22,Datia,,"1. 21.Sirole, 23.Ramnagar, 24.Du rgapur, 25.Gandhari, 26.Laraita, 27.Hamirpur, 28.Rajapur, 29.Nirawal , 30.Reara and 31.Kumheri Patwari Circles of Datia-R.I.Cir cle of Datia Tehsil, 2. Bargaon R. I. Circle and Udganwa R.I.Circle of Datia Te hsil, 3. 67. Chirula, 68. Kamrari, 69. Joharya, 70. Hatlav, 71. Bardhuan, 74.Nayakheda, 75.Urdana, 76. Mudrra, 77.Makrar i, 78. Satlon, 79.Lakhanpur and 80.Basai Patwari Circles of Unao-R .I. Circle of Datia Tehsil and 5. Datia (M)-MUC.",229
MADHYA PRADESH,SHIVPURI,23,Karera,SC,"1). Karera Tehsil, 2). Dihayala R. I. Circle of Narwar Tehsil, 3) 5. Mangroni, 6. Kairua, 7. Dhigwas, 8. Thathi, 9. Jaitpur, 13. Karahi, 14. Chitri,15. Bahagaw a, 16. Sihore, 17. Kalipahadi, 18. Kankar, 19. Phulpur and 20. Hat eda Patwari Circles of Narwar R.I.Circle of Narwar Tehsil and 4). Narwar (NP)-NPT.",229
MADHYA PRADESH,SHIVPURI,24,Pohari,,"1). Pohari Tehsil, 2). Subhashpura R. I. Cir cle of Shivpuri Tehsil, 3). 1. Nijampur, 2. Sikandrpur, 3. Chakar ampur, 10. Tharkeda, 11. Sonher and 12. Narua Patwari Circles of Na rwar R.I.Circle of Narwar Tehsil.",229
MADHYA PRADESH,SHIVPURI,25,Shivpuri,,"1). Khod R. I. Circle of Pichhore Tehsil, 2). Shivpuri R. I. Circle of Shivpuri Tehsil and 3). Shivpuri (M)-MUN.",229
MADHYA PRADESH,SHIVPURI,26,Pichhore,,"1). Khaniyadhana Tehsil, 2). Manpur a and Pichhore R. I. Circles of Pichhore Tehsil and 3). Pichhore (NP)-NPT.",229
MADHYA PRADESH,SHIVPURI,27,Kolaras,,Kolaras Tehsil.,229
MADHYA PRADESH,GUNA,28,Bamori,,"Bamori, Umari and Myana R. I. Circles of Guna Tehsil.",229
MADHYA PRADESH,GUNA,29,Guna,SC,"1). Guna R. I Circle of Guna Tehsil, 2). Guna (M) -MUN, 3). 1.Sagabarkheda, 2.Khaj uri, 3.Nathai, 4.Dehr ikhurd, 5.Khamkheda and 21.Amoda Patwari Circles of Ar on-R.I. Circle of Aron Tehsil.",229
MADHYA PRADESH,GUNA,30,Chachoura,,"1). Kumbhraj Tehsil, 2). Chachoura Tehsil, 3). 22. Jangru, 23. Mohamadpur, 24. Kajaliya, 25. Madusudan garh, 26. Garkheda, 27. Barod, 28. Diroli, 29. Shahpur, 30. Nasirpur, 31. Nagankhedi, 32. Durgapur and 33. Khairkheda Patw ari Circles of Maksudan Garh-R.I. Circle of Raghogarh Tehsil",230
MADHYA PRADESH,GUNA,31,Raghogarh,,"1). Raghogarh R. I. Circle of Raghogar h Tehsil, 2). Raghogarh-Vijaypur (M) MUN, 3). 16. Laxmanpura, 17. Todra, 18. Jamner, 19. Athaikheda, 20. Dongermotipur and 21. Beharwas Patwari Circles of Maksudan Garh-R.I. Circle of Raghogarh Tehsil, 4). Panwadi Hat R. I. Circle of Aron T ehsil, 5). 6.Mudra K hurd, 16.Mudramata, 17.Pahrua, 18.Rampur, 19. Rijoda, 20.Aron, 22.Jhaj hon, 23. Kakarua and 24.Sehrog Patwari Circles of Aron-R.I. Circle of Aron Tehsil and 6). Aron (NP)-NPT.",230
MADHYA PRADESH,ASHOK NAGAR,32,Ashok Nagar,SC,Ashok Nagar Tehsil.,230
MADHYA PRADESH,ASHOK NAGAR,33,Chanderi,,"1). Isagarh Tehsil, 2). Chanderi R. I. Circle of Chanderi Tehsil and 3). Chanderi (M)-MUN.",230
MADHYA PRADESH,ASHOK NAGAR,34,Mungaoli,,1). Mungaoli Tehsil and 2). Thoobon R. I. Circle of Chanderi Tehsil.,230
MADHYA PRADESH,SAGAR,35,Bina,SC,1). Bina Tehsil and 2). Khimlasa R. I. Circle of Khurai Tehsil.,230
MADHYA PRADESH,SAGAR,36,Khurai,,"1). Khurai, Barodiya Kalan and Bandri R.I. Circles of Khurai Tehsil and 2). Khurai (M+OG)-MUN.",230
MADHYA PRADESH,SAGAR,37,Surkhi,,1). Rahatgarh Tehsil and 2). Surkhi and Jaisinagar R. I. Circles of Sagar Tehsil.,230
MADHYA PRADESH,SAGAR,38,Deori,,1). Keshli Tehsil and 2). Deori Tehsil.,230
MADHYA PRADESH,SAGAR,39,Rehli,,"1). Garhakota Tehsil, 2). Reh li Tehsil, 3). 19.Dhura, 21.Ragoli, 22.Girwar, 23.Bhenwahi, 24.Khader abhan, 25.Hilgan, 26.Dhana and 28.Rewnjha Patwari Circles of Parsor iya-R.I. Circle of Sagar Tehsil and 4). Shahpur (NP)-NPT.",230
MADHYA PRADESH,SAGAR,40,Naryoli,SC,"1). Sagar -1, Sagar-2 and Naryoli R. I. Circles of Sagar Tehsil, 2). Sagar Cantt (CB)-CNB, 3). 2.Ba rchha, 3.Karrapur, 4.Simariya, 5.Sanodha, 6.Dungasara, 7.Bamhoridudar, 8.Ker bana, 12.Pipariya Karkat, 13.Sainkheda, 15.Pamakhedi, 16.Bhonhari, 17.Parsoriya and 18.Padariya Patwari Circles of Pars oriya-R.I. Circle of Sagar Tehsil.",231
MADHYA PRADESH,SAGAR,41,Sagar,,1).Sagar (M Corp+Gaurnagar OG) of Sagar Tehsil,231
MADHYA PRADESH,SAGAR,42,Banda,,Banda Tehsil,231
MADHYA PRADESH,TIKAMGARH,43,Tikamgarh,,Tikamgarh Tehsil.,231
MADHYA PRADESH,TIKAMGARH,44,Jatara,SC,"1). 0-R.I.Circle, Lidhora, Jatara R. I. Circles of Jatara Tehsil, 2). Jatara (NP)-NPT, 3). Lidhorakhas (NP)-NPT and 4). Syawani and Barana R.I. Circles of Palera Tehsil.",231
MADHYA PRADESH,TIKAMGARH,45,Prithvipur,,"1). Prathvipur and Simra R. I. Cir cles of Prithvipur Tehsil, 2). Prithvipur (NP) - NPT, 3). Jeron Khalsa (NP) - NPT and 4). Mohangarh and Digora R.I. Circles of Jatara Tehsil.",231
MADHYA PRADESH,TIKAMGARH,46,Niwari,,1). Niwari Tehsil and 2). Negwan R. I. Circle of Prithvipur Tehsil.,231
MADHYA PRADESH,TIKAMGARH,47,Khargapur,,"1). Baldeogarh Tehsil, 2). Palera R. I. Circle of Palera Tehsil and 3). Palera (NP)-NPT.",231
MADHYA PRADESH,CHHATARPUR,48,Maharajpur,,Nowgaon Tehsil.,231
MADHYA PRADESH,CHHATARPUR,49,Chandla,SC,"1). Gaurihar Tehsil, 2). Bachhon and Chandla R.I. Circles of Laundi Tehsil and 3). Chandla (NP)-NPT.",231
MADHYA PRADESH,CHHATARPUR,50,Rajnagar,,"1). Laundi R.I. Circle of Laundi Tehsil, 2). Laundi (NP)-NPT, 3). Lalpur, Rajnagar and Chandranagar R.I. Cir cles of Rajnagar-Tehsil, 4). 34.Imaliya, 35.Para, 36.Tiloha an, 37.Karri, 38.M annpura, 39.Pahra, 40.Basari and 41.Ganj Patwari Cir cles of Basari-R.I. Circle of Rajnagar Tehsil, 5). Rajnagar (NP )-NPT and 6). Khajuraho (NP)-NPT.",231
MADHYA PRADESH,CHHATARPUR,51,Chhatarpur,,"1). Maheba, Chhatarpur and Chhatarpur-A - R.I. Circles of Chhatarpur Tehsil and 2). Chhatarpur (M+OG)-MUN.",231
MADHYA PRADESH,CHHATARPUR,52,Bijawar,,"1). Ishanagar R. I. Circle of Chhatarpur Tehsil, 2). Bijawar and Devra R. I. Circles of Bijawar Tehsil, 3). Satai (N P) - NPT, 4). Bijawar (NP)-NPT, 5). 42.Kutiya, 43.Saandni, 44.Jwana, 45.Bhaira, 46.Didoniya, 47.Salaiya, 48.Jhamtuli, 49.Purwa and 50.Kheri Patwar i Circles of Basari-R.I. Circle of Rajnagar-Tehsil.",232
MADHYA PRADESH,CHHATARPUR,53,Malhara,,"1). Bada-Malhara Tehsil, 2). Bakswaha R. I. Circle of Bijawar Tehsil and 3). Bakswaha (NP)-NPT.",232
MADHYA PRADESH,DAMOH,54,Pathariya,,1). Batiyagarh Tehsil and 2). Pathariya Tehsil.,232
MADHYA PRADESH,DAMOH,55,Damoh,,"1). Damoh-1, Damoh-2 and Abhana R. I. Circles of Damoh Tehsil, 2). 32.Anoo, 36.Pipariya (Bandakpur), 37.Balarpur, 38.Halgaj and 39.Bandakpur Patwari Circl es of Hindoriya-R.I. Circle of Damoh Tehsil and 3). Damoh (M)-MUN.",232
MADHYA PRADESH,DAMOH,56,Jabera,,1). Jabera Tehsil and 2). Tendukheda Tehsil.,232
MADHYA PRADESH,DAMOH,57,Hatta,SC,"1). Hatta Tehsil, 2). Patera T ehsil 3). 28.Ankh Kheda, 29.Bilai, 30.Kherua, 31.Kadipur, 33.Gunji and 35 .Ghatpipariya Patwari Circles of Hindoriya-R.I. Circle of Damoh Tehsil and 4).Hindoria (NP)-NPT.",232
MADHYA PRADESH,PANNA,58,Pawai,,1). Pawai Tehsil and 2). Shahnagar Tehsil.,232
MADHYA PRADESH,PANNA,59,Gunnaor,SC,"1). Gunnaor Tehsil, 2). Devendr anagar R. I. Circle of Panna Tehsil 3). Devendranagar (NP)-NPT and 4). Kakarhati (NP)-NPT.",232
MADHYA PRADESH,PANNA,60,Panna,,"1). Ajaigarh Tehsil, 2). Panna R. I. Circle of Panna Tehsil and 3). Panna-MUN.",232
MADHYA PRADESH,SATNA,61,Chitrakoot,,Majhgawan Tehsil.,232
MADHYA PRADESH,SATNA,62,Raigaon,SC,"1). Kothi, Raigaon and Satna-II R. I. Circles of Raghurajnagar Tehsil, 2). Kothi (NP) -NPT, 3). Singhpur R. I. Circle of Nagod Tehsil, 4). 17.Akauna Sathiya, 18.Khair a, 19.Basudha, 20.Umarhat, 21.Nauwasta, 22.Chheenda, 23.Bachw ai, 24.Sitpura, 25.Mauhari, 26.Damha, 27.Rerua Kalan, 34.Semarwara, 35.Dhaurhara, 36.Majhgawan and 57.Bara Pathar Patw ari Circles of Nagod-R.I. Circle of Nagod Tehsil.",232
MADHYA PRADESH,SATNA,63,Satna,,1). Satna-1 R. I. Circle of R aghurajnagar Tehsil and 2). Satna (M Corp+OG).,233
MADHYA PRADESH,SATNA,64,Nagod,,"1). Unchehara Tehsil 2). Jaso R. I. Circle of Nagod Tehsil, 3). 28.Patwara, 29.Majhgawan, 30.C hankuiya, 31.Rajapur, 32.Nagod and 33.Gangwariya Patwari Circles of Nagod-R.I. Circle of Nagod Tehsil and 4). Nagod (NP)-NPT.",233
MADHYA PRADESH,SATNA,65,Maihar,,Maihar Tehsil.,233
MADHYA PRADESH,SATNA,66,Amarpatan,,"1). Ramnagar Tehsil, 2). Amarpatan and Tala R. I. Circles of Amarpatan Tehsil and 3). Amarpatan (NP)-NPT.",233
MADHYA PRADESH,SATNA,67,Rampur- Baghelan,,1). Rampur-Baghelan Tehsil and 2). M auhari Katara R. I. Circle of Amarpatan Tehsil.,233
MADHYA PRADESH,REWA,68,Sirmour,,"1). Sirmour R.I. Circle of Sirmour Te hsil, 2). Sirmaur (NPT)-NPT, 3). Baikunthpur (NPT)-NPT and 4). Dabhaura and Jawa-R.I. Circles of Teonthar Tehsil.",233
MADHYA PRADESH,REWA,69,Semariya,,"1). Semariya and S hahpur R. I. Circles of Sirmour Tehsil, 2). Semaria (NPT)-NPT and 3). Bankuiyan R. I. Circle of Huzur Tehsil.",233
MADHYA PRADESH,REWA,70,Teonthar,,"1). Chak, Raipur Sonori, Garhi and Teonthar R. I. Circles of Teonthar Tehsil, 2). Chakghat (NPT)-NPT and 3).Teonthar (NPT)-NPT.",233
MADHYA PRADESH,REWA,71,Mauganj,,"1). Hanumana Tehsil, 2). 66.Bar hata, 67.Baharadabar, 68.Bhathi Sengar, 69.Ghurehata, 70.Ganj, 71.Dubgawan and 72.Mudariya Patwari Circles of Mauganj-R .I. Circle of Mauganj Tehsil and 3). Mauganj (NPT)-NPT.",233
MADHYA PRADESH,REWA,72,Deotalab,,"1). Naigarhi, Deotalab and Sitapur R .I. Circles of Mauganj Tehsil, 2). 73.Panni, 74.Dagdaua, 75.Salaiya, 76. Foolkaran Singh, 77-Kaichhua, 78-Bahuti and 79, Karah Patwari Circl es of Mauganj R.I. Circle of Mauganj Tehsil, 3). Nai-Garhi (NPT)-N PT and 4. Delhi R.I. Circle of Raipur-Karchuliyan Tehsil.",233
MADHYA PRADESH,REWA,73,Mangawan,SC,"1). Rampur R.I. Circle of Mauganj Tehsil, 2) Baikunthpur, Garh and Mangawan R.I. Circles of Sirmour Tehsil and 3). Mangawan (NPT)- NPT.",233
MADHYA PRADESH,REWA,74,Rewa,,1). Rewa R. I. Circle of Huzur Tehsil and 2). Rewa (M Corp.)-MUC.,233
MADHYA PRADESH,REWA,75,Gurh,,"1). Gurh Tehsil, 2). Govindgarh R. I. Circle of Huzur Tehsil, 3). Govindgarh (NPT)-NPT and 4). Rai pur (K) R. I. Circle of Raipur- Karchuliyan Tehsil.",234
MADHYA PRADESH,SIDHI,76,Churhat,,1). Rampur Naikin Tehsil and 2). Churhat Tehsil.,234
MADHYA PRADESH,SIDHI,77,Sidhi,,"1). Gopadbanas Tehsil, 2). 27.Khor i, 28.Amarpur, 29.Jhingajhar Chauhan, 30.Belha, 31.Sairpur, 32. Pokhadur, 33.Kubari and 35.Tendua Patwari Circles of Deogawan-R.I. Circle of Sihawal Tehsil.",234
MADHYA PRADESH,SIDHI,78,Sihawal,,"1). Amiliya R. I. Circle of Sihawal Tehsil, 2). 18.Khuteli, 19.Nakjhar, 20.Kunjhun Khurd, 21.Pak hara, 22.Patulkhi, 23.Dadhiya, 24.Deogawan, 25.Padariya, 26.Godahi, 34.Khonchi pur, 36.Pokhara, 37.Tarka, 38.Keshwahi and 39.Bahari Patwari Cir cles of Deogawan-R.I. Circle of Sihawal Tehsil and 3). Devsar Gird-I R. I. Circle of Devsar Tehsil.",234
MADHYA PRADESH,SIDHI,79,Chitrangi,ST,Chitrangi Tehsil.,234
MADHYA PRADESH,SIDHI,80,Singrauli,,"1). Waidhan R. I. Circle of Singr auli Tehsil, 2). 43.Makrohar, 44.Harrhwa, 45.Shasan, 46.Kam, 47.Tiyara, 48.Chachar and 49.Khamhariya Patwari Cir cles of Mada-R.I. Circle of Singrauli Tehsil and 3). Singrauli (MCorp.)-MUC.",234
MADHYA PRADESH,SIDHI,81,Devsar,SC,"1). Barigawan R. I. Circle of Devsar Tehsil, 2). Amiliya R. I. Circle of Singrauli Tehsil 3). 50.Koyalkhut h, 51.Asani, 52.Raundi, 53.Majhaulipath, 54.Jhalari, 55.Tal, 56.Langhadol, 57.Buchro, 58.Bindul, 59.Pondipath, 60.Mada, 61.Chhatauli, 62.Malgo and 63.Badgad Patwari Circles of Mada- R.I. Circle of Singrauli Tehsil.",234
MADHYA PRADESH,SIDHI,82,Dhauhani,ST,"1). Kusmi Tehsil, 2). Majholi Tehs il and 3). Dhauhani R. I. Circle of Devsar Tehsil.",234
MADHYA PRADESH,SHAHDOL,83,Beohari,ST,"1). Beohari Tehsil, 2). Amdih R. I. Circle of Jaisinghnagar Tehsil, 3). 1.Pondi Kala, 2.Chataini, 3.Tihaki, 4.Barkach, 5.Semra, 6.Karki, 7.Kanadikala, 8.Girui Bari, 9.V anchachr, 10.Thengarha, 13.Kanadi Khurd and 14.Tetka Patwari Circles of Jaisinghnagar -R.I. Circle of Jaisinghnagar Tehsil.",234
MADHYA PRADESH,SHAHDOL,84,Jaisinghnagar,ST,"1). Sohagpur No.1, Sohagpur No.2 and Gohparu R. I. Circles of Sohagpur Tehsil 2). Shahdol (M)-MUN 3). 11.Dewara-II, 12.Jaisinghnagar, 15.Chandela, 16.Kubr a, 17.Darodi and 18.Chitraw Patwari Circles of Jaisinghnagar -R .I. Circle of Jaisinghnagar Tehsil and 4). Jaisinghnagar (NP)-NPT.",235
MADHYA PRADESH,SHAHDOL,85,Jaitpur,ST,"1). Jaitpur Tehsil, 2). Burhar R. I. Circle of Sohagpur Tehsil, 3). Burhar (NP)-NPT and 4). Dhanpuri Nargada Hari Dafai (M)- MUN.",235
MADHYA PRADESH,ANUPPUR,86,Kotma,,Kotma Tehsil.,235
MADHYA PRADESH,ANUPPUR,87,Anuppur,ST,"1). Anuppur Tehsil.2) 1-Mauhari, 2-Kyontaar, 3-Leharpur, 4-Kukur- Goda, 5-Cholna, 6-Jariyari, 7-P adariya, 8-Dhangawan and 9-Jaithari Patwari Circles of Jaithari R.I. Circle of Jaithari Tehsil, and 3). Jaithari (NP)-NPT.",235
MADHYA PRADESH,ANUPPUR,88,Pushprajgarh,ST,"1). Pushprajgarh Tehsil, 2). 10-Jhait aal, 11-Gaurella, 12- Thodipani, 13-ChorBhathi, 14-Lapt a, 15-Munda, 16-Khairi, 17- Semarwar, 18-Pondi and 19-Venkat N agar Patwari Circles of Jaithari R.I. Circle of Jaithari Tehsil.",235
MADHYA PRADESH,UMARIA,89,Bandhavgarh,ST,Bandhavgarh-Tehsil.,235
MADHYA PRADESH,UMARIA,90,Manpur,ST,1). Manpur-Tehsil and 2). Pali Tehsil.,235
MADHYA PRADESH,KATNI,91,Barwara,ST,"1). Dhimar Kheda Tehsil, 2). Barwara Tehsil and 3). 22.Shahpura, 23.Badkhera, 24.Kaudia, 25.Padaria, 26.Katangikala, 27.Devrihatai and 28.Gubradhari Patwar i Circles of Pahadi-R.I. Circle of Murwara (Katni) Tehsil.",235
MADHYA PRADESH,KATNI,92,Vijayraghavgarh,,1). Vijayraghavgarh Tehsil and 2). Barhi Tehsil.,235
MADHYA PRADESH,KATNI,93,Murwara,,"1). Murwara-1 and Murwara-2 R. I. Circl es of Murwara (Katni) Tehsil, 2). 16.Padarwara, 17.Gulwara, 18.Jarwahi, 19.Padua, 20.Lakhapateri and 21.Pahadi Patwari Circles of Pahadi-R .I. Circle of Murwara (Katni) Tehsil and 3). Murwara (Katni) (MCorp.)-MUC.",235
MADHYA PRADESH,KATNI,94,Bahoriband,,1). Bahoriband Tehsil and 2). Rithi Tehsil.,236
MADHYA PRADESH,JABALPUR,95,Patan,,1). Majholi Tehsil and 2). Patan Tehsil.,236
MADHYA PRADESH,JABALPUR,96,Bargi,,"1). Shahpura Tehsil, 2). Bargi R. I. Circle of Jabalpur Tehsil, 3). 34.Tewar, 36.Ghunsor and 37.Mangeli Patwari Circles of Jabalpur- 2-R.I. Circle of Jabalpur Tehsil and 4). Bhedaghat (NP)-NPT.",236
MADHYA PRADESH,JABALPUR,97,Jabalpur Purba,SC,"Ward Nos.5 to 7, 16 to 18, 27 to 36, 38 and 39 of J abalpur (MCorp.) of Jabalpur Tehsil.",236
MADHYA PRADESH,JABALPUR,98,Jabalpur Uttar,,"Ward Nos.1 to 4, 8 to 15, 19 to 26 and Ward No. 37 of Jabalpur (MCorp.) of Jabalpur Tehsil.",236
MADHYA PRADESH,JABALPUR,99,Jabalpur Cantt,,"1). Ward Nos. 40 to 45 and 60 of J abalpur (M Corp.) of Jabalpur Tehsil, 2). Jabalpur Cantt. (CB) - CNB, 3). G.C.F. Jabalpur (CT)-GCF, 4). O.F Khamaria (CT)-ORF, 5) . Vehicle Fac. Area Jabalpur(CT)-VCF and 6). 26-Manegaon and 28-Tilhari Patwar i Circles of Jabalpur-2 R.I. Circle of Jabalpur Tehsil.",236
MADHYA PRADESH,JABALPUR,100,Jabalpur Paschim,,Ward Nos.46 to 59 of Jabalpur (M Corp.) of Jabalpur Tehsil.,236
MADHYA PRADESH,JABALPUR,101,Panagar,,"1). 0- R.I. Circle, Panagar, Maharajpur and Khamaria R. I. Circles of Jabalpur Tehsil, 2). Panagar (M) -MUN and 3). Barela (NP)-NPT.",236
MADHYA PRADESH,JABALPUR,102,Sihora,ST,1). Kundam Tehsil and 2). Sihora Tehsil.,236
MADHYA PRADESH,DINDORI,103,Shahpura,ST,1). Shahpura Tehsil and 2). Shahpur and Amarpur R. I. Circles of Dindori Tehsil .,236
MADHYA PRADESH,DINDORI,104,Dindori,ST,"1). Dindori, Samnapur, Baj ag and Karanjia R. I. Circles of Dindori Tehsil and 2).Dindori (NP)-NPT.",236
MADHYA PRADESH,MANDLA,105,Bichhiya,ST,1). Bichhiya Tehsil and 2). Ghughari R. I. Circle of Mandla Tehsil.,236
MADHYA PRADESH,MANDLA,106,Niwas,ST,"1). Niwas Tehsil, 2). Mohgaon R. I. Circle of Mandla Tehsil, 3). 22.Gwari, 23.Bakori, 24.S agar, 25.Phoolsagar, 26.Semarkhapa, 36.Tikariya, 37.Bakchheradona, 38.Kindr i, 39.Pondi Mal, 40.Patpar Singarpur and 41.Linga Mal Pa twari Circles of Mandl a 'B'-R.I.Circle of Mandla Tehsil.",237
MADHYA PRADESH,MANDLA,107,Mandla,ST,"1). Nainpur Tehsil, 2). Bamhani and Mandla 'A'-R.I.Circles of Mandla Tehsil, 3). 27.Gonjhi Mal, 28. Katra, 30.Purwa, 31.Kourgaon, 32.Amanala, 33.Barbaspur, 34.Tilaipani and 35.Bineka Patwari Circles of Mandla 'B'-R.I. Circl e of Mandla Tehsil, 4). Mandla (M)-MUC and 5). Bamhani (NP)-NPT.",237
MADHYA PRADESH,BALAGHAT,108,Baihar,ST,"1). 0- R.I.Circle, Baihar, Ukwa and Birsa R. I. Circle of Baih ar Tehsil, 2). Malajkhand-NPTand 3). Baihar (NP)-NPT.",237
MADHYA PRADESH,BALAGHAT,109,Lanji,,1). Lanji Tehsil and 2). Kirnapur and Ma te R. I. Circles of Kirnapur Tehsil.,237
MADHYA PRADESH,BALAGHAT,110,Paraswada,,"1). Lamta and Hatta R. I. Circl es of Balaghat Tehsil, 2). 9. Magardarra, 10. Samanapur, 11. Jarera and 15. Manegown Patwari Circles of Balaghat R.I.Circl e of Balaghat Tehsil, 3). Paraswada R. I. Circle of Baihar Tehsil and 4) . Rajegaon R. I. Circle of Kirnapur Tehsil.",237
MADHYA PRADESH,BALAGHAT,111,Balaghat,,1).12. Kumhari and 14. Bharweli Patwari Circles of Balaghat R.I.Circle of Balaghat Tehsil 2). Balaghat (M+OG) -MUN and 3). Lalbarra Tehsil.,237
MADHYA PRADESH,BALAGHAT,112,Waraseoni,,"1). Waraseoni Tehsil, 2). Arambha R. I. Circle of Khairlanji Tehsil, 3).10.Khairlanji, 11. K hari, 12. Khursipar and 13. Kharkhari Patwari Circles of Khairlanji-R.I.Cir cle of Khairlanji Tehsil.",237
MADHYA PRADESH,BALAGHAT,113,Katangi,,"1). Katangi Tehsil, 2). Salebardi R. I. Circle of Khairlanji Tehsil, 3). 7. Chicholi, 8. Kum hali and 9. Bhorgarh Patwari Circles of Khairlanji- R.I.Circle of Khairlanji Tehsil.",237
MADHYA PRADESH,SEONI,114,Barghat,ST,1). Barghat Tehsil and 2). Kurai Tehsil.,237
MADHYA PRADESH,SEONI,115,Seoni,,"1). Seoni-1, Seoni-2 and Bandol R. I. Circles of Seoni Tehsil, 2). 22. Paudi, 23. Mahlon, 24. Kalarbanki, 34. Pipariya, 41. Mundrai, 42. Indawadi and 43 Chichband Patwari Cir cles of Bhoma R. I. Circle o f Seoni Tehsil, 3) Seoni (M) , 4). 10. Jhiri, 11. Tendni, 12.Gorakhpur, 13. Sukri, 14. Bij adeori, 15. Madwa, 16. Sagar, 17. Lakwah, 18. Dhariya, 19. Ramgarh, 20. Pandiwada, 22. Jogiwada, 23. Nandiya, 24. Singhodi, 25. Darbai and 63. Deogaon Patw ari Circles of Chhapara R. I. Circle of Lakhnadon Tehsil.",238
MADHYA PRADESH,SEONI,116,Keolari,,"1). Keolari Tehsil, 2). 25. Dokarlanji, 26. Chandanwada Kalan 27. Amakola, 28. Hinotiya, 29.M anegaon, 30.Chhui, 31.Kanhiwada, 32. Bamhni, 33. K anhanpipariya, 35. Bhoma, 36. Katiya, 37. Kamta, 38. Samanapur, 39. Bhatakhari and 40. Lungsa Patwari Circles o f Bhoma R.I. Circle of Seoni Tahsil, 3). 21.Khairi, 64.Du. Chhapara, 65. Sadakseoni, 66. Gohna, 67. Kadv i, 68. Pratapgarh, 69. Bhimgarh, 70. Mohli and 71. Payli Pa twari Circles of Chhapara R. I. Circle o f Lakhnadon Tehsil, 4). 38. Boriya, 39. Harduli, 40. Sunwara, 41. Amanala, 42. Pipariya, 44. Dhanora, 45. Sajpani, 48. Ramkhairi,49. Bamhodi, 50.Rawt han, 51. Kudari and 52. Deoritika Patwari Circles of Dhanora R. I. Circle of Ghansaur Tahsil.",238
MADHYA PRADESH,SEONI,117,Lakhnadon,ST,"1). Lakhnadon and Dhuma R. I. Cir cles of Lakhnadon Tehsil, 2). Lakhnadon (NP) NPT, 3). Ghans aur and Kahani R. I. Circles o f Ghansaur Tehsil 4). 10.Khamariya, 32. Madhdeori, 33. Ghoghari, 34. Salema, 35. Saliwada, 36. Gwari, 37. Sakri, 43. Diwara, 46. Begarwani and 47. Pindrabodi Patwari Circles of Dhanora R. I. Circle o f Ghansaur Tehsil.",238
MADHYA PRADESH,NARSINGPUR,118,Gotegaon,SC,"1). Gotegaon Tehsil, 2). Bachai R. I. Circle of Narsingpur Tehsil, 3). 11.Nayagaon, 12.Malahpipariya, 13 .Ghatpindrai, 14.Bharwara and 15.Dongargaon Patwari Circles of Narsingpur No.1-R.I. Circle of Narsingpur Tehsil.",238
MADHYA PRADESH,NARSINGPUR,119,Narsingpur,,"1). Kareli Tehsil, 2). Narsingpur No.2 R. I. Circle of Narsingpur Tehsil, 3). 1.Murgakheda, 2.Dongargaon, 3.Hira pur, 4.Jhamar, 5.Bamhori, 6.Karhaiya, 7.Nayakheda, 8.Sagonika lan, 9.Ranipindrai, 10.Dhamna and 16.Khamariya Patwari Circles of Narsingpur No.1-R.I. Circle of Narsingpur Tehsil and 4). Narsingpur (M+OG)-MUN.",238
MADHYA PRADESH,NARSINGPUR,120,Tendukheda,,"1). Tendukheda Tehsil, 2). Sihora R. I. Circle of Gadarwara Tehsil, 3). 1.Bhatera, 2.Narwara, 3.Kathotiya, 4.Ggaghrola Kala, 5.Bhorjhir, 6.Karhaiya, 7.Nayagaon, 8.Sadumar, 9.Lilwani, 10.Atthaisa, 11.Paloha, 12.Bagdara, 13.Chirahkala, 14.Kodi ya, 15.Chirriya and 16.Bohani Patwari Circles of Gadarwara-R .I.Circle of Gadarwara Tehsil.",238
MADHYA PRADESH,NARSINGPUR,121,Gadarwara,,"1). Sainkheda and Chichli R. I. Circl es of Gadarwara Tehsil, 2). 17.Barheta, 18(1).Gadarwara ( 18 A), 18(2).Imaliya (18 B), 19.Kanhargaon, 20.Jhanjhank heda and 21.Kamti Patwari Circles of Gadarwara-R.I.Circle of Gadarwa ra Tehsil and 3). Gadarwara (M+OG)-MUN.",239
MADHYA PRADESH,CHHINDWARA,122,Junnardeo,ST,"1). 1. Jhirpa, 2. Anhoni, 3. Chaw alpani, 4. Bamhni, 5. Delakhari, 6.Kursidhana, 7.Muttor, 8. D husawani, 9.Tamia and 10. Lahagadua Patwari Circles of Tamia R .I.Circle of Tamia Tehsil and 2. Jamai (Junnardeo) Tehsil.",239
MADHYA PRADESH,CHHINDWARA,123,Amarwara,ST,"1). Amarwara Tehsil, 2.11. Pandupipariya, 12. Bijori, 13. Chhindi, 14. Jogimuar,15. Kumhadi, 16. Nagari an d 17. Khireti Patw ari Circles of Tamia R.I. Circle of Tamia Tehsil.",239
MADHYA PRADESH,CHHINDWARA,124,Churai,,1). Churai Tehsil and 2). Bichhua Tehsil.,239
MADHYA PRADESH,CHHINDWARA,125,Saunsar,,1). Saunsar Tehsil and 2). Ekabehari R. I. Circle of Chhindwara Tehsil.,239
MADHYA PRADESH,CHHINDWARA,126,Chhindwara,,1). Chhindwara-01 and Chhindwara-02 R .I. Circles of Chhindwara Tehsil and 2). Chhindwara (M+OG)-MUN.,239
MADHYA PRADESH,CHHINDWARA,127,Parasia,SC,Parasia Tehsil.,239
MADHYA PRADESH,CHHINDWARA,128,Pandhurna,ST,1). Pandhurna Tehsil and 2).Saori R. I. Circle of Chhindwara Tehsil.,239
MADHYA PRADESH,BETUL,129,Multai,,Multai Tehsil.,239
MADHYA PRADESH,BETUL,130,Amla,SC,"1). Amla Tehsil, 2). 40. Pathakheda, 41.Bakud, 42.Sitakamth, 43.Salaiya and 44.Chhatarpur Patwari Circles of Ghoradongri-R.I.Circle of Betul Tehsil and 3). Sarni (M)-MUN.",239
MADHYA PRADESH,BETUL,131,Betul,,"1). 51.Satner, 52.Dhamori, 53.G unkhed, 54.Mandvi, 55.Borpani, 56.Dhanori, 57.Dhanora, 58.Yenkheda, 59.Temurni, 60.Athner and 61.Barkhed Patwari Circles of Athner-R .I. Circle of Bhainsdehi Tehsil, 2). Betul-1, Betul-2 and Betul Bazar R. I. Circles of Betul Tehsil, 3). 17.Kodaroti, 18.Danora, 19.J een, 20.Amla, 21.Hiwarkhedi, 22.Khedisawligarh, 23.Mahadgaon, 24. Bhayawadi, 25.Sonaghati, 26.Sakadehi and 27.Mathni Patwar i Circles of Khedi Sawaligharh- R.I.Circle of Betul Tehsil, 4).Bet ul Bazar (NP)-NPT and 5). Betul (M+OG)-MUN.",239
MADHYA PRADESH,BETUL,132,Ghoradongri,ST,"1). Shahpur Tehsil, 2). Chopana and Ch icholi R. I. Circles of Betul Tehsil, 3). 16.Chandbehda, 28.Gajpur, 29 .Gohchi and 30.Sillot Patwari Circles of Khedi Sawa ligharh -R.I. Circle of Betul Tehsil, 4). 31.Chikhali, 32.Padar Bujurg, 33. Nimpani, 34.Dolidhana, 35.Kanhawadi, 36.Ratamati, 45.Ghodadongri, 46.Juwadi, 47.Ranipur and 48.Chikhaliamdhana Patwari Circles of Ghoradongri-R.I.Circle of Betul Tehsil.",240
MADHYA PRADESH,BETUL,133,Bhainsdehi,ST,"1). Bhimpur, Jhallar and Bhainsdehi R. I. Circles of Bhainsdehi Tehsil, 2). 47.Andeharbawdi, 48.Temni, 49.B andali, 50.Bakud, 62.Bhivapur, 63.Aasti, 64.Hidli, 65.Gargud and 66. Kelbehra Patwari Circles of Athner-R.I. Circle of Bhainsdehi Tehsil and 3). Bhainsdehi (NP)- NPT.",240
MADHYA PRADESH,HARDA,134,Timarni,ST,1). Timarni Tehsil and 2). Sirali R. I. Circle of Khirkiya Tehsil.,240
MADHYA PRADESH,HARDA,135,Harda,,"1). Harda Tehsil, 2). Khirkiya R. I. Circle of Khirkiya Tehsil and 3). Khirkiya (NPT)-NPT.",240
MADHYA PRADESH,HOSHANGABAD,136,Seoni-Malwa,,"1). Seoni-Malwa Tehsil, 2).Dolariya R. I. Circle of Hoshangabad Tehsil 3).Keshla and 0-R.I. Circles of Ita rsi Tehsil, 4). 1.Dhaba Kala, 2.Malothar, 3.Jamani, 4.Semari Kurdh, 5.Nayagaon, 6.Bhatti, 7.Bhilakhedi and 8.Bor Tali Patwari Circl es of Itarsi-R.I. Circle of Itarsi Tehsil.",240
MADHYA PRADESH,HOSHANGABAD,137,Hoshangabad,,"1). Hoshangabad-1, Hoshangabad-2 R.I.Circl es of Hoshangabad Tehsil, 2).Hoshangabad (M)-MUN, 3). 9.Itarsi, 10.Sonasawari and 11.Resalpur Patwari Circles of Itarsi -R.I. Circle of Itarsi Tehsil, 4). Itarsi (M+ OG)- MUN, 5). Bhilakhedi (CT)-MUN and 6). Ordnance Factory Itarsi(CT)- ORF.",240
MADHYA PRADESH,HOSHANGABAD,138,Sohagpur,,"1).Babai Tehsil, 2). Sohagpur Tehsil and 3). Rampur R. I. Circle of Itarsi Tehsil.",240
MADHYA PRADESH,HOSHANGABAD,139,Pipariya,SC,1). Pipariya Tehsil and 2). Bankhedi Tehsil.,240
MADHYA PRADESH,RAISEN,140,Udaipura,,"1). Udaipura Tehsil, 2). Bareli, Khargone, Mashewar and Bharkaach R. I. Circles of Bareli Tehsil and 3). Bareli (NP+OG)-NPT.",241
MADHYA PRADESH,RAISEN,141,Bhojpur,,"1). Goharganj Tehsil, 2). Itkhedi and Badi R.I. Circles of Bareli Tehsil and 3). Badi (NP)-NPT.",241
MADHYA PRADESH,RAISEN,142,Sanchi,SC,1). Raisen Tehsil and 2). Gairatganj Tehsil.,241
MADHYA PRADESH,RAISEN,143,Silwani,,1). Begamganj Tehsil and 2). Silwani Tehsil.,241
MADHYA PRADESH,VIDISHA,144,Vidisha,,"1).Vidisha and Work Load R. I. Circles of Vidisha Tehsil, 2). Vidisha (MUN)-MUN and 3). Gula bganj R. I. Circle of Gyaraspur Tehsil.",241
MADHYA PRADESH,VIDISHA,145,Basoda,,"1). Basoda and Tyonda R. I. Circles of Basoda Tehsil, 2). Basoda (MUN)-MUN and 3). Gyaraspur R.I. Circle of Gyaraspur Tehsil.",241
MADHYA PRADESH,VIDISHA,146,Kurwai,SC,1). Kurwai Tehsil 2). Deepnakheda and Siya lpur R. I. Circles of Sironj Tehsil and 3). Ambanagar R. I. Circle of Basoda Tehsil.,241
MADHYA PRADESH,VIDISHA,147,Sironj,,"1). Lateri Tehsil, 2). Sironj, Bhagvant pur and Mugalsarai R. I. Circles of Sironj Tehsil and 3). Sironj (MUN)-MUN.",241
MADHYA PRADESH,VIDISHA,148,Shamshabad,,"1). Nateran Tehsil and 2), Pipalkheda R. I. Circle of Vidisha Tehsil.",241
MADHYA PRADESH,BHOPAL,149,Berasia,SC,1). Berasia Tehsil and 2). Intkhedi R. I. Circle of Huzur Tehsil.,241
MADHYA PRADESH,BHOPAL,150,Bhopal Uttar,,Ward Nos.5 to 18 and 22 of Bhopal (M Corp.+ OG) of Huzur Tehsil.,241
MADHYA PRADESH,BHOPAL,151,Narela,,"Ward Nos. 39 to 42, 46, 56 to 58, 64 and 66 of Bhopal (M Corp.+OG) of Huzur Tehsil.",241
MADHYA PRADESH,BHOPAL,152,Bhopal Dakshin- Paschim,,Ward Nos.26 to 35 and 48 to 49 of Bhopal (M Corp.+ OG) of Huzur Tehsil.,241
MADHYA PRADESH,BHOPAL,153,Bhopal Madhya,,"Ward Nos. 19 to 21, 23 to 25, 36 to 38, 43 to 45, 47 and 50 to 52 of Bhopal (M Corp+OG) of Huzur Tehsil.",242
MADHYA PRADESH,BHOPAL,154,Govindpura,,Ward No.53 to 55 and 59 to 63 and 65 of Bhopal (M Corp.+OG) of Huzur Tehsil.,242
MADHYA PRADESH,BHOPAL,155,Huzur,,"1). Ratibad, Phanda Kalan and Bilkhiri a Kalan R. I. Circles of Huzur Tehsil and 2). Ward Nos.1 to 4 of Bhopal (M Corp.+OG) of Huzur Tehsil.",242
MADHYA PRADESH,SEHORE,156,Budhni,,1). Nasrullaganj Tehsil and 2). Budhni Tehsil.,242
MADHYA PRADESH,SEHORE,157,Ashta,SC,Ashta Tehsil,242
MADHYA PRADESH,SEHORE,158,Ichhawar,,"1). Ichhawar Tehsil, 2). Bilkisganj and Sehore(2) R. I. Circles of Sehore Tehsil, 3). 29.Dhankhedi, 30.Mundla Ka lan, 31.Mundla Khurd, 32.Haider Ganj, 33.Muskura, 34.Jata Kheda, 35. Panch Pipaliya, 36.Napla Khedi and 38.Mahodia Patwari Circles of Sehore(1)-R.I.Circle of Sehore Tehsil.",242
MADHYA PRADESH,SEHORE,159,Sehore,,"1). Ahemadpur and Doraha R. I. Circles of Sehore Tehsil, 2). 39.Bijori, 40.Jamonia Kaln, 41. Janpur Bawadia, 42.Nipania Kalan, 43.Muhali and 44.Semra Dangi Patwari Cir cles of Sehore(1)-R.I.Circle of Sehore Tehsil and 3). Sehore (M+OG)-MUN.",242
MADHYA PRADESH,RAJGARH,160,Narsinghgarh,,"1). Talen, Kurawar and Boda R. I. Cir cles of Narsinghgarh Tehsil, 2). 12.Narsinghgarh, 14.Kotra, 15. Tindoniya,16.Badodiyatalab, 17.Ganiyari, 18.Jamoniyaganesh and 19. Mawasa Patwari Circles of Narsinghgarh - R.I.Circle of Narsing hgarh Tehsil, 3). Boda (NP)-NPT, 4). Talen (NP)-NPT and 5). Narsinghgarh (M)-MUN.",242
MADHYA PRADESH,RAJGARH,161,Biaora,,"1). Biaora Tehsil and 2). 5.Berasi a, 6.Khanpura, 7.Sonkachha, 8.Andalheda, 9.Pupliyabag, 10.Gadiya , 11.Sanwasi and 13.Vijaygarh Patwari Circles of Narsinghgarh-R .I. Circle of Narsinghgarh Tehsil.",242
MADHYA PRADESH,RAJGARH,162,Rajgarh,,1). Rajgarh Tehsil and 2). Bhojpur R. I. Circle of Khilchipur Tehsil.,242
MADHYA PRADESH,RAJGARH,163,Khilchipur,,"1). Jirapur Tehsil, 2). Khilchipur R. I. Circle of Khilchipur Tehsil, 3). Khilchipur (NP)-NPT and 4). Chhapiheda-NPT.",242
MADHYA PRADESH,RAJGARH,164,Sarangpur,SC,Sarangpur Tehsil.,242
MADHYA PRADESH,SHAJAPUR,165,Susner,,"1). Susner Tehsil, 2). Nalkheda T ehsil, 3). 1.Dehripal, 2.Kadula, 3.Mohana, 4.Bhawrasa, 5.Barnaw ad, 6.Chouma, 7.Aroliya, 8.Dhatrawda, 9.Simrol, 10.Nipaniya and 11-Karju Patwari Circles of M.Barodia-1-R.I. Circle of Moman Badodiya Tehsil.",243
MADHYA PRADESH,SHAJAPUR,166,Agar,SC,1). Agar Tehsil and 2). Badod Tehsil.,243
MADHYA PRADESH,SHAJAPUR,167,Shajapur,,"1). Shajapur Tehsil and 2). 12. Mandoda, 13.Jaswada, 14.Moman Barodia 15.Sarsi, 16.D handeda, 17.Dongargaon, 18.Dupada, 19.Pachore, 20.Bijana, 21.Khoriya Ema, 22.Kumariya Khash, 23.Dudhana, 24.Rijawta, 25.Jaloda (Shajapur) and 26.Rasulpur (Shajapur) Patwari Circles of M. Barodia-1-R.I. Circle of Moman Badodiya Tehsil.",243
MADHYA PRADESH,SHAJAPUR,168,Shujalpur,,"1). Gulana-Tehsil, 2).Shujalpur R. I. Circle of Shujalpur Tehsil, 3). Shujalpur (M)-MUN and 4). Akodia (NP)-NPT.",243
MADHYA PRADESH,SHAJAPUR,169,Kalapipal,,"1). Kalapipal Tehsil, 2). Avantipur Ba rodia R. I. Circle of Shujalpur Tehsil and 3). Polaykalan (NP)-NPT.",243
MADHYA PRADESH,DEWAS,170,Sonkatch,SC,1). Tonk Khurd Tehsil and 2). Sonkatch Tehsil.,243
MADHYA PRADESH,DEWAS,171,Dewas,,"1). 1.Jawasia, 2. Sunwani Gopal, 3.Dattottar, 4.Bhesuni, 5.Barkehda Kaayam, 6.Sonda, 7.Aagr od, 8.Ralamandal, 9.Bagana, 10.Vijaipur, 11.Tigria Sancha, 12.Patlawada and 13. Nipania Patwari Circles of Dewas-R.I.Cricle of Dewas Tehsil and 2. Dewas (M Corp.)-MUC.",243
MADHYA PRADESH,DEWAS,172,Hatpipliya,,"1). 14.Siya, 15.Aanandpur Dungria, 16.Khatamba, 20.Singawada, 21.Bairagarh, 22.Dewar, 23.Lohari and 25.Chandana Pa twari Circles of Dewas-R.I.Circle of Dewas Tehsil, 2). Baotha R. I. Circle of Dewas Tehsil, 3). Hatpipliya-1-R.I.Circle of Bagali Tehsil and 4). Hatpipliya (NP)-NPT.",243
MADHYA PRADESH,DEWAS,173,Khategaon,,"1). Khategaon Tehsil, 2). K annod-1-R.I.Circle of Kannod Tehsil, and 3). Kannod (NP)-NPT.",243
MADHYA PRADESH,DEWAS,174,Bagali,ST,"1). Satwas-2-R.I. Circle of Kannod Tehsil, 2). Satwas (N P)-NPT, 3). Kantaphod (NP) - NPT, 4). Loharda (NP) - NPT, 5). Bagali-2 and Udaynagar R.I.Circles of Bagali Tehs il, 6). Bagali (NP)-NPT and 7). Karnawad (NP)-NPT.",244
MADHYA PRADESH,EAST NIMAR (Khandwa),175,Mandhata,,"1). Baladi R.I. Circle of Harsud Tehs il, 2). 26-Ghisor, 27-Dinkarpura, 28- Karoli and 29-Pipaliya-Singaji-Theka Patwar i Circles of Harsud R.I. Circle of Harsud Tehsil, 3). Mandhata and Mundi R .I. Circles of Khandwa Tehsil, 4). 69.Dangaon Patwari Circle of Chhegaon Makhan R.I. Circle of Khandwa Tehsil, 5). Mundi-NPT and 6). Omkareshwar-NPT.",244
MADHYA PRADESH,EAST NIMAR (Khandwa),176,Harsud,ST,"1). 21-Piplani, 22-Chich-Ryt, 23- Pipliya-Kala, 25-Chhirwamal, 30- Billod-Ryt, 31-Belwadi-Ryt, 32-Rewa pur-Ryt, 33-Mugal-Ryt, 34-Palani- Ryt, 35-Chhipipura, 36-Bothiyakhu rd, 37-Damdama, 38-Rampuri and 39-Barud-Ryt Patwari Circles of Hars ud-R.I. Circle of Harsud Tehsil, 2). Chhanera and Khalwa R.I. Circles of Harsud Tehsil and 3). Harsud- NPT.",244
MADHYA PRADESH,EAST NIMAR (Khandwa),177,Khandwa,SC,1). Khandwa-1 and Khandwa-2 R. I. Circles of Khandwa Tehsil and 2). Khandwa-MUN.,244
MADHYA PRADESH,EAST NIMAR (Khandwa),178,Pandhana,ST,"1). Pandhana Tehsil, 2). Singot R.I. Circle of Khandwa Tehsil and 3). 70-Attar, 71-Kakariya, 72-Bamj har, 73-Salai, 74-Kesoon, 75- Chichgohan, 76-Roshiya, 77-Sirra, 78.Deshgaon, 79.Barood, 80.Chhirwel, 81.Bhuiphal, 82.Ha raswada, 83.Chhaigaon Makhan, 84.Bhigawanankari, 85.Tembhi kala, 86.Ahmadpur Khaigaon, 87.Surgaon Joshi and 88.Takali Mori Patwari Circles of Chhegaon Makhan-R.I. Circle of Khandwa Tehsil.",244
MADHYA PRADESH,BURHANPUR,179,Nepanagar,ST,"1). Nepanagar Tehsil, 2). Khak nar Tehsil and 3). 4. Nimbola, 8. Jainabad, 9. Dongargaon, 10. Dary apur Kala and 11. Badziri Patwari Circles of Burhanpur-R.I.Cir cle of Burhanpur Tehsil.",244
MADHYA PRADESH,BURHANPUR,180,Burhanpur,,"1). 1. Biroda, 2. Chinchal a, 3. Borgaon Khurd, 5. Emagird, 6. Loni and 7. Bahadarpur Patwari Circles of Bu rhanpur-R.I.Circle of Burhanpur Tehsil, 2).Shahpur -R.I. Circle of Burhanpur Tehsil, 3). Shahpur (NP)- NPT and 4). Burhanpur (M).",244
MADHYA PRADESH,WEST NIMAR (Khaorgone),181,Bhikangaon,ST,"1). Jhiranya Tehsil, 2). 11.Bam nala, 12.Selda, 13.Pokharabad, 14.Saikheda, 15.Bhikangaon, 16.Pip rad, 17.Amankhedi, 18.Pokhar Bujurg, 19.Kanzar, 20.Anj angaon, 21.Kaladha, 22.Borgaon, 23.Daudawa, 24.Kherada, 25.Nar gaon, 26.Banzar, 27.Ektasa, 28.Lalkheda, 29.Sundrel, 30.Palasi and 31.Goradiya Patwari Circles of Bhikangaon-R.I. Circle of Bhikangaon Tehsil and 3). Bhikangaon (NP)- NPT.",245
MADHYA PRADESH,WEST NIMAR (Khaorgone),182,Badwah,,"1). Sanawad R. I. Circle of Badwah T ehsil, 2). 8.Kaatkoot, 9.Rajana, 10.Badel, 11.Jagatpura, 18.Siralay, 19.Barwah, 20.Baphalgaon, 21.Kithud, 22.Ratanpur and 26.Naavghat khedi Patwari Circles of Badwah - R.I. Circle of Badw ah Tehsil, 3). Badwah (M)-MUN and 4). Sanawad (M)-MUN",245
MADHYA PRADESH,WEST NIMAR (Khaorgone),183,Maheshwar,SC,"1). Maheshwar Tehsil and 2). 1. Daul atpura, 2. Bagod, 3. Surpala, 4.Balwada, 5.Selda, 6.Barazar, 7. Tharawar, 12.Umariya, 13.Mogargaon, 14.Dhanpada, 15.Machalpur Khurd, 16. Jethavay and 17.Naya Patwari Circles of Badwah-R.I. Circle of Badwah Tehsil.",245
MADHYA PRADESH,WEST NIMAR (Khaorgone),184,Kasrawad,,"1). Kasrawad Tehsil and 2). 1.Bit nera, 2.Machhalgaon, 3.Andad, 4.Aheerkheda, 5.Rodiya, 6.Chhirv a, 7.Shakargaon, 8.Khudgaon 9.Sagur and 10.Lalani Patwari Circl es of Bhikangaon-R.I. Circle of Bhikangaon Tehsil.",245
MADHYA PRADESH,WEST NIMAR (Khaorgone),185,Khargone,,"1). 1-Ghegaon, 2-Dongar gaon, 3-Motapura, 4-Lonara, 5-Likkhi, 6-Rajoor, 7-N andgaon, 8-Ichchhapur, 9-Oon-Bujurg, 10-Raybidpura, 11-Ghotya, 12-Nandgaon Road, 15-Sinkheda, 16-Surpala, 17-Peepari, 18- Ubadi, 19-Temla, 20-Pandhanya, 21-Idaratpur, 22-Narayanpura, 23-Sukhpuri, 24-Mengaon, 25-Balwadi, 26-Khargone and 27-Sangavi Patwari Circles of Khargone R. I. Circle of Khargone Tehsil, 2). 34-Badgaon, 35-Gopalpura, 36-Beed, 37-Thibgaon-Bujurg , 38-Bilkhed, 39-Goganwa, 40-Mahammadpur, 41- Behrampura, 42-Ghughariyakhedi, 43-Gadaghat, 44-Dasnawal and 45-Temarana Patwari Circles of Goganwa R.I. Circle of Khargone Tehsil and 3). Khargone (M)-MUN.",245
MADHYA PRADESH,WEST NIMAR (Khaorgone),186,Bhagwanpura,ST,"1) Segaon Tehsil 2). Bhagwanpura Tehs il, 3). 13-Rom-Chichali and 14- Barud Patwari Circles of K hargone R. I. Circle of Khargone Tehsil and 4). 28-Dewali, 29-Kukdol, 30-Um arkhali, 31-Bistan, 32-Balgaon and 33-Nagziri Patwari Circles of Goganwa-R.I. Circle of Khargone Tehsil",245
MADHYA PRADESH,BADWANI,187,Sendhawa,ST,Sendhawa Tehsil.,246
MADHYA PRADESH,BADWANI,188,Rajpur,ST,"1). Thikri Tehsil, 2). 1.Bagsur , 2.Kasel, 3.Khadki, 11.Panwa, 12.Julwaniya, 13.Jalgaon, 14.Ra jpur, 15.Sangaon, 16.Pipari, 17.Bakwadi, 18.Khajuri, 19.Chitawal, 20.Rui, 21.Ghusgaon, 22.Ozar, 23.Balsamud, 24.Salikala and 25.Nangalwadi Bujurg Patwari Circles of Rajpur - R.I. Circle of Ra jpur Tehsil and 3). Rajpur (NP)-NPT.",246
MADHYA PRADESH,BADWANI,189,Pansemal,ST,"1). Pansemal Tehsil, 2). Niwali Tehsil and 3). 4.Danod, 5.Indrapur, 6.Upla, 7.Palsud, 8.Revja, 9.Mat li and 10.Jodai Patwari Circles of Rajpur-R.I. Circle of Rajpur Tehsil.",246
MADHYA PRADESH,BADWANI,190,Badwani,ST,Badwani Tehsil.,246
MADHYA PRADESH,JHABUA,191,Alirajpur,ST,"1). Sondwa - R. I.Circle of Aliraj pur Tehsil, 2). 12 Ambari, 13. Chichalguda, 15.Haraswat, 21. Girala, 22. Laxmani, 25 Kharkua,26. Rajawat, 27. Nanpur, 28 Nanpur, 29 Sejgaon, 30. Ajanda, 31. Jawariya, 32.Thods indhi, 33. Bhorkua, 34. Malwai, 35. Kharwad, 36.Beddala Patwari Circles of Alirajpur - R.I.Circle of A lirajpur Tehsil, 3) . 10. Agalgota, 11. Chandpur, 38. Darkhad, 39. Sorwa, 40. Bokadiya, 41. Aambadaberi, 42. Khunder, 43. Andharkaach, 44. Phuimal and 47 Jamala Patwari Circles of Katthiwada-R.I. Circle of Alirajpur Tehsil and 4). Alirajpur (M)-MUN",246
MADHYA PRADESH,JHABUA,192,Jobat,ST,"1). Bhavra Tehsil, 2). Jobat - R. I. Circle of Jobat Tehsil, 3). 1.Borjhad, 2.Borjhad, 3. Borjhad, 4.Udaigarh, 5. Udaigarh, 6.Udaigarh, 7.Udaigarh Patwari Circles of Udai garh-R.I. Circle of Jobat Tehsil 3. Jobat (NP)-NPT, 4). 1.Kharkall, 2.Moti Badoi, 3.Kathiwada, 4. Indalwaat, 5. Kathiwada, 6.Kadw at, 7.Aamkhut, 8.Dedi Gardi and 9.Panala Patwari Circles of Katthiwada-R .I.Circle of Alirajpur Tehsil and 5). 16. Badii, 17. Indersingh Chou ki, 18. Kharkhadi, 19. Ambula, 20. Kotabu, 23 Khandala and 24.Patasada Patwari Circles of Alirajpur- R.I.Circle of Alirajpur Tehsil.",246
MADHYA PRADESH,JHABUA,193,Jhabua,ST,"1). Ranapur Tehsil, 2). Jhabua -R.I. Circle of Jhabua Tehsil, 3). Jhabua (M)-MUN and 4). 8.Jobat, 9.Jobat, 10.Bori, 11.Bori, and 12.Bori Patwari Circles of Udaigarh- R.I. Circle of Jobat Tehsil.",246
MADHYA PRADESH,JHABUA,194,Thandla,ST,1). Thandla Tehsil and 2). Meghnagar Tehsil.,246
MADHYA PRADESH,JHABUA,195,Petlawad,ST,1). Petlawad Tehsil and 2). Rama -R.I. Circle of Jhabua Tehsil.,246
MADHYA PRADESH,DHAR,196,Sardarpur,ST,Sardarpur Tehsil.,247
MADHYA PRADESH,DHAR,197,Gandhwani,ST,"1). Gandhwani Tehsil, 2). Bagh R. I. Circle of Kukshi Tehsil and 3). 37.Ganganagar, 38.Mandli, 39.Amla, 40.Kachhawada, 41.Nimkheda, 42.Bori, 43.Khandan Buju rg, 44.Dilawara, 45.Salkanpur, 74.Ambapura and 75.Khedi Patw ari Circles of Tirla-R.I. Circle of Dhar Tehsil.",247
MADHYA PRADESH,DHAR,198,Kukshi,ST,"1). Kukshi, Dahi and Nisarpur R. I. Circles of Kukshi Tehsil and 2). Kukshi (NP)-NPT.",247
MADHYA PRADESH,DHAR,199,Manawar,ST,Manawar Tehsil.,247
MADHYA PRADESH,DHAR,200,Dharampuri,ST,"1). Dharampuri Tehsil, 2). Nalcha R. I. Circle of Dhar Tehsil and 3).Mandav (NP)-NPT.",247
MADHYA PRADESH,DHAR,201,Dhar,,"1). Sagor R. I. Circle of Dhar T ehsil, 2). 12.Nowgaon, 13.Jetpura, 14.Tornod, 23.Kadola Bujurg, 24.Si rsoda, 25.Utawad, 26.Utarsee, 27.Dedla, 28.Delmi, 50. Karanjwa, 51.Gunawad, 52.Lebad, 53.Baggad, 54.Ekalduna (Dhar) and 55.Dehri Patwari Circles of Dhar-R.I. Circle of Dhar Tehsil, 3). 1.D hamanda, 2.Simlawada, 3.Ahu, 29.Padalya, 30.Himmatgarh, 32.Gyanpura, 33.Tir la, 34.Chikliya, 35.Chilur and 36.Nandankheda Patwari Circles of Tirla -R.I. Circle of Dhar Tehsil, 4). Dhar (M) - MUN and 5). Pithampur (NP)-MUN.",247
MADHYA PRADESH,DHAR,202,Badnawar,,"1). Badnawar Tehsil and 2). 4.Gar dawad, 5.Biloda, 6.Pinjraya, 7.Kalsada Bujurg, 8.Tisgaon, 9.Anar ad, 10.Pachlana, 11.Labrawada, 15.Nawasa, 16.Rampur, 17.Baloda Buju rg, 18.Khiledi, 19.Kandariya, 20.Kesoor, 21.Bijoor and 22.Sadalpur Patwari Circles of Dhar-R.I. Circle of Dhar Tehsil.",247
MADHYA PRADESH,INDORE,203,Depalpur,,"1). Depalpur Tehsil, 2). Hat od R. I. Circle of Indore Tehsil and 3). Hatod (NP)-NPT.",247
MADHYA PRADESH,INDORE,204,Indore-1,,"Ward Nos.1 to 6, 17, 19 to 21 and 24 to 25 of Indore (M Corp.+OG) of Indore Tehsil.",247
MADHYA PRADESH,INDORE,205,Indore-2,,"Ward Nos.7 to 8, 10 to 16 and 32 to 33 of Indore (M Corp+OG) of Indore Tehsil.",247
MADHYA PRADESH,INDORE,206,Indore-3,,"Ward No.18, 26 to 30, 41 to 45 and 57 to 61 of Indore (M Corp+OG) of Indore Tehsil.",247
MADHYA PRADESH,INDORE,207,Indore-4,,"Ward Nos.22 to 23, 46 to 56 and 66 of Indore (M Corp+OG) of Indore Tehsil.",248
MADHYA PRADESH,INDORE,208,Indore-5,,"Ward No.9, 31, 34 to 40 and 62 to 65 of Indore (M Corp+OG) of Indore Tehsil.",248
MADHYA PRADESH,INDORE,209,Dr. Ambedkar Nagar-Mhow,,Mhow Tehsil.,248
MADHYA PRADESH,INDORE,210,Rau,,"1). Rau and Bicholi Hapsi R. I. Circl es of Indore T ehsil, 2). 13. Ralamandal and 14. Piplya Patwari Circl es of Indore-R.I. Circle of Indire Tehsil and 3). Ward Nos. 67 to 69 of Indore (M Corp+OG) of Indore Tehsil and 4). Rau (NP)-NPT.",248
MADHYA PRADESH,INDORE,211,Sanwer,SC,"1). Sanwer Tehsil, 2). Kanadia and K hudail R. I. Circles of Indore Tehsil and 3. 16. Khajrana 17. Lasudia Mori and 18. Talawali Chanda Patwari Circles of Indore-R.I. Cir cle of Indore Tehsil.",248
MADHYA PRADESH,UJJAIN,212,Nagada- Khachrod,,"1). Khachrod Tehsil, 2). 1.Tuttiakhedi , 2.Banvada, 4.Bercha, 5.Kalsi, 6.Kilodiya, 7.Nipaniya, 15.Banbani , 16.Ajimabad-Pardi, 17.Nayan, 18.Bhilsuda and 21.Simrol Patwari Circl es of Nagda-R.I. Circle of Nagda Tehsil and 3). Nagda (M)-MUN.",248
MADHYA PRADESH,UJJAIN,213,Mahidpur,,"1). Mahidpur Tehsil, 2). 3.Nimbodiya kalan, 8.Khajuria, 9.Jalodiya, 10.Aakyakoli, 11.Antraliya, 12.Borkheda Pitramal, 13.Rupeta, 14.Banbana, 22.Guradiya Pitramal and 23.Rani Pi pliya Patwari Circles of Nagda-R.I. Circle of Nagda Tehsil",248
MADHYA PRADESH,UJJAIN,214,Tarana,SC,Tarana Tehsil.,248
MADHYA PRADESH,UJJAIN,215,Ghatiya,SC,"1). Ghatiya Tehsil, 2). Unhel R. I. Circle of Nagda Tehsil, 3). Unhel (NP)-NPT and 4). Khothi Mahal R. I. Circle of Ujjain Tehsil.",248
MADHYA PRADESH,UJJAIN,216,Ujjain Uttar,,Ward Nos.1 to 32 and 34 to 35 of Ujjain (M Corp.) of Ujjain Tehsil.,248
MADHYA PRADESH,UJJAIN,217,Ujjain Dakshin,,1). Ujjain-R.I.Circle (including Lalpur OG) of Ujjain Tehsil and 2). Ward No.33 and 36 to 54 of Ujjain (M Corp.) of Ujjain Tehsil.,248
MADHYA PRADESH,UJJAIN,218,Badnagar,,Badnagar Tehsil.,248
MADHYA PRADESH,RATLAM,219,Ratlam Rural,ST,"1). Namli, Ratlam Rural, Bilpank and Mundri R. I. Circles of Ratlam Tehsil and 2).Namli (NP)-NPT.",248
MADHYA PRADESH,RATLAM,220,Ratlam City,,"1). Ratlam City R. I. Cir cle of Ratlam Tehsil, 2). Ratlam Rly Colony and 3). Ratlam (M Corp.)-MUC.",249
MADHYA PRADESH,RATLAM,221,Sailana,ST,1). Bajna Tehsil and 2). Sailana Tehsil.,249
MADHYA PRADESH,RATLAM,222,Jaora,,"1). Piploda Tehsil, 2). Dhodhar R. I. Circle of Jaora Tehsil, 3). 20. Bhadurpur Jagir, 21. Akyabeni, 22. Bamankhedi and 24. Lalakheda Patwari Circles of Jaora- R.I. Circle of Jaora Tehsil and 4). Jaora (M+OG)-MUN.",249
MADHYA PRADESH,RATLAM,223,Alot,SC,"1). Alot Tehsil, 2).25. Kumhari, 26. Luhari, 27. Sars i, 28. Kerwasa, 29.Uplai, 30. Rajakhedi, 31. Bhuteda, 32. Lasudiya Jangli, 33. Sindurkiya, 34. Hatpipliya, 35. Bardiyagoyal, 36. Lod, 37. Gujarbardiya, 38. Khajuriya and 39. Badawdi Patwari Circles of Jaora- R.I. Circle of Jaora Tehsil and 3). Badawada (NP)-NPT.",249
MADHYA PRADESH,MANDSOUR,224,Mandsour,,"1). Akodada R. I. Circle of Mandsour Tehsil, 2). 1.Nogawan, 2.Rewas Dewda, 3.Bhardawad, 4.Malyakhedi , 5.Gujarda, 6.Dhariya Khedi, 7.Ralayta, 8.Guradiya Deda, 9. Sabakheda, 10.Dikola, 11.Jaggakhedi, 12.Alawadakhedi, 13.Mandsour (kasba) , 14.Khilchipura, 15.Aghoriya, 16.Achera, 17.Bhalot, 18.Amla wad, 19.Richha Bachcha, 20.Mohammad Pura, 21.Changli and 22. Panpur Patwari Circles of Mandsour-R.I. Circle of Mandsour Tehsil, 3).Nagri (NPT)-NPT and 4).Mandsour (M+OG)-MUN.",249
MADHYA PRADESH,MANDSOUR,225,Malhargarh,SC,"1). Malhargarh Tehsil, 2). Dhundhadaka R.I.Circle of Mandsour Tehsil and 3). 23.Udpura, 24.Kolwa, 25.Pilpllia Karadia, 26.Padliya Maru and 27.Jaggakhedi Patwari Circles of Mandsour-R.I. Circle of Mandsour Tehsil.",249
MADHYA PRADESH,MANDSOUR,226,Suwasra,,"1). Suwasra Tehsil, 2). Sitamau T ehsil, 3). 34.Agar, 35.Hatuniya, 36.Mordi, 37.Chandwasa, 38.B hatuni, 39.Asawati, 40.Bani, 41.Kurawan, 42.Barkheda Nayak, 43.Takrawad and 45.Dhamniya Diwan Patwari Circles of Shamgarh- R.I. Circle of Garoth Tehsil and 4).Shamgarh (NPT)-NPT.",249
MADHYA PRADESH,MANDSOUR,227,Garoth,,"1). Bhanpura Tehsil, 2). Garoth R. I. Circle of Garoth Tehsil, 3). 23.Boliya, 24.Kalakheda, 25. Hanumantya, 26.Khajuri Panth, 27.Vishniya, 28.Khaikheda, 29.Dhabla Gujar, 30.Sagoriya, 31.Nariya Bujurg, 32.Melkheda and 33.Baghuniya Patwari Circles of Shamgarh- R.I. Circle of Garoth Tehsil and 4). Garoth (NPT)-NPT.",249
MADHYA PRADESH,NEEMUCH,228,Manasa,,Manasa Tehsil.,250
MADHYA PRADESH,NEEMUCH,229,Neemuch,,Neemuch Tehsil.,250
MADHYA PRADESH,NEEMUCH,230,Jawad,,Jawad Tehsil.,250
MAHARASHTRA,NANDURBAR,1,Akkalkuwa,ST,1. Akkalkuwa Tehsil and 2. Akrani Tehsil.,254
MAHARASHTRA,NANDURBAR,2,Shahada,ST,"1. Taloda Tehsil, 2. Shahada Tehsil (Part) Revenue Circle - Mhasavad, Brahmanpuri, Asal od, Shahada and Shahada (MC).",254
MAHARASHTRA,NANDURBAR,3,Nandurbar,ST,"1. Shahada Tehsil (Part) Revenue Circle - Kalsadi, Prakasha, Sarangkheda, Vadali, 2. Nandurbar Tehsil (Part) Revenue Circle - Korit, Khondamali, Ranale, Nandurbar and Nandurbar (MC).",254
MAHARASHTRA,NANDURBAR,4,Nawapur,ST,"1. Nawapur Tehsil and 2. Nandurbar Tehsil (Part), Revenue Circle- Dhanora and Ashte.",254
MAHARASHTRA,DHULE,5,Sakri,ST,Sakri Tehsil (excluding Dusane Circle).,254
MAHARASHTRA,DHULE,6,Dhule Rural,,"1. Dhule Tehsil (Part), Revenue Cir cle - Lamkani, Songir, Fagane, Mukati, Dhule, Kusumbe, Arvi and Shirur.",254
MAHARASHTRA,DHULE,7,Dhule City,,1. Dhule Tehsil (Part) - Dhule (M.Corp.).,254
MAHARASHTRA,DHULE,8,Sindkheda,,"1. Sindkheda Tehsil, 2. Sakri T ehsil (Part), Revenue Circle- Dusane.",254
MAHARASHTRA,DHULE,9,Shirpur,ST,Shirpur Tehsil.,254
MAHARASHTRA,JALGAON,10,Chopda,ST,"1. Chopda Tehsil, 2.Yawal Tehsil (Part), Revenue Circle - Kingaon and Sakali.",254
MAHARASHTRA,JALGAON,11,Raver,,"1. Yawal Tehsil (Part), Revenue Circle - Yawal, Yawal (MC), Revenue Circle - Bhalod and Faizpur, Faizpur (MC), 2. Raver Tehsil (Part), Revenue Circle - Ra ver, and Raver (MC) Revenue Circle - Khiroda and Khanapur.",255
MAHARASHTRA,JALGAON,12,Bhusawal,SC,Bhusawal Tehsil.,255
MAHARASHTRA,JALGAON,13,Jalgaon City,,1. Jalgaon Tehsil (Part) - Jalgaon (M.Corp.),255
MAHARASHTRA,JALGAON,14,Jalgaon Rural,,"1. Jalgaon Tehsil (Part) Revenue Circle Kanalde, Asoda, Jalgaon, Nashirabad and Mhasawad 2. Dharangaon Tehsil.",255
MAHARASHTRA,JALGAON,15,Amalner,,"1. Amalner Tehsil, 2. Parola Tehsil (Part), Revenue Circle - Bahadarpur and Shelave.",255
MAHARASHTRA,JALGAON,16,Erandol,,"1. Erandol Tehsil, 2. Parola Tehsil (Part), Revenue Circle- Chorwad, Tamaswadi, Parola and Parola (MC), and 3. Bhadgaon Tehsil (Part) Revenue Circle Amdade.",255
MAHARASHTRA,JALGAON,17,Chalisgaon,,Chalisgaon Tehsil.,255
MAHARASHTRA,JALGAON,18,Pachora,,"1. Pachora Tehsil (excluding Revenue Circle Kurhad), 2. Bhadgaon Tehsil (Part), Revenue Circle - Kolgaon, Bhadgaon and Gondgaon.",255
MAHARASHTRA,JALGAON,19,Jamner,,"1. Jamner Tehsil, 2 Pachora Tehsil (Part), Revenue Circle - Kurhad.",255
MAHARASHTRA,JALGAON,20,Muktainagar,,"1. Raver Tehsil (Part), Revenue Circle -Khiradi, Savda and Savda (MC), 2. Muktainagar Tehsil and 3. Bodwad Tehsil.",255
MAHARASHTRA,BULDHANA,21,Malkapur,,"1. Nandura Tehsil, 2. Malkapur Tehsil.",255
MAHARASHTRA,BULDHANA,22,Buldhana,,"1. Motala Tehsil, 2. Buldhana Tehsil (Part), Revenue Circle - Padali, Buldhana (Rural) and Buldhana (MC).",255
MAHARASHTRA,BULDHANA,23,Chikhli,,"1. Chikhli Tehsil (Part), Revenue Circle - Undri, Amdapur, Eklara, Hatni, Kolara, Chikhli and Chikh li (MC), 2. Buldhana Tehsil (Part), Revenue Circle - Raipur, Dhad and Mhasla Bk.",255
MAHARASHTRA,BULDHANA,24,Sindkhed Raja,,"1. Deolgaon Raja Tehsil, 2. Sindkhed Raja Tehsil, 3. Chikhli Tehsil (Part), Revenue Circle - Mera and 4. Lonar Tehsil (Part), Revenue Circle Bibi.",255
MAHARASHTRA,BULDHANA,25,Mehkar,SC,"1. Mehkar Tehsil, 2. Lonar Tehsil (Part), Revenue Circle Sultanpur, Titavi and Lonar, Lonar (MC).",255
MAHARASHTRA,BULDHANA,26,Khamgaon,,"1. Khamgaon Tehsil, 2. Shegaon T ehsil (Part), RevenueCircle - Jalamb, Pahurjira and Matargaon.",256
MAHARASHTRA,BULDHANA,27,Jalgaon (Jamod),,"1. Sangrampur Tehsil, 2. Jal gaon (Jamod) Tehsil, 3. Shegaon Tehsil (Part), Revenue Circl e - Manasgaon, Shegaon and Shegaon (MC).",256
MAHARASHTRA,AKOLA,28,Akot,,"1. Telhara Tehsil, 2. Akot Tehs il (Part), Revenue Circle- Umara, Panaj, Akot and Akot (MC).",256
MAHARASHTRA,AKOLA,29,Balapur,,"1. Balapur Tehsil, 2. Patur Tehsil, 3. Akola Tehsil (Part) Revenue Circle - Ugawa.",256
MAHARASHTRA,AKOLA,30,Akola West,,"Akola Tehsil (Part) - Akola (M.Corp.) (Part), Ward No 1 to 7,13 to 30, 38 to 53 and 56 to 65.",256
MAHARASHTRA,AKOLA,31,Akola East,,"Akola Tehsil (Part) - Akola (M.Corp.) (Part), Ward No 8 to 12, 31 to 37 and 54 to 55, 2. Akot T ehsil (Part), Revenue Circle-Kutasa, Chohatta, 3. Akola Tehsil (Part)-Ghusar, Palso BK., Borgaon Manju, Kapshi and Akola, Um ari Pragane Balapur (CT) and Malkapur (CT).",256
MAHARASHTRA,AKOLA,32,Murtizapur,SC,"1. Murtizapur Tehsil, 2. Barshi takli Tehsil, and 3. Akola Tehsil (Part), Revenue Circle - Kurankhed.",256
MAHARASHTRA,WASHIM,33,Risod,,"1. Malegaon Tehsil, 2. Risod Tehsil",256
MAHARASHTRA,WASHIM,34,Washim,SC,"1. Mangrulpir Tehsil, 2. Washim Tehsil",256
MAHARASHTRA,WASHIM,35,Karanja,,"1. Karanja Tehsil, 2. Manora Tehsil",256
MAHARASHTRA,AMRAVATI,36,Dhamangaon Railway,,"1. Nandgaon-Khandeshwar Tehsil, 2. Chandur Railway Tehsil and 3. Dhamangaon Railway Tehsil.",256
MAHARASHTRA,AMRAVATI,37,Badnera,,"1. Amravati Tehsil (Part), Revenue Circle - Amravati and Badnera, 2. Amravati (M.Corp.)-War d No. 6 to 18, 32 to 40, 57 to 61, 72,73, 3. Bhatkuli Tehsil (Par t), Revenue Circle - Bhatkuli and Nimbha.",256
MAHARASHTRA,AMRAVATI,38,Amravati,,"1. Amravati Tehsil (Part), Amravati (M.Corp.) - Ward No. 1 to 5, 19 to 31, 41 to 56 and 62 to 71.",256
MAHARASHTRA,AMRAVATI,39,Teosa,,"1. Teosa Tehsil, 2. Morshi T ehsil (Part), Revenue Circle - Ner Pinglai and Dhamangaon, 3. Amra vati Tehsil (Part), Revenue Circle - Shirala, Mahuli Jahangi r, Nandgaon Peth and Walgaon and 4. Bhatkuli Tehsil (Part), Rev enue Circle - Ashti and Kholapur.",257
MAHARASHTRA,AMRAVATI,40,Daryapur,SC,"1. Daryapur Tehsil, 2. Anjangaon Su rji Tehsil 3. Achalpur Tehsil (Part), Revenue Circle Rasegaon.",257
MAHARASHTRA,AMRAVATI,41,Melghat,ST,"1. Dharni Tehsil, 2. Chikhaldara Tehsil. 3.Achalpur Tehsil (Part), Revenue Circle -Paratwada and Pathrot.",257
MAHARASHTRA,AMRAVATI,42,Achalpur,,"1. Chandurbazar Tehsil, 2. Achal pur Tehsil (Part), Revenue Circle- Shirajgaon Kasba, Achalpur and Achalpur (MC).",257
MAHARASHTRA,AMRAVATI,43,Morshi,,"1. Warud Tehsil, 2. Morshi T ehsil (Part), Revenue Circle-Ambada, Hiwarkhed, Rithpur, Morshi and Morshi (MC).",257
MAHARASHTRA,WARDHA,44,Arvi,,"1. Ashti Tehsil, 2. Karanja Tehsil 3. Arvi Tehsil.",257
MAHARASHTRA,WARDHA,45,Deoli,,"1. Deoli Tehsil, 2. Wardha Tehsil (Part), Revenue Circle Anji, Sevagram, Waigaon and Waifad 3. Hinganghat Tehsil (Part), Revenue Circle Kangaon and Alipur.",257
MAHARASHTRA,WARDHA,46,Hinganghat,,"1. Samudrapur Tehsil, 2. Seloo Tehsil (Part), Revenue Circle-Sindi and Sindi (MC), 3. Hinganghat Tehsil (Part) Revenue Circle -Sawali, Wadner, Pohana, Hinganghat and Hinganghat (MC).",257
MAHARASHTRA,WARDHA,47,Wardha,,"1. Wardha Tehsil (Part), Reve nue Circle Wardha and Wardha (MC) 2. Seloo Tehsil (Part), Revenue Circle Hingni, Zadshi and Seloo.",257
MAHARASHTRA,NAGPUR,48,Katol,,"1. Narkhed Tehsil, 2. Katol Tehsil, 3. Nagpur (Rural) Tehsil (Part), Revenue Circle Wadi (Part A), Villages, Bandhara, Kavdimet, Sirpur, Bhuyari, Khairi, Amgaon, Dhaga, Bajargaon, Khapri, Shiwa, Sawanga, Wanjara, Pachnavari, Satnavari, Malegaon Kh, Malegaon Bk, Padri khapa, Mohgaon bk, Mohgaon kh, Dhamna, Linga, Pethkaldongari, Chandrapur and Vyahad.",257
MAHARASHTRA,NAGPUR,49,Savner,,1. Kalameshwar Tehsil 2. Savner Tehsil.,257
MAHARASHTRA,NAGPUR,50,Hingna,,"1. Hingna Tehsil, 2. Nagpur (Rural ) Tehsil (Part), Revenue Circle- Bori, Wadi (Part B), Villages - Walani, Brahmanwada, Bailwada, Gumthala, Ghoghali, Lonare, Bhokar a, Chakkikhapa, Bharatwada, Khandala, Pardi, Ashti, Borgaon, Mahurzari, Pithesur, Godhani (Railway), Fetari, Gonhi, Yerla, Ch icholi, Bodhala, Lava, Khadgaon, Drugdhamna, Surabardi, 3. Wadi (C T), 4. Davlameti (CT), and 5. Sonegaon (Nipani) (CT).",258
MAHARASHTRA,NAGPUR,51,Umred,SC,"1. Bhiwapur Tehsil, 2 Umred Tehsil 3. Kuhi Tehsil.",258
MAHARASHTRA,NAGPUR,52,Nagpur South West,,"Nagpur Tehsil (Part), Nagpur (M. Corp) (Part) - Ward No. 12 to 16, 43 to 51, 79 to 82 and 103 to 105.",258
MAHARASHTRA,NAGPUR,53,Nagpur South,,"Nagpur Tehsil (Part), Nagpur (M. Corp ) (Part) - Ward No. 9 to 11, 37 to 42, 73 to 78, 99 to 102 and 120.",258
MAHARASHTRA,NAGPUR,54,Nagpur East,,"Nagpur Tehsil (Part), Nagpur (M. Corp ) (Part) - Ward No. 6 to 8, 28 to 36, and 67 to 72.",258
MAHARASHTRA,NAGPUR,55,Nagpur Central,,"Nagpur Tehsil (Part), Nagpur (M. Corp ) (Part) - Ward No. 66, 92 to 98, 109 to 119 and 121 to129.",258
MAHARASHTRA,NAGPUR,56,Nagpur West,,"Nagpur Tehsil (Part), Nagpur (M. Corp) (Part) - Ward No 1, 17 to 21, 52 to 59, 83 to 87, 106 to 108 and 999.",258
MAHARASHTRA,NAGPUR,57,Nagpur North,SC,"Nagpur Tehsil (Part), Nagpur (M. Corp ) (Part) - Ward No. 2 to 5, 22 to 27, 60 to 65 and 88 to 91.",258
MAHARASHTRA,NAGPUR,58,Kamthi,,"1. Kamthi Tehsil, 2. Mouda Tehs il (Part), Revenue Circle Khat and Mouda and 3. Nagpur (Rural) T ehsil (Part), Revenue Circle Nagpur.",258
MAHARASHTRA,NAGPUR,59,Ramtek,,"1. Parseoni Tehsil, 2. Ramtek Tehsil and 3. Mouda Tehsil (Part), Revenue Circle Nimkheda.",258
MAHARASHTRA,BHANDARA,60,Tumsar,,1. Tumsar Tehsil 2. Mohadi Tehsil.,258
MAHARASHTRA,BHANDARA,61,Bhandara,SC,1. Bhandara Tehsil 2. Pauni Tehsil,258
MAHARASHTRA,BHANDARA,62,Sakoli,,"1. Sakoli Tehsil, 2. Lakhani Tehsil, 3 Lakhandur Tehsil.",258
MAHARASHTRA,GONDIYA,63,Arjuni Morgaon,SC,"1. Sadak-Arjuni Tehsil, 2. Go regaon Tehsil (Part), Revenue Circle- Mohadi and 3. Arjuni Morgaon Tehsil.",258
MAHARASHTRA,GONDIYA,64,Tirora,,"1. Tirora Tehsil and Tirora (MC), 2. Gondiya Tehsil (Part), Revenue Circle Gangazari, 3. Goregaon Te hsil (Part) Revenue Circle Goregaon.",259
MAHARASHTRA,GONDIYA,65,Gondiya,,"1. Gondiya Tehsil (Part)- Rev enue Circle- Kamtha, Ravanwadi, Dasgaon Bk, Gondiya and Gondiya (MC).",259
MAHARASHTRA,GONDIYA,66,Amgaon,ST,"1. Deori Tehsil, 2. Salekasa Tehsil 3. Amgaon Tehsil.",259
MAHARASHTRA,GADCHIROLI,67,Armori,ST,"1. Desaiganj (Wadsa) Tehsil, 2. Armori Tehsil, 3. Kurkheda Tehsil, 4. Korchi Tehsil 5. Dhanora Tehsil (Part), Revenue Circle Murumgaon.",259
MAHARASHTRA,GADCHIROLI,68,Gadchiroli,ST,"1. Gadchiroli Tehsil, 2. Chamorsh i Tehsil 3. Dhanora Tehsil (Part), Revenue Circle Dhanora and Chatgaon.",259
MAHARASHTRA,GADCHIROLI,69,Aheri,ST,"1. Aheri Tehsil, 2. Mulchera Tehsil, 3. Etapalli Tehsil, 4. Bhamragad Tehsil 5. Sironcha Tehsil.",259
MAHARASHTRA,CHANDRAPUR,70,Rajura,,"1. Korpana Tehsil, 2. Rajura Tehs il, 3. Gondpipri Tehsil, 4. Jiwti Tehsil.",259
MAHARASHTRA,CHANDRAPUR,71,Chandrapur,SC,Chandrapur Tehsil (Part) Revenue Circle Ghugus and Chandrapur (MC).,259
MAHARASHTRA,CHANDRAPUR,72,Ballarpur,,"1. Mul Tehsil, 2. Pombhurna T ehsil, 3. Ballarpur Tehsil, 4. Chandrapur Tehsil (Part)- Rev enue Circle - Chandrapur (2) and Chandrapur Rayatwari.",259
MAHARASHTRA,CHANDRAPUR,73,Brahmapuri,,"1. Sawali Tehsil, 2. Sindewahi Tehs il, 3. Brahmapuri Tehsil (Part), Revenue Circle- Gangalwadi, Br ahmapuri and Brahmapuri (MC).",259
MAHARASHTRA,CHANDRAPUR,74,Chimur,,"1. Chimur Tehsil, 2. Nagbhi r Tehsil and 3. Brahmapuri Tehsil (Part), Revenue Circle Arher Navargaon.",259
MAHARASHTRA,CHANDRAPUR,75,Warora,,1. Warora Tehsil 2. Bhadravati Tehsil.,259
MAHARASHTRA,YAVATMAL,76,Wani,,"1. Maregaon Tehsil, 2. Zari-Jamani Tehsil, 3. Wani Tehsil.",259
MAHARASHTRA,YAVATMAL,77,Ralegaon,ST,"1. Babulgaon Tehsil, 2. Kalamb Tehsil, 3. Ralegaon Tehsil, 4. Kelapur Tehsil (Part), Revenue Circle Runza.",259
MAHARASHTRA,YAVATMAL,78,Yavatmal,,1. Yavatmal Tehsil 2. Darwha Tehsil (Part)- Revenue Circle Ladkhed.,260
MAHARASHTRA,YAVATMAL,79,Digras,,"1. Digras Tehsil, 2. Ner Tehsil, 3. Darwha Tehsil (Part), Revenue Circle Loha, Chikhali, Darwha and Darwha (MC).",260
MAHARASHTRA,YAVATMAL,80,Arni,ST,"1. Arni Tehsil, 2. G hatanji Tehsil, 3. Kelapur Tehsil (Part), Revenue Circle Patan Bori, Pandharkavda and Pandharkavda (MC).",260
MAHARASHTRA,YAVATMAL,81,Pusad,,"1. Pusad Tehsil, 2. Mahagaon Tehs il (Part), Revenue Circle Kali (DK).",260
MAHARASHTRA,YAVATMAL,82,Umarkhed,SC,"1. Umarkhed Tehsil, 2. Mahagaon Tehsil (Part), Revenue Circle- Gunj, Morath, Mahagaon.",260
MAHARASHTRA,NANDED,83,Kinwat,,1. Mahur Tehsil 2. Kinwat Tehsil.,260
MAHARASHTRA,NANDED,84,Hadgaon,,1. Himayatnagar Tehsil 2. Hadgaon Tehsil.,260
MAHARASHTRA,NANDED,85,Bhokar,,"1. Ardhapur Tehsil, 2. Mudkhed Tehsil 3. Bhokar Tehsil.",260
MAHARASHTRA,NANDED,86,Nanded North,,"Nanded Tehsil (Part), Revenue Circle, Nanded Urban, Nanded Rural, Limbgaon and Nanded - Waghala M. Corp. (Part), Ward No. 1 to 9, 28 to 39, 50 to 58.",260
MAHARASHTRA,NANDED,87,Nanded South,,"1. Loha Tehsil (Part), Revenue Cir cle Sonkhed, 2. Nanded Tehsil (Part), Revenue Circle Tuppa, Vi shnupuri and Nanded-Waghala M. Corp. (Part) -Ward No. 10 to 27, 40 to 49, 59 to 65.",260
MAHARASHTRA,NANDED,88,Loha,,"1. Loha Tehsil (Part), Revenue Cir cle Malakoli Kalambar, Kapsi Bk., Loha and Loha M.C., 2. Kandhar T ehsil (Part), Revenue Circle Usman Nagar, Barul, Kandhar and Kandhar M.C.",260
MAHARASHTRA,NANDED,89,Naigaon,,"1. Umri Tehsil, 2. Dharmabad Tehsil and 3. Naigaon Tehsil.",260
MAHARASHTRA,NANDED,90,Deglur,SC,1. Deglur Tehsil 2. Biloli Tehsil.,260
MAHARASHTRA,NANDED,91,Mukhed,,"1. Mukhed Tehsil, 2. Kandhar T ehsil (Part) - Revenue Circle Pethwadaj and Kurla.",260
MAHARASHTRA,HINGOLI,92,Basmath,,"1. Basmath Tehsil 2. Aundha (N agnath) Tehsil (Part), Revenue Circle-Jawlabajar and Salna.",260
MAHARASHTRA,HINGOLI,93,Kalamnuri,,"1. Aundha (Nagnath) Tehsil (P art), Revenue Circle Aundha Nagnath, Yehlegaon, 2. Hingoli T ehsil (Part) Revenue Circle Sirsam Bk. and Basamba 3. Kalamnuri Tehsil.",260
MAHARASHTRA,HINGOLI,94,Hingoli,,"1. Sengaon Tehsil, 2. Hingoli Tehsil (Part), Revenue Circle Malhiwara, Narsi, Hingoli and Hingoli (MC).",261
MAHARASHTRA,PARBHANI,95,Jintur,,1. Sailu Tehsil 2. Jintur Tehsil.,261
MAHARASHTRA,PARBHANI,96,Parbhani,,"Parbhani Tehsil (Part), Revenue Circl e Zari, Pingali, Parbhani and Parbhani (MC).",261
MAHARASHTRA,PARBHANI,97,Gangakhed,,"1. Gangakhed Tehsil, 2. Palam Tehsil 3. Purna Tehsil.",261
MAHARASHTRA,PARBHANI,98,Pathri,,"1. Pathri Tehsil, 2. Manwath Tehsil, 3. S onpeth Tehsil, 4. Parbhani Tehsil (Part), Revenue Circle Pedgaon, Singnapur and Daithana.",261
MAHARASHTRA,JALNA,99,Partur,,"1. Partur Tehsil, 2. Mantha Tehsil 3. Jalna Tehsil (Part), Revenue Circle Ner.",261
MAHARASHTRA,JALNA,100,Ghansawangi,,"1. Ghansawangi Tehsil, 2. Jal na Tehsil (Part), Revenue Circle Viregaon and Pachanwadgaon, 3. Am bad Tehsil (Part) - Revenue Circle Wadi Godri and Gondi.",261
MAHARASHTRA,JALNA,101,Jalna,,"1. Jalna Tehsil (Part), Revenue Cir cle Waghrul Jahagir, Ramnagar, Jalna (Rural) and Jalna (MC).",261
MAHARASHTRA,JALNA,102,Badnapur,SC,"1. Badnapur Tehsil, 2. Bhokard an Tehsil (Part), Revenue Circle- Hasnabad and Rajur, 3. Ambad T ehsil (Part), Revenue Circle Jamkhed, Dhangar Pimpri, Ambad and Ambad (MC).",261
MAHARASHTRA,JALNA,103,Bhokardan,,"1. Jafferabad Tehsil, 2. Bhokar dan Tehsil (Part), Revenue Circle Dhawada, Pimpalgaon (Renukai), Sipora Bazar, Bhokardan and Bhokardan (MC).",261
MAHARASHTRA,AURANGABAD,104,Sillod,,"1. Sillod Tehsil, 2. Soegaon Tehsil (Part)- Revenue Circle Soegaon.",261
MAHARASHTRA,AURANGABAD,105,Kannad,,"1. Kannad Tehsil, 2. Soegaon Tehsil (Part)-Revenue Circle- Banoti.",261
MAHARASHTRA,AURANGABAD,106,Phulambri,,"1. Phulambri Tehsil, 2. Aur angabad Tehsil (Part), Revenue Circle Chauka, Ladsawangi, Karmad and Auranga bad (M. Corp.) (Part) - Ward No. 9 to 13.",261
MAHARASHTRA,AURANGABAD,107,Aurangabad Central,,"1. Aurangabad Tehsil (Part), Aur angabad (M. Corp.) (Part)-Ward No. 2 to 5, 34 to 48, 60 to 68 and 79 to 83.",262
MAHARASHTRA,AURANGABAD,108,Aurangabad West,SC,"1. Aurangabad Tehsil (Part)-Rev enue Circle Kanchanwadi, Aurangabad (CB), and Aurangabad (M Corp .) (Part) - Ward No. 1, 17 to 33.",262
MAHARASHTRA,AURANGABAD,109,Aurangabad East,,"Aurangabad Tehsil (Part), Aurangabad (M Corp.) - Ward No. 6 to 8, 14 to 16, 49 to 59 and 69 to 78.",262
MAHARASHTRA,AURANGABAD,110,Paithan,,"1. Paithan Tehsil, 2. Aurangabad Tehsil (Part), Revenue Circle Pimpri.",262
MAHARASHTRA,AURANGABAD,111,Gangapur,,"1. Gangapur Tehsil (Part), Rev enue Circle Shendurwada, Waluj, Harsul, Turkabad, Gangapur and Gangapur (MC) 2. Khultabad Tehsil.",262
MAHARASHTRA,AURANGABAD,112,Vaijapur,,"1. Vaijapur Tehsil, 2. Gangapur Tehsil (Part), Revenue Circle Manjri and Siddhanath Wadgaon.",262
MAHARASHTRA,NASHIK,113,Nandgaon,,"1. Nandgaon Tehsil, 2. Malegaon Tehsil (Part), Revenue Circle- Kaulane (Nimbait), Nimgaon and Kalwadi.",262
MAHARASHTRA,NASHIK,114,Malegaon Central,,"Malegaon Tehsil (Part), Malegaon (M.Corp .) (Part) - Ward No. 8 to 20 and 26 to 65.",262
MAHARASHTRA,NASHIK,115,Malegaon Outer,,"Malegaon Tehsil (Part), Revenue Circle Vadner, Karanjgavan, Zodage, Dabhadi, Saundane, Malegaon and Malegaon (M.Corp.) (Part) - Ward No. 1 to 7, 21 to 25.",262
MAHARASHTRA,NASHIK,116,Baglan,ST,Baglan Tehsil,262
MAHARASHTRA,NASHIK,117,Kalwan,ST,1. Surgana Tehsil 2. KalwanTehsil.,262
MAHARASHTRA,NASHIK,118,Chandvad,,1. Deola Tehsil 2. Chandvad Tehsil,262
MAHARASHTRA,NASHIK,119,Yevla,,"1. Yevla Tehsil, 2. Niphad Tehsil (Part), Revenue Circle-Lasalgaon and Deogaon.",262
MAHARASHTRA,NASHIK,120,Sinnar,,"1. Sinnar Tehsil and 2. Igat puri Tehsil (Part), Revenue Circle Taked.",262
MAHARASHTRA,NASHIK,121,Niphad,,"Niphad Tehsil (Part), Revenue Circle Chandori, Pimpalgaon Baswant, Ranvad, Niphad and Saikheda.",262
MAHARASHTRA,NASHIK,122,Dindori,ST,1. Dindori Tehsil 2. Peint Tehsil.,262
MAHARASHTRA,NASHIK,123,Nashik East,,"Nashik Tehsil (Part), Nashik (M Corp.) (Part) - Ward No. 1 to 10, 14, 16, 30 to 35, 40 to 42 and 67 to 70.",263
MAHARASHTRA,NASHIK,124,Nashik Central,,"Nashik Tehsil (Part), Nashik (M Corp.) (Part) - Ward No. 27 to 29, 36 to 39, 43, 44, 61 to 66, 71 to 87.",263
MAHARASHTRA,NASHIK,125,Nashik West,,"Nashik Tehsil (Part), Nashik (M Corp.) (Part) - Ward No. 21 to 26, 45 to 60.",263
MAHARASHTRA,NASHIK,126,Deolali,SC,"1. Nashik Tehsil (Part), Revenue Circle Girnare, Makhamalabad, Satpur, Nashik, Madsangavi, Shinde, Deolali, Deolali (CB) and Bhagur (MC), 2. Nashik - (M Corp.) (Part) -Ward No. 11 to 13, 15, 17 to 20.",263
MAHARASHTRA,NASHIK,127,Igatpuri,ST,"1. Trimbakeshwar Tehsil, 2. I gatpuri Tehsil (Part)-Revenue Circle- Dhargaon, Wadivarhe, Ghoti, Igatpuri and Igatpuri (MC).",263
MAHARASHTRA,THANE,128,Dahanu,ST,"1. Talasari Tehsil, 2. Dahanu T ehsil (Part), Revenue Circle Saivan, Malyan, Dahanu and Dahanu (M.C.)",263
MAHARASHTRA,THANE,129,Vikramgad,ST,"1. Vikramgad Tehsil, 2. Jawhar Tehsil, 3. Mokhada Tehsil, 4. Wada Tehsil (Part), Revenue Circle Kanchad.",263
MAHARASHTRA,THANE,130,Palghar,ST,"1. Dahanu Tehsil (Part), Revenue Circle Kasa and Chinchani. 2. Palghar Tehsil (Part), Re venue Circle Tarapur, Palghar and Palghar (M.C.)",263
MAHARASHTRA,THANE,131,Boisar,ST,"1. Palghar Tehsil (Part), Rev enue Circle-Saphala, Boisar and Manor 2. Vasai Tehsil (Part), Re venue Circle-Mandvi, Waliv (CT), and Gokhiware (CT).",263
MAHARASHTRA,THANE,132,Nalasopara,,"Vasai Tehsil (Part) - Revenue Circle Virar, Virar (MC) and Nalasopara (MC).",263
MAHARASHTRA,THANE,133,Vasai,,"Vasai Tehsil (Part)-Revenue Circle- Vasai, Manikpur and Agashi and Navghar Manikpur (MC), Vasai (MC) and Sandor (CT).",263
MAHARASHTRA,THANE,134,Bhiwandi Rural,ST,"1. Bhiwandi Tehsil (Part), Re venue Circle Dighashi, Angaon, Padgha, Additional Bhiwandi, Kharbav , Padgha (CT), Kon (CT) 2. Wada Tehsil (Part), Revenue Circle-Wada.",263
MAHARASHTRA,THANE,135,Shahapur,ST,"1. Shahapur Tehsil 2. Wada T ehsil (Part), Revenue Circle- Mandva.",263
MAHARASHTRA,THANE,136,Bhiwandi West,,"1. Bhiwandi Tehsil (Part), Bhiwandi (M. Corp.). (Part) - Ward No 1 to 5, 18 to 35, 51 to 61, K honi (CT), Shelar (CT), Katai (CT), Karivali (CT).",264
MAHARASHTRA,THANE,137,Bhiwandi East,,"1. Bhiwandi Tehsil (Part), Bhiwandi M. Corp. (Part) -Ward No 6 to 17, 36 to 50 and 62 to 65, and Bhi nar Saza in Bhiwandi Revenue Circle.",264
MAHARASHTRA,THANE,138,Kalyan West,,1. Kalyan Tehsil(Part) - Kalyan Domb ivali M.Corp. (Part) - Ward No 1 to 12 and 35 to 50 and Manda Saza in Kalyan Revenue Circle.,264
MAHARASHTRA,THANE,139,Murbad,,"1. Murbad Tehsil, 2. Kalyan Tehs il (Part)-Revenue Circle-Titwala , Nadgaon 3.Ambernath Tehsil (Par t), Revenue Circle Badlapur , Goregaon, Kulgaon-Badlapur (MC), Ambernath Revenue Circle (Part) Manjarli and Kharwai Saza.",264
MAHARASHTRA,THANE,140,Ambernath,SC,"1. Ambernath Tehsil (Part), Rev enue Circle Ambernat h (Rural), and Ambernath (MC), 2. Ulhas nagar Tehsil (Part), Ulhasnagar (M.Corp.) (Part) - Ward No14 to 22 and 44 to 51.",264
MAHARASHTRA,THANE,141,Ulhasnagar,,"1. Kalyan Tehsil (Part) - Kaly an Revenue Circle (Part) Shahad Saza, 2. Ulhasnagar Tehsil (Part) , Ulhasnagar M.Corp. (Part) - Ward No 1 to 13, 27 to 42 and 56 to 69.",264
MAHARASHTRA,THANE,142,Kalyan East,,"1. Kalyan Tehsil (Part), Kalyan Do mbivali (M.Corp.) (Part) - Ward No. 13 to 30, 2. Ambernat h Tehsil (Part), Revenue Circle Kumbharli 3. Ulhasnagar Tehsil (Part) - Ulhasnagar (M.Corp.) (Part), Ward No. 23 to 26, 43, and 52 to 55.",264
MAHARASHTRA,THANE,143,Dombivali,,"Kalyan Tehsil (Part), Kalyan Dombiv ali (M.Corp.) (Part) - Ward No. 57 to 65, 68 and 78 to 96.",264
MAHARASHTRA,THANE,144,Kalyan Rural,,"1. Thane Tehsil (Part) - Navi Mumb ai M.Corp. (Part) - Ward No. 6 & 7, Thane M.Corp. (Part) -Ward No . 6 & 7. 2. Kalyan Tehsil (Part), Kalyan Dombivali M.Corp. (Par t) - Ward No. 31 to 34, 51 to 56, 66, 67 and 69 to 77, Kalyan Revenue Circle(Part)- Nilje and Hedutane Saza.",264
MAHARASHTRA,THANE,145,Mira Bhayandar,,"1. Thane Tehsil (Part), Mira Bhayandar M.Corp. (Part)- Ward No. 1 to 8, 17 to 36, 41 to 44, 46 and 47.",264
MAHARASHTRA,THANE,146,Ovala - Majiwada,,"1.Thane Tehsil (Part) - Mira Bhay andar M.Corp. (Part) - Ward No. 9 to16, 37 to 40, 45 and Thane M. Corp. (Part) - Ward No 9 and 11.",264
MAHARASHTRA,THANE,147,Kopri- Pachpakhadi,,"Thane Tehsil (Part), Thane M. Corp. (Part) - Ward No. 3 and 8.",264
MAHARASHTRA,THANE,148,Thane,,"Thane Tehsil (Part), Thane M.Corp. (Part) - Ward No. 1, 2, 10, 12 &13.",264
MAHARASHTRA,THANE,149,Mumbra-Kalwa,,"Thane Tehsil (Part), Thane M.Corp. (Part) - Ward No. 4 & 5.",265
MAHARASHTRA,THANE,150,Airoli,,"Thane Tehsil (Part), Navi Mumbai M.Co rp. (Part) - Ward No. 1 to 5, 8, 9, 27 to 42 and 61.",265
MAHARASHTRA,THANE,151,Belapur,,"Thane Tehsil (Part), Navi Mumbai M.Corp. (Part) -Ward No.10 to 26, 43 to 60 and 62 to 66.",265
MAHARASHTRA,MUMBAI SUBURBAN,152,Borivali,,"Greater Mumbai M. Corp. (Part) - Ward No. 1566, 1771, 1769, Ward No. 1772 (Part) - E.B. No. 64 to 107 and 109 to 179.",265
MAHARASHTRA,MUMBAI SUBURBAN,153,Dahisar,,"Greater Mumbai M. Corp. (Part) -Ward No. 1770, 1870, 1874, Ward No. 1772 (Part), E.B. No. 1 to 63 and 108.",265
MAHARASHTRA,MUMBAI SUBURBAN,154,Magathane,,"Greater Mumbai M. Corp. (Part) - Ward No. 1773, 1873 and Ward No. 1668 (Part) - E.B. No. 213 to 356, 482 to 501 and 519 to 525.",265
MAHARASHTRA,MUMBAI SUBURBAN,155,Mulund,,Greater Mumbai M. Corp. (Part) - Ward No. 2486 to 2488.,265
MAHARASHTRA,MUMBAI SUBURBAN,156,Vikhroli,,"Greater Mumbai M. Corp. (Part) - Ward No. 2384 (Part) - E.B. No. 1 to 118, 124 to 254, 303 to 432, 611 to 613, Ward No. 2385 (Part) -E.B. No. 1 to 107, 111 to 169, 523 to 548, 595 to 627, 688, 689, 691 to 699, 832, and 834 to 836.",265
MAHARASHTRA,MUMBAI SUBURBAN,157,Bhandup West,,"Greater Mumbai M. Corp. (Part) - Ward No. 2384 (Part) - E.B. No. 119 to 123, and Ward No. 2385 (Part) - E.B. No. 108 to 110, 170 to 522, 640 to 687, 690 and 700 to 728.",265
MAHARASHTRA,MUMBAI SUBURBAN,158,Jogeshwari East,,"Greater Mumbai M. Corp. (Part) - Ward No. 1256, 1258 and 1459.",265
MAHARASHTRA,MUMBAI SUBURBAN,159,Dindoshi,,Greater Mumbai M. Corp. (Part) - Ward No. 1564.,265
MAHARASHTRA,MUMBAI SUBURBAN,160,Kandivali East,,"Greater Mumbai M. Corp. (Part) - Ward No. 1563, Ward No. 1668 (Part) - E.B. No. 1 to 212, 357 to 481, 502 to 518.",265
MAHARASHTRA,MUMBAI SUBURBAN,161,Charkop,,"Greater Mumbai M. Corp. (Part) - Ward No. 1667, Ward No. 1565 (Part) - E.B. No. 1 to 5, 23 to 51, 54, 377 and 1401 to 1403.",265
MAHARASHTRA,MUMBAI SUBURBAN,162,Malad West,,"Greater Mumbai M. Corp. (Par t) -Ward No. 1354, 1561, 1562, Ward No. 1565 (Part)- E.B. No.6 to 22, 52, 53, 55 to 376.",265
MAHARASHTRA,MUMBAI SUBURBAN,163,Goregaon,,"Greater Mumbai M. Corp. (Part) - Ward No. 1458, 1460, 1463.",265
MAHARASHTRA,MUMBAI SUBURBAN,164,Versova,,"Greater Mumbai M. Corp. (Part) - Ward No. 1357, Ward No. 1352 (Part) - E.B. No.317, 318, 322, 323, 326, 329 to 418, 496 to 637 and Ward No. 1353 (Part) - E.B. No . 69 to 158, 161 to 163, 181 to 229.",266
MAHARASHTRA,MUMBAI SUBURBAN,165,Andheri West,,"Greater Mumbai M. Corp. (Part) - Ward No. 1351, Ward No. 1352 (Part) - E.B. No. 1 to 316, 319 to 321, 324, 325, 327, 328, 419 to 495, Ward No. 1353 (Part) - E.B. No . 1 to 68, 159, 160, 164 to 180.",266
MAHARASHTRA,MUMBAI SUBURBAN,166,Andheri East,,"Greater Mumbai M. Corp. (Part) - Ward No. 1255 (Part) - E.B. No. 1 to 220 and 330 to 680, Ward No . 2385 (Part) - E.B. No. 549 to 594, 628 to 639, 833.",266
MAHARASHTRA,MUMBAI SUBURBAN,167,Vile Parle,,"Greater Mumbai M. Corp. (Part) - Ward No. 1048 (Part)-E.B. No. 95 to 128, 325 to 339 & 431 to 437 Ward No. 1249, 1350, Ward No. 1255 (Part)- E.B.No. 221 to 329.",266
MAHARASHTRA,MUMBAI SUBURBAN,168,Chandivali,,"Greater Mumbai M. Corp. (Part) - Ward No.1978 (Part) - E.B.No. 55 to 61, 64 to 69, 73 to 78, 126 to 138, 164 to 352, 394 to 405, 422 to 573, 580 to 689, 707 to 831, Ward No. 2384(Part)-E.B. No. 255 to 302.",266
MAHARASHTRA,MUMBAI SUBURBAN,169,Ghatkopar West,,"Greater Mumbai M. Corp. (Part) - Ward No. 2284 (Part)-, E.B. No. 486 to 489, 492, 493, 495, 500 to 536, 538 to 587, 609, 610, Ward No. 2283, Ward No. 1978 (Part)-E.B. No. 353 to 393, 406 to 421, 690 to 706, 832 to 836",266
MAHARASHTRA,MUMBAI SUBURBAN,170,Ghatkopar East,,"Greater Mumbai M. Corp. (Part) - Ward No. 2281, 2284 (Part)-E.B. No. 430 to 485, 490, 491, 494, 496 to 499, 537, 588 to 608 and Ward No. 2282.",266
MAHARASHTRA,MUMBAI SUBURBAN,171,Mankhurd Shivaji Nagar,,"Greater Mumbai M. Corp. (Part) - Ward No. 2079, Ward No. 2080 (Part) - E.B. No. 1 to 59, 112 to 123, 179, 595 to 799, 805, 808 to 1048, 1200 to 1213, 1225, 1226, 1228 & 1230.",266
MAHARASHTRA,MUMBAI SUBURBAN,172,Anushakti Nagar,,"Greater Mumbai M. Corp. (Part) - Ward No. 2080 (Part) - E.B. No. 60 to 111, 124 to 178, 180 to 594, 800 to 804, 806 , 807, 1049 to 1057, 1190 to 1199, 1214 to 1224, 1227, 1229, 1231, 3301 & 3302.",266
MAHARASHTRA,MUMBAI SUBURBAN,173,Chembur,,"Greater Mumbai M. Corp. (Part) - Ward No. 2180, Ward No. 2179 (Part) - E.B. No. 87 to 507, 601 to 611, 617, 691 to 694, Ward No. 1977(Part) - E.B. No. 87, 88, 265, 266, 272, 273, 277 to 288 & 290.",266
MAHARASHTRA,MUMBAI SUBURBAN,174,Kurla,SC,"Greater Mumbai M. Corp. (Part) - Ward No. 1976, Ward No. 1977 (Part)-E.B. No. 1 to 86, 89 to 264, 267 to 271, 274, 275, 289, 291 to 294, Ward No. 2179 (Part)- E.B. No. 1 to 86, 508 to 600, 612 to 616, Ward No. 1975 (Part) - E.B. No 1 to 27, 29 to 46, 127 to 147, 156 to 201.",267
MAHARASHTRA,MUMBAI SUBURBAN,175,Kalina,,"Greater Mumbai M. Corp. (Part) - Ward No. 1048 (P art) -E.B. No. 59 to 76, 129 to 324, 340 to 430, 438 to 483, Ward No. 1975 (Part) E.B. No. 28, 47 to 126, 148 to 155 and 202 to 240 Ward No. 1978 (Part)-E.B. No. 1 to 54, 62, 63, 70 to 72, 79 to 125, 139 to 163, 574 to 579, and 837.",267
MAHARASHTRA,MUMBAI SUBURBAN,176,Vandre East,,"Greater Mumbai M. Corp. (Part )-Ward No.1043, Ward No. 1045, Ward No. 1048, (Part)- E.B. No. 1 to 58 & 77 to 94.",267
MAHARASHTRA,MUMBAI SUBURBAN,177,Vandre West,,"Greater Mumbai M. Corp. (Part) - Ward No. 1139 to 1147, 1151.",267
MAHARASHTRA,MUMBAI CITY,178,Dharavi,SC,"Greater Mumbai M. Corp. (Part) - Ward No. 933 (Part) Dadar - E.B. No. 12, EB. No. 16 to 507, 699 to 733 .",267
MAHARASHTRA,MUMBAI CITY,179,Sion Koliwada,,"Greater Mumbai (M. Corp.) (Part) - Ward No. 732 (Part)-Sion - E.B. No. 1 to 56, 58 to 74, 76 to 112, 116 to 178, 184 to 359, 378 to 393, 395 to 409, 414 to 449, 475 to 479, 482 to 489, 496 to 540, 552 to 570, 572 to 604, 616 to 643, 791 to 794, 797, 1601.",267
MAHARASHTRA,MUMBAI CITY,180,Wadala,,"Greater Mumbai (M Corp.) (Part)- Ward No. 630 - Naigaon, Ward No. 731 - Matunga - Ward No. 629 (P art) Shiwadi - E.B. No. 32 to 48, 304 to 306, 309, 310, - Wa rd No. 732 (Part) - Sion - E.B. No. 57, 75, 113 to 115, 179 to 183, 360 to 367, 394, 410 to 413, 450 to 474, 480, 481, 490 to 495, 541 to 551, 571, 605 to 615 , 644 to 790, 795 & 796, Ward No. 935 (Part)-Prabhadevi - E.B. No. 122 to 130, 132, 134 to 162.",267
MAHARASHTRA,MUMBAI CITY,181,Mahim,,"Greater Mumbai (M.Corp.) (Part )- Ward No. 934, Ward No. 835 (Part)-Prabhadevi - E.B. No. 1 to 66, 182, 212 to 225, Ward No. 935 (Part)- Prabhadevi - E.B. No. 1 to 121, 131, 133, 163, Ward No. 836 (Part)-Worli - E.B. No. 120,122,127,129 to 157, 284, 287 and Ward No. 933 (Part) - Dadar - E.B. No 1 to 11, 13 to 15, 508 to 698 & 734.",267
MAHARASHTRA,MUMBAI CITY,182,Worli,,"Greater Mumbai (M.Corp.) (Part )- Ward No. 838 -Love Grove, Ward No. 837 (Part)-Chinchpokli, E.B. No. 27 to 186, 188 to 194, Ward No. 836 (Part)-Worli, E.B. No 1 to 119, 121, 123 to 126, 128, 158 to 283, 285, 286, 801,802 & 1001.",267
MAHARASHTRA,MUMBAI CITY,183,Shivadi,,"Greater Mumbai (M.Corp.) (Part), Ward No. 628 -Parel, Ward No. 837 (Part)-Chinchpokli - E.B. No. 1 to 26, and 187, Ward No. 835 (Part)-Prabhadevi,E.B. No 164 to 181, 183 to 211, Ward No. 629(Part)-Shivadi - E.B. No. 1 to 31, 49 to 303, 307, 308 & 311 to 317.",268
MAHARASHTRA,MUMBAI CITY,184,Byculla,,"Greater Mumbai (M Corp.) (Part) , Ward No. 522 -Mazgaon, Ward st No. 523 -Tadwadi, Ward No. 524 - 1 Nagpada and Ward No. 527-Byculla.",268
MAHARASHTRA,MUMBAI CITY,185,Malabar Hill,,"Greater Mumbai (M Corp.) (Part) - Ward No. 416 - Khetwadi, Ward No. 418-Girgaum, Ward No. 419 -Chowpaty, Ward No. 420- Walkeshwar and Ward No. 421-Mahalaxmi.",268
MAHARASHTRA,MUMBAI CITY,186,Mumbadevi,,"Greater Mumbai (M.Corp.)(Part) - Ward No. 208 -Umarkhadi, 209- Dongari, Ward No. 310 -Khara Talao, Ward No. 311 - Kumbharwada, Ward No. 312-Bhul eshwar, Ward No. 417 -Tardeo, nd Ward No. 525 -2 Nagpada Ward No. 526 -Kamathipura.",268
MAHARASHTRA,MUMBAI CITY,187,Colaba,,"Greater Mumbai (M.Corp.) (Part )- Ward No. 101 -Upper Colaba, Ward No. 102 -Middle & Lower Colaba, Ward No. 103 -Fort South, Ward No. 104 -Fort North, Ward No. 105 -Esplanade, Ward No. 206-Mandavi, Ward No. 207 -Chakla , Ward No. 313 -Market, Ward No. 314-Dhobi Talao and Ward No.315 -Fanaswadi.",268
MAHARASHTRA,RAIGAD,188,Panvel,,"1. Panvel Tehsil (Part), Revenue Circle Taloja, Morbe, Panvel, and Panvel (MC) .",268
MAHARASHTRA,RAIGAD,189,Karjat,,"1. Karjat Tehsil, 2. Khalapur Tehsil (Part), Revenue Circle Vavashi, Khopoli and Khopoli (MC).",268
MAHARASHTRA,RAIGAD,190,Uran,,"1. Uran Tehsil, 2. Khalapur Tehsil (Part) - Revenue Circle Chauk, 3. Panvel Tehsil (Part), Revenue Circle Owle and Poyanje.",268
MAHARASHTRA,RAIGAD,191,Pen,,"1. Sudhagad Tehsil, 2. Pen Tehsil, 3. Roha Tehsil (Part)-Revenue Circle Nagothane and Kolad.",268
MAHARASHTRA,RAIGAD,192,Alibag,,"1. Alibag Tehsil, 2. Murud Tehs il 3. Roha Tehsil (Part), Revenue Circle Chanere.",268
MAHARASHTRA,RAIGAD,193,Shrivardhan,,"1. Shrivardhan Tehsil, 2. Mhasla Tehsil, 3. Roha Tehsil (Part) Revenue Circle Roha and Roha Ashtami (MC), 4. Mangaon Tehsil(Part)-Revenue Circle Mangaon, 5. Tala Tehsil.",268
MAHARASHTRA,RAIGAD,194,Mahad,,"1. Mahad Tehsil, 2. Poladpur Tehs il, 3. Mangaon Tehsil (Part) Revenue Circle Nijampur and Goregaon.",269
MAHARASHTRA,PUNE,195,Junnar,,Junnar Tehsil.,269
MAHARASHTRA,PUNE,196,Ambegaon,,"1. Ambegaon Tehsil, 2. Shirur Tehsil (Part) - Revenue Circle Pabal, Taklihaji, Shirur (excl uding Shirur and Karanjawane Sazas).",269
MAHARASHTRA,PUNE,197,Khed Alandi,,Khed Tehsil.,269
MAHARASHTRA,PUNE,198,Shirur,,"1. Shirur Tehsil (Part) - Rev enue Circle Nhavare, Wadgaon Rasai and Talegaon Dhamdhere, Shirur Sa za and Karanjawane Saza of Shirur Revenue Circle and Shirur (M.C.), 2. Haveli Tehsil (Part) - Revenue Circle - Wagholi and Urali Kanchan .",269
MAHARASHTRA,PUNE,199,Daund,,Daund Tehsil.,269
MAHARASHTRA,PUNE,200,Indapur,,Indapur Tehsil.,269
MAHARASHTRA,PUNE,201,Baramati,,Baramati Tehsil.,269
MAHARASHTRA,PUNE,202,Purandar,,"1. Purandar Tehsil, 2. Haveli Tehsil (Part) - Revenue Circle Hadapsar (Excluding area covered in PMC as wards), Pisoli village in Hadapsar Revenue Circle (Ward No. 135 of PMC), Undri village in Hadaspur Revenue Circle (W ard No. 136 of PMC), Ambegaon Bk village in Hadapsar Revenue Cir cle (Ward No 141 of PMC), Ambegaon Kd village in Hadapsar Revenue Circle (Ward No. 142 of PMC).",269
MAHARASHTRA,PUNE,203,Bhor,,"1 . Mulshi Tehsil, 2 .Velhe Tehsil 3. Bhor Tehsil 4. Pune M. Corp(Part) - Wards 157, 159 and 160.",269
MAHARASHTRA,PUNE,204,Maval,,"1. Maval Tehsil, 2. Haveli Tehs il (Part) - Chinchwad Revenue Circle (Dehu Saza) and Dehu Road Cantonment.",269
MAHARASHTRA,PUNE,205,Chinchwad,,"Haveli Tehsil (Part) - Pimpri Chin chwad M.Corp. (Part)-Ward No 38 to 51, 53, 67 to 73, and 91 to 95.",269
MAHARASHTRA,PUNE,206,Pimpri,SC,"Haveli Tehsil (Part)-Pimpri Chinchwad M.Corp (Part) - Ward No. 1 to 7, 13 to 18, 31 to 37, 52, 54 to 58, 61 to 66, 74 to 79, 87 to 90, CME - 999.",269
MAHARASHTRA,PUNE,207,Bhosari,,"Haveli Tehsil (Part),-Pimpri Chinch wad M.Corp. (Part) - Ward No. 8 to 12, 19 to 30, 59, 60, 80 to 86.",269
MAHARASHTRA,PUNE,208,Vadgaon Sheri,,"1. Pune Municipal Corp. (Part)-War d No. 8 to 15, 64 to 68, 125 to 129, 2. Haveli Tehsil (Part)- Re venue Circle Kalas (excluding Area Transferred to PMC).",270
MAHARASHTRA,PUNE,209,Shivajinagar,,"Pune M. Corp. (Part)- Ward No. 1 to 7, 59 to 63, 95 to 101, 119 and Khadki Cantonment.",270
MAHARASHTRA,PUNE,210,Kothrud,,"Pune M. Corp (Part)-Ward No. 43 to 58, 161 & 162.",270
MAHARASHTRA,PUNE,211,Khadakwasala,,"Haveli Tehsil (Part)-Revenue Circle - Khed Shivapur, (excluding area covered in PMC as wards), Narhe village in Khed Shivapur Revenue Circle (Ward No. 143 of PMC), Nanded village in Khed Shivapur Revenue Circle (Ward No. 146 of PMC), Kirkatwadi Vill. in Khed Shivapur Revenue Circl e (Ward No. 147 of PMC), Khadakwasla Vill. in Khed Shiv apur Revenue Circle (Ward No. 148 of PMC), Kothrud Revenue Circle in Haveli Tehsil excluding area transferred to PMC as Wards, Sh ivne Vill. in Kothrud Revenue Circle shown as Ward No. 152, Uttamnagar village. in Kothrud Revenue Circle shown as Ward. No. 153, Kopre village in Kothrud Revenue Circle shown as Ward No. 154, Kondhwe Dhavde village in Kothrud Revenue Circle show n as Ward No. 155, Pune M.Corp(Part) - Ward No. 31, 140, 144, 145, 149, 151,156, 158.",270
MAHARASHTRA,PUNE,212,Parvati,,"Pune M. Corp (Part) - Ward No. 27 to 30, 32 to 40, 42, 86 to 90 &150.",270
MAHARASHTRA,PUNE,213,Hadapsar,,"1. Pune City Tehsil (Part)-Rev enue Circle - Yerwada (Mundhava Saza) shown as Ward No. 130 of PMC, 2. Pune M. Corp-(Part) Ward No . 17, 19 to 23, 26, 131 to 134, 137 to 139.",270
MAHARASHTRA,PUNE,214,Pune Cantonment,SC,"Pune M. Corp-(Part) - Ward No. 16, 18, 24 to 25, 69 to 75, 77, 79 to 80, 83 to 85, 102, 104 and Pune Cantonment.",270
MAHARASHTRA,PUNE,215,Kasba Peth,,"Pune M. Corp.(Part) - Ward No. 41, 76, 78, 81 to 82, 91 to 94, 103, 105 to 118, 120 to 124.",270
MAHARASHTRA,AHMEDNAGAR,216,Akole,ST,"1. Akole Tehsil, 2. Sangamner Tehsil (Part) Revenue Circle Ghargaon",270
MAHARASHTRA,AHMEDNAGAR,217,Sangamner,,"Sangamner Tehsil (Part) Revenue Circle - Talegaon, Sakur, Sangamner and Sangamner (MC)",270
MAHARASHTRA,AHMEDNAGAR,218,Shirdi,,"1. Sangamner Tehsil (Part) Revenue Circle - Ashwi . 2. Rahata Tehsil (Part) Revenue Cir cle - Rahata, Rajuri, Loni, Shirdi (MC), and Rahata Pimplas (MC).",271
MAHARASHTRA,AHMEDNAGAR,219,Kopargaon,,"1. Kopargaon Tehsil, 2. Rahata Tehsil (Part) Revenue Circle - Puntamba and Chitali.",271
MAHARASHTRA,AHMEDNAGAR,220,Shrirampur,SC,"1. Shrirampur Tehsil, 2. R ahuri Tehsil (Part) Revenue Circle Deolali, and Deolali Pravara (MC).",271
MAHARASHTRA,AHMEDNAGAR,221,Nevasa,,Nevasa Tehsil.,271
MAHARASHTRA,AHMEDNAGAR,222,Shevgaon,,"1. Shevgaon Tehsil, 2. Pathardi Tehsil (Part) Revenue Circle - Pathardi, Takali Manur, and Pathardi (MC).",271
MAHARASHTRA,AHMEDNAGAR,223,Rahuri,,"1. Rahuri Tehsil (Part)-Revenue Cir cle Rahuri, Vambori, and Rahuri (MC), 2. Ahmednagar Tehs il (Part)- Revenue Circle -Jeur 3. Pathardi Tehsil (Part) Revenue Circle - Karanji,",271
MAHARASHTRA,AHMEDNAGAR,224,Parner,,"1. Parner Tehsil, 2. Ahmednagar Tehsil (P art) - Revenue Circle - Nalegaon, Chas.",271
MAHARASHTRA,AHMEDNAGAR,225,Ahmednagar City,,1. Ahmednagar Tehsil (Part )-Ahmednagar (M.Corp.) and Ahmednagar (C.B.) .,271
MAHARASHTRA,AHMEDNAGAR,226,Shrigonda,,"1. Shrigonda Tehsil, 2. Ahmednagar Tehsil (Part)-Revenue Circle Chichondi, Walki.",271
MAHARASHTRA,AHMEDNAGAR,227,Karjat Jamkhed,,"1. Karjat Tehsil, 2. Jamkhed Tehsil.",271
MAHARASHTRA,BEED,228,Georai,,"1. Georai Tehsil, 2. Maja lgaon Tehsil (Part) Revenue Circle Talkhed, 3. Beed Tehsil (Par t) Revenue Circle Pimpalner, Pendgaon.",271
MAHARASHTRA,BEED,229,Majalgaon,,"1. Majalgaon Tehsil (Part) Revenue Circle-Kitti Adgaon, Gangamasla, Nitrud, Dindrud, Ma jalgaon and Majalgaon (MC), 2. Dharur Tehsil, 3. Wadwani Tehsil.",271
MAHARASHTRA,BEED,230,Beed,,"1. Beed Tehsil (Part) Revenue Cir cle - Manjarsumba, Chausala, Nalwandi, Rajuri Navgan, Beed and Beed (MC), 2. Shirur Tehsil (Part) Revenue Circle, Raimoha.",271
MAHARASHTRA,BEED,231,Ashti,,"1. Ashti Tehsil, 2. Patoda Tehsil, 3. Shir ur Tehsil (Part) Revenue Circle - Shirur.",271
MAHARASHTRA,BEED,232,Kaij,SC,"1. Kaij Tehsil, 2. Beed Tehsil (P art) Revenue Circle Neknoor, 3. Ambajogai Tehsil (Part) Rev enue Circle Lokhandi Sawargaon, Ambajogai and Ambajogai (MC)",272
MAHARASHTRA,BEED,233,Parli,,"1. Parli Tehsil, 2. Ambajogai Tehsil (Part) Revenue Circle - Bardapur, Ghatnandur.",272
MAHARASHTRA,LATUR,234,Latur Rural,,"1. Renapur Tehsil, 2. Latur Tehsil (Part) Re venue Circle, Murud, Tandulja, Gategaon, Kasar Kheda, 3. Ausa Tehsil (Part) Revenue Circle - Bhada.",272
MAHARASHTRA,LATUR,235,Latur City,,Latur Tehsil (Part) Revenue Cir cle - Latur and Latur (MC).,272
MAHARASHTRA,LATUR,236,Ahmadpur,,"1. Ahmadpur Tehsil, 2. Chakur Tehsil.",272
MAHARASHTRA,LATUR,237,Udgir,SC,"1. Jalkot Tehsil, 2. Udgir Tehsil.",272
MAHARASHTRA,LATUR,238,Nilanga,,"1. Shirur-Anantpal Tehsil, 2. D eoni Tehsil, 3. Nilanga Tehsil (Part) Revenue Circle -Ambulaga, Aur ad Shahajani, Nilanga and Nilanga (MC).",272
MAHARASHTRA,LATUR,239,Ausa,,"1. Ausa Tehsil (Part) Revenue Cir cle Lamjana, Matola, Killari, Ausa and Ausa (MC), 2. Nilanga Tehsil (Part) Revenue Circle - Madansuri, Kasar Shirshi, Kasar Balkunda.",272
MAHARASHTRA,OSMANABAD,240,Umarga,SC,"1. Lohara Tehsil, 2. Umarga Tehsil.",272
MAHARASHTRA,OSMANABAD,241,Tuljapur,,"1. Osmanabad Tehsil (Part) Revenue Circle, Bembli, Padoli, Ter, 2. Tuljapur Tehsil.",272
MAHARASHTRA,OSMANABAD,242,Osmanabad,,"1. Kalamb Tehsil, 2. Osmana bad Tehsil (Part) Revenue Circle - Dhoki, Osmanabad and Osmanabad (MC).",272
MAHARASHTRA,OSMANABAD,243,Paranda,,"1. Paranda Tehsil, 2. Bhum Tehsil 3. Washi Tehsil",272
MAHARASHTRA,SOLAPUR,244,Karmala,,"1. Karmala Tehsil, 2. Madha Tehsil (Part) Revenue Circle - Ropale, Kurduwadi and Kurduwadi (MC).",273
MAHARASHTRA,SOLAPUR,245,Madha,,"1. Madha Tehsil (Part) Revenue Cir cle- Tembhurni, Modnimb , Laul, Madha, Darfal, 2. Pandharpur Tehsil (Part) Revenue Circle-Patvardhan Kuroli, Kark amb,Tungat, 3. Malsiras Tehsil(Part) Revenue Circle Mahalung.",273
MAHARASHTRA,SOLAPUR,246,Barshi,,Barshi Tehsil.,273
MAHARASHTRA,SOLAPUR,247,Mohol,SC,"1. Mohol Tehsil, 2. Pandharpur Tehsil (Part) Revenue Circle Puluj, 3. Solapur North Tehsil (Part)- Revenue Circle -Wadala, Mardi.",273
MAHARASHTRA,SOLAPUR,248,Solapur City North,,"Solapur North Tehsil (Part) - Re venue Circle Solapur, Solapur (M. Corp.) (Part) -Ward No. 1 to 5, 15 to 28, 48 to 49, 52 to 65, 86 to 88.",273
MAHARASHTRA,SOLAPUR,249,Solapur City Central,,"Solapur North Tehsil (Part) - Sol apur (M. Corp.) (Part) - Ward No.6, 29 to 39, 44 to 47, 50, 51, 66 to 85, 89 & 90.",273
MAHARASHTRA,SOLAPUR,250,Akkalkot,,"1. Akkalkot Tehsil, 2. Solapur South Tehsil (Part) Revenue Circle - Boramani, Musti, Valsang.",273
MAHARASHTRA,SOLAPUR,251,Solapur South,,"1. Solapur North Tehsil (Part) Revenue Circle- Tirhe, Shelga, Solapur (M. Corp.) (Part) -Ward No. 7 to 14, 40 to 43. 2. Solapur South Tehsil (Part) Revenue Circl e - Hotgi, Mandrup, Vinchur.",273
MAHARASHTRA,SOLAPUR,252,Pandharpur,,"1. Mangalvedhe Tehsil, 2. Pandh arpur Tehsil (Part) Revenue Circle- Kasegaon, Pandharpur and Pandharpur (MC).",273
MAHARASHTRA,SOLAPUR,253,Sangole,,"1. Sangole Tehsil, 2. Pandharpur Tehsil (Part)- Revenue Circle Bhalawani.",273
MAHARASHTRA,SOLAPUR,254,Malshiras,SC,"Malshiras Tehsil (Part) Revenue Circle - Dahigaon, Natepute, Sadashivnagar, Malshiras, Akluj, Velapur, Piliv.",273
MAHARASHTRA,SATARA,255,Phaltan,SC,"1. Phaltan Tehsil, 2. Kor egaon Tehsil (Part) Revenue Circle - Wathar Station.",273
MAHARASHTRA,SATARA,256,Wai,,"1. Wai Tehsil, 2. Khandala Tehs il, 3. Mahabaleshwar Tehsil.",274
MAHARASHTRA,SATARA,257,Koregaon,,"1. Khatav Tehsil (Part) Revenue Circle - Pusegaon, Khatav, 2. Koregaon Tehsil (Part) Revenue Circle Satara Road, Kinhai, Kumthe, Koregaon, 3. Satara Tehsil (Part) Revenue Circle - Vaduth, Khed, Tasgaon.",274
MAHARASHTRA,SATARA,258,Man,,"1. Man Tehsil, 2. Khatav Tehsil (Part) Revenue Circle Aundh, Vaduj, Katar Khatav, Mayani.",274
MAHARASHTRA,SATARA,259,Karad North,,"1. Khatav Tehsil (Part) Revenue Circle - Puse Sawali, 2. Koregaon Tehsil (Part) Rev enue Circle - Wathar Kiroli, Rahimatpur and Rahimatpur (MC), 3. Satara Tehsil (Part) Revenue Circle - Apashinge, Nagt hane, 4. Karad Tehsil (Part) Revenue Circle-Endoli, Masur, Umbraj, Koparde Haveli.",274
MAHARASHTRA,SATARA,260,Karad South,,"Karad Tehsil (Part) Revenue Circle - Kole, Undale, Kale, Shenoli, Karad and Karad (MC).",274
MAHARASHTRA,SATARA,261,Patan,,"1. Patan Tehsil, 2. Karad Tehsil (Part) Revenue Circle - Supane.",274
MAHARASHTRA,SATARA,262,Satara,,"1. Jaoli Tehsil, 2. Satara Te hsil (Part) Revenue Circle Varye, Dahivad, Parali, Ambavade Kh, Shendre, Satara and Satara(MC).",274
MAHARASHTRA,RATNAGIRI,263,Dapoli,,"1. Mandangad Tehsil, 2. Dapoli T ehsil, 3. Khed Tehsil (Part) Revenue Circle Bharane, Ambavali, Khed and Khed (MC).",274
MAHARASHTRA,RATNAGIRI,264,Guhagar,,"1. Guhagar Tehsil, 2. Khed Tehsil (P art) Revenue Circle, Shirshi, Lavel, Dhamanand, 3. Chiplun Tehsil (Part) Revenue Circle, Rampur, Kharavate, Vahal.",274
MAHARASHTRA,RATNAGIRI,265,Chiplun,,"1. Chiplun Tehsil (Part) Rev enue Circle Kalkavane, Shirgaon, Savarde, Chiplun and Chiplun (MC), 2. Sangameshwar Tehsil (Part) Revenue Circle Makhajan, Kadvai, Phansavane, Vashi Tarfe Sangameshwar, Devrukh, Angavali.",274
MAHARASHTRA,RATNAGIRI,266,Ratnagiri,,"1. Ratnagiri Tehsil, 2. Sangmeshw ar Tehsil (Part) Revenue Circle, Mabhale.",274
MAHARASHTRA,RATNAGIRI,267,Rajapur,,"1. Rajapur Tehsil, 2. Lanja Tehsil, 3. Sangam eshwar Tehsil (Part) Revenue Circle-Kondgaon. 33 - DISTRICT SINDHUDURG",274
MAHARASHTRA,RATNAGIRI,268,Kankavli,,"1. Devgad Tehsil, 2. Vaibhavvadi Tehsil, 3. Kankavli Tehsil.",275
MAHARASHTRA,RATNAGIRI,269,Kudal,,"1. Malwan Tehsil, 2. Kudal Tehsil",275
MAHARASHTRA,RATNAGIRI,270,Sawantwadi,,"1. Vengurla Tehsil, 2. Sawantwadi Tehsil, 3. Dodamarg Tehsil.",275
MAHARASHTRA,KOLHAPUR,271,Chandgad,,"1. Chandgad Tehsil, 2. Ajra Tehsil (Part) Revenue Circle, Maligre, 3. Gadhinglaj Tehsil (Part) Rev enue Circle, Dundage, Halkarni, Mahagaon, Nesari.",275
MAHARASHTRA,KOLHAPUR,272,Radhanagari,,"1. Radhanagari Tehsil, 2. Bhudargad Tehsil, 3. Ajra Tehsil (Part) Revenue Circle, Ajra.",275
MAHARASHTRA,KOLHAPUR,273,Kagal,,"1. Kagal Tehsil, 2. Ajra Tehsil (P art) Revenue Circle, Uttur, 3. Gadhinglaj Tehsil (Part) Re venue Circle ,Gadhinglaj and Gadhinglaj (MC).",275
MAHARASHTRA,KOLHAPUR,274,Kolhapur South,,"1. Karvir Tehsil (Part) Revenue Cir cle, Mudsungi, Kaneri, Ispurli, 2. Kolhapur (M.Corp.) (Part) - Wa rd No. 15, 16, 23, 43 to 46, 51, 57, 58, 61, 64 & 66 to 72.",275
MAHARASHTRA,KOLHAPUR,275,Karvir,,"1. Gagan Bavda Tehsil, 2. Panhala Tehsil (Part) Revenue Circle, Bajar Bhogaon, Kale, 3. Karvir Tehsil (Part) Revenue Circle, Kuditre, Nigave Dumala, Haladi, Beed, Sangarul.",275
MAHARASHTRA,KOLHAPUR,276,Kolhapur North,,"Karvir Tehsil (Part) Kolhapur (M.Corp.) (Part) - Ward No. 1 to 14, 17 to 22, 24 to 42, 47 to 50, 52 to 56, 59, 60, 62, 63 & 65.",275
MAHARASHTRA,KOLHAPUR,277,Shahuwadi,,"1. Shahuwadi Tehsil, 2. Panhala Tehsil(Part) Revenue Circle, Kodoli, Kotoli, Panhala and Panhala (MC).",275
MAHARASHTRA,KOLHAPUR,278,Hatkanangle,SC,"1. Hatkanangle Tehsil (Part) Re venue Circle, Vathar tarfe Vadgaon, Vadgaon Kasba, Hatkanangle, Herle, Rui, Hupari, and Vadgaon Kasba (MC).",275
MAHARASHTRA,KOLHAPUR,279,Ichalkaranji,,1. Hatkanangle Tehsil (Part) Rev enue Circle Ichalkaranji and Ichalkaranji (MC).,275
MAHARASHTRA,KOLHAPUR,280,Shirol,,Shirol Tehsil.,275
MAHARASHTRA,SANGLI,281,Miraj,SC,"1. Miraj Tehsil (Part)-Revenue Circle Miraj, Malgaon Arag, Kavalapur and Sangli-Miraj Kupwad (M. Corp.) (Part) - Ward No. 4 to 9, 26 to 37, 54 to 60.",276
MAHARASHTRA,SANGLI,282,Sangli,,"1. Miraj Tehsil (Part) Revenue Circle Sangli, Budhgaon and Sangli- Miraj Kupwad (M.Corp.) (P art) - Ward No. 1 to 3, 10 to 25, 38 to 53 and 61 to 69.",276
MAHARASHTRA,SANGLI,283,Islampur,,"1. Walwa Tehsil (Part) Revenue Cir cle Takari Walwa, Islampur and Uran Islampur (MC), Ashta and Ashta (MC), 2. Miraj Tehsil (Part) Revenue Circle Kasbe Digras.",276
MAHARASHTRA,SANGLI,284,Shirala,,"1. Shirala Tehsil, 2. Walwa Tehsil (Part) Revenue Circle , Chikurde, Peth , Yelur, Kasegaon .",276
MAHARASHTRA,SANGLI,285,Palus- Kadegaon,,"1. Palus Tehsil, 2. Kadegaon Tehsil.",276
MAHARASHTRA,SANGLI,286,Khanapur,,"1. Khanapur (Vita) Tehsil, 2. Atpadi Tehsil, 3. Tasgaon Tehsil (Part) - Revenue Circle Visapur.",276
MAHARASHTRA,SANGLI,287,Tasgaon - Kavathe Mahankal,,"1. Kavathe Mahankal Tehsil, 2. Tasgaon Tehsil (Part) (excluding Visapur Revenue Circle).",276
MAHARASHTRA,SANGLI,288,Jat,,Jat Tehsil.,276
MANIPUR,MANIPUR CENTRAL,1,Khundrakpam,,"Circle Nos.1 and 4 and 61- Waiton, 62-Heikak Pourabi, 64- Keibi Heikak Mapan and 65-Keibi Khullen Sawombung villages in Circle No. 6 in Imphal East sub-division.",281
MANIPUR,MANIPUR CENTRAL,2,Heingang,,"Circle No. 5 and Circle No. 7 (e xcluding 50-Konsam Leikai, 55-Khurai Sajor Leikai, 56-Khurai Thongam Leikai and 130- Chingangbam Leikai villages) in Imphal East sub-division.",281
MANIPUR,MANIPUR CENTRAL,3,Khurai,,"50-Konsam Leikai, 55-Khurai Sajor Leikai, 56-Khurai Thongam Leikai and 130-Chingangbam Leikai villages in Circle No. 7; Circle No. 6 (e xcluding 61-Waiton, 62-Heikak Pourabi, 64-Keibi Heikak Mapan, 65-Keibi Khullen Sawombung villages) ; and Circle No. 8 [excluding 112-Khetri Bangun, 113-Wakha, 126-Top Dusara, 127- Top Dusara (Imphal) and 131-Khaidem Leikai villsges] in Imphal East Sub-division.",281
MANIPUR,MANIPUR CENTRAL,4,Khetrigao,,"112-Khetri Bangun, 113-Wakha, 126-Top Dusara, 127- Top Dusara (Imphal) and 131-Khaidem Leikai villages in Circle No. 8 and Circle No. 9 in Imphal East sub-division.",281
MANIPUR,MANIPUR CENTRAL,5,Thongju,,"Circle No. 10 [excluding 158-Kiyam gei (South Zone), 160- Kiyamgei (North Zone) and 161- Lilong Hao villages] in Imphal East sub-division.",281
MANIPUR,MANIPUR CENTRAL,6,Keirao,,"Circle No. 11 and 158-Kiyamgei (South Zone), 160-Kiyamgei (North Zone) and 161-Lilong Hao villages in Circle No. 10 and 101-Thiyam Konjin village in Circle No. 12 in Imphal East sub-division of Manipur C entral district; 211- Lilong Kabui, 222-Phunal Maring, 223-Keirao Chingdong, 224-Leiphrok Maring, 225-Sandangsemba Maring 226- Karpur Sungba (Kabui Khullen), 227-Lemba Khul, 228- Waithou Chiru, 229-Saman Tangkhul , 230-Poirou Tangkhul and 231-Kaprang villages in Sadar Hills East sub- division of Manipur North district.",281
MANIPUR,MANIPUR CENTRAL,7,Andro,,Circle No. 13 and Circle No. 12 (e xcluding 101-Thiyam Konjin village) in Imphal East sub-division.,282
MANIPUR,MANIPUR CENTRAL,8,Lamlai,,"Circle No. 2 and Circle No. 3 in Imphal East sub-division of Manipur Central district; and 200-Tombihangbuk (a) Heinoupokpi, 201-Thayong, 202-Ayokpa Kabu, 203- Nungkot Kom, 204-Nungkot Khuman, 205- Nongmaiching, 206-Nongmaipal, 207-Nongmaiching-khong, 208-Khalong Chingtek, 209-Luwang Pukhri and 210-Uran Chiru villages in Sadar Hills East sub-division of Manipur North district.",282
MANIPUR,MANIPUR CENTRAL,9,Thangmeiband,,"Ward Nos. 1, 2, 3 and 25 in Imphal municipality of Manipur Central district; 214-Tharon and 215-Langol Tarun villages in Sadar Hills West sub-division of Manipur North district.",282
MANIPUR,MANIPUR CENTRAL,10,Uripok,,"Ward Nos. 4, 5 and 6 in Imphal municipa lity; and 102- Iroisemba village in Part I of Im phal Circle No. 1 in Imphal West sub-division.",282
MANIPUR,MANIPUR CENTRAL,11,Sagolband,,"Ward Nos. 7, 8, 10 and 24 in Imphal municipality.",282
MANIPUR,MANIPUR CENTRAL,12,Keisamthong,,"Ward Nos. 9, 11, 12 and 13 in Imphal municipality.",282
MANIPUR,MANIPUR CENTRAL,13,Singjamei,,"Ward Nos. 15, 16 and 17 in Imphal municipality.",282
MANIPUR,MANIPUR CENTRAL,14,Yaiskul,,"Ward Nos. 14, 18, 19 and 20 in Imphal municipality",282
MANIPUR,MANIPUR CENTRAL,15,Wangkhei,,"Ward Nos. 21, 22, 23 and 26 in Imphal municipality.",282
MANIPUR,MANIPUR CENTRAL,16,Sekmai,SC,"Part I Naharup Circle No. II, 18- Kanto, 33-Khurkhul and 35-Senjam Khunou villages in Naharup Circle No. II Part II, 31-Loitang Leikinthabi, 32-Loi tang Khunou, 36-Koutruk, 37-Lairensajik, 38-Phumlou and 43-Kadangpal villages in Naharup Circle No. Ill, 42- Lamlongei, 44-Kangchup, 45-Kharam Koireng, 46-Lairen Kabi, 56 -Khalairen Kabi, 57-Sanjenbam and 58-Pheiyeng v illages in Naharup Circle No. IV, and 59-Tairenpokpi, 61-Polangsoi, 62-Kangdabi, 63-Atong Khuman and 64--Haorang Koireng villages in Part I of Naharup Circle No. V in Imphal West sub-division.",282
MANIPUR,MANIPUR CENTRAL,17,Lamsang,,"Naharup Circle No. II Part II (excluding 18-Kanto 33-Khurkhul and 35-Senjam K hunou village), Naharup Circle No. Ill (excluding 31-Loitang Lei kinthabi, 32-Loitang Khunou, 36-Koutruk, 37-Lairensajik, 38-Fhumlou and 43-Kadangpal villages) ; Naharup Circle No. IV (excluding 42-Lamlongei, 44-Kangchup,45-Kharam Koireng 46- Lairen Kabi, 56-Khalai ren Kabi, 57-Sanjenbam and 58-Phei y en g villa g es ) ; Part I of Naharu p Circle No. V ( excludin g 59-Tairenpokpi, 61-Polangsoi, 62-Kangdabi, 63- A tong Khuman and 64-Haorang Koireng villages) and Part I of Imphal Circle No. I (excluding 102-Iroisemba village) in Imphal West sub-division.",282
MANIPUR,MANIPUR CENTRAL,18,Konthoujam,,Naharup Circle No. VI and Part II of Circle No. V and 90- Yarou Bamdier village in Imphal Circle No. II Part II in Imphal West sub-division.,283
MANIPUR,MANIPUR CENTRAL,19,Patsoi,,Parts II and III of Imphal Circle No. I in Imphal West sub- division.,283
MANIPUR,MANIPUR CENTRAL,20,Langthabal,,"Part III of Imphal Circle No. II and 140-Chajing Part II, 141-Karam, 142-Chajing Part I and 144-Haoreibi villagesin Ahalup Circle No. II in Imphal We st sub-division of Manipur Central district; and 212-Langthabal Chingthak, 213- Langthabal Chingkha and 219-Langthabal Khoubam villages in Sadar Hills East s ub-division of Manipur North District.",283
MANIPUR,MANIPUR CENTRAL,21,Naoriya Pakhanglakpa,,Part I of Imphal Circle No. II and Part II of Imphal Circle No. II (excluding 90 -Yarou Bomdier village) in Imphal West sub- division.,283
MANIPUR,MANIPUR CENTRAL,22,Wangoi,,"Ahalup Circle No. II (excluding 140-Chajing Part II, 141-Karam, 142-Chajing Part I and 144-Haoreibi villages) and Ahalup Circle No. I in Imphal West sub-division.",283
MANIPUR,MANIPUR CENTRAL,23,Mayang Imphal,,Ahalup Circle No. VI of Imphal West sub-division.,283
MANIPUR,MANIPUR CENTRAL,24,Nambol,,"Circle No. 1 and Circle No. 2 (e xcluding 18-Sadu Koireng, 19-Namoikhul and 21-Leimaram villages) in Bishenpur sub- division of Manipur Central district; and 216-Phoijing Tongba and 218-Maibam Lokpaching villages in Sadar Hills West sub- division of Manipur North district.",283
MANIPUR,MANIPUR CENTRAL,25,Oinam,,"Circle (No. 3 and 18-Sadu Ko ireng, 19-Namoikhul and 21-Leimaram villages in Circle No. 2 in Bishenpur sub-division of Manipur Central Distric t and 217-Chingkha Oinam Kabui village in Sadar Hills West sub- division of Manipur North District.",283
MANIPUR,MANIPUR CENTRAL,26,Bishenpur,,Circle No. 4 in Bishenpur sub-division.,283
MANIPUR,MANIPUR CENTRAL,27,Moirang,,"Circle No. 5 [excluding 46- Torbung and 47-Saiton villages] Moirang Part I and II, 43-Khoiru Oksongbung and 46-Thamnapokpi villages in Circle No. 6 in Bishenpur subdivision.",283
MANIPUR,MANIPUR CENTRAL,28,Thanga,,"Circle No. 6 [excluding Moirang Part I and Part II, 43-Khoiru Oksongbung and 46-Thamnapokpi villages] and 48-Kha Thinungei village in Circl e No. 7 in Bishenpur sub- division.",284
MANIPUR,MANIPUR CENTRAL,29,Kumbi,,"Circle No. 7 [excluding 48-Kha Thinungei village] and 46-Torbung and 47-Saiton villages in Circle No. 5, in Bishenpur sub-division.",284
MANIPUR,MANIPUR CENTRAL,30,Lilong,,"Circle No. 1 [excluding 8- Leisangthem, 63-Thoudam, 64-Irong Thokchom and 65-Ir ong Chesaba villages] in Thoubal sub-division of Mani pur Central district; and 220-Chingkham Kabui village in S adar Hills East sub-division of Manipur North district.",284
MANIPUR,MANIPUR CENTRAL,31,Thoubal,,"8-Leisangthem, 63-Thoudam and 64-Irongthokchom villages in Circle No. 1; and Circle No. 2 [excluding 14-Yaithibi, 15-Haokha, 16-Haokha Mamang, 17-Kiyamsiphai and 19-Kairembi villages] in Thoubal sub-division.",284
MANIPUR,MANIPUR CENTRAL,32,Wangkhem,,"Villages 14-Yaithibi, 15-Haokha, 16-Haokha Mamang, 17- Kiyam Siphai and 19-Kairembi in Circle No. 2, Circle No. 3 [excluding 24-Pechi, 36-Uk hongsang, 37-Lourembam, 38-Langmeithet, 51-Thokchom and 54-Bengi villages] and 25--Bamon Leikai, 26-Kekru and 27-Khoirom villages in Circle No. 4 in Thoubal sub-divisi on of Manipur Central district; and 221-Chaobok Kabui and 232-Lisamlok villages in Sadar Hills East sub-division of Manipur North district.",284
MANIPUR,MANIPUR CENTRAL,33,Heirok,,"Circle No. 4 (excluding 25-Ba mon Leikai, 26-Kekru and 27- Khoirom villages) and 24-Pechi, 36-Ukhongsang, 37- Lourembam 38-Langmeithet, 51- Thokchom and 54-Bengi villages in Circle No. 3 and Circle No. 5 (excluding 43- Chingdompok, 45-Purna Heituppokpi, 46-Wangjing (including town portion) and 47-Kairembikhok Kangdabi villages) in Thoubal sub-division of Manipur Central district; and 237-Saram Tangkhul and 238-A-Kwarok Maring villages in Sadar Hills East sub-division of Manipur North district.",284
MANIPUR,MANIPUR CENTRAL,34,Wangjing Tentha,,"Circle No. 7 and 43-Chingdom pok, 45-Purna Heituppokpi, 46-Wangjing (including town portion) and 47-Kairam-bikhok- Kangdabi villages in Circle No. 5 in Thoubal sub-division.",284
MANIPUR,MANIPUR CENTRAL,35,Khangabo,,Circle No. 6 in Thoubal sub-division.,284
MANIPUR,MANIPUR CENTRAL,36,Wabgai,,"Circle No. 8 (excluding 70-Hiyanglam Part I, 71-Hiyanglam Part II, 75-Kakching Wairi Part I, 92-Kakching Khullen Part I and 106--Laphupat villages) and 65- Irong Chesaba village in Circle No. 1 in Thoubal sub-division.",284
MANIPUR,MANIPUR CENTRAL,37,Kakching,,Circle No. 9 and 75-Kakching Wairi Part-I and 92-Kakching Khullen Part I in Circle No. 8 in Thoubalsub- division.,285
MANIPUR,MANIPUR CENTRAL,38,Hiyanglam,,"Circle No. 10 and 70-Hiyanglam Part I, 71-Hiyanglam Part II and 106-Laphupat villages in Circle No. 8 and 107- A rong and Nongmaikong villages in Circle No. 11 in Thoubal sub- division.",285
MANIPUR,MANIPUR CENTRAL,39,Sugnoo,,Circle No. 11 (excluding 107- A rong and Nongmaikong villages) in Thoubal sub-division.,285
MANIPUR,MANIPUR CENTRAL,40,Jiribam,,Jiribam sub-division.,285
MANIPUR,MANIPUR CENTRAL,41,Chandel,ST,"Chandel sub-division (excluding 1-Phunal Sambum, 2-Khudei Khunou, 3-Unapal, 4-Litan, 5-Purum Tampak, 7 - Liwachangaing, 8 -Komlathabi, 9 -Penaching and 10- Purum Chumbang villages) and Chakpikarong sub-division.",285
MANIPUR,MANIPUR CENTRAL,42,Tengnoupal,ST,"Tengnoupal sub-division and 1-Phunal Sambum, 2-Khudei Khunou, 3-Unapal, 4-Litan,5-Purum Tampak, 7- Liwachangning, 8 -Komlathabi, 9 -Penaching and 10- Puram Chumbang villages in Chandel sub-division.",285
MANIPUR,MANIPUR EAST,43,Phungyar,ST,"Ukhrul South, Phungyar Phai sat and Kamjong (Chassad) sub- divisions.",285
MANIPUR,MANIPUR EAST,44,Ukhrul,ST,Ukhrul Central sub-division (exc luding the villages specified in item (1) of the Appendix).,285
MANIPUR,MANIPUR EAST,45,Chingai,ST,Ukhrul North sub-division; and t he villages in Ukhrul Central sub-division as are specified in item (1) of the Appendix.,285
MANIPUR,MANIPUR NORTH,46,Saikul,ST,"Sadar Hills East sub-division (exc luding the villages specified in items (2), (3), (4), (5), (6), (7) and (18) of the Appendix).",285
MANIPUR,MANIPUR NORTH,47,Karong,ST,The villages in Sadar Hills East s ub-division as are specified in item (2) of the Appendix; and t he villages in Mao-Maram sub- division as are specified in item (8) of the Appendix.,285
MANIPUR,MANIPUR NORTH,48,Mao,ST,The villages in Mao-Maram sub-divi sion as are specified in item (9) of the Appendix.,285
MANIPUR,MANIPUR NORTH,49,Tadubi,ST,Mao-Maram sub-division [excluding the villages specified in items (8) and (9) of the Appendi x]; and the villages in Sadar Hills West sub-division as are s pecified in item (10) of the Appendix.,286
MANIPUR,MANIPUR NORTH,50,Kangpokpi,,The villages in Sadar Hills West s ub-division as are specified in item (13) of the Appendix.,286
MANIPUR,MANIPUR NORTH,51,Saitu,ST,"Sadar Hills West sub-division [exc luding the villages specified in items (10), (11), (12), (13) and (19) of the Appendix.]",286
MANIPUR,MANIPUR WEST,52,Tamei,ST,Tamenglong North and Tamenglong West sub-divisions.,286
MANIPUR,MANIPUR WEST,53,Tamenglong,ST,Tamenglong sub-division.,286
MANIPUR,MANIPUR WEST,54,Nungba,ST,Nungba sub-division.,286
MANIPUR,MANIPUR SOUTH,55,Tipaimukh,ST,Tipaimukh sub-division [excluding the villages specified in item (14) of the Appendix].,286
MANIPUR,MANIPUR SOUTH,56,Thanlon,ST,Thanlon sub-division; and villages in Tipaimukh sub-division as are specified in item (14) of the Appendix.,286
MANIPUR,MANIPUR SOUTH,57,Henglep,ST,Henglep sub-division; and the villages in Churachandpur sub- division as are specified in item (15) of the Appendix.,286
MANIPUR,MANIPUR SOUTH,58,Churachandpur,ST,Churachandpur town; and the v illages in Churachandpur sub- division as are specified in item (16) of the Appendix.,286
MANIPUR,MANIPUR SOUTH,59,Saikot,ST,"Churachandpur sub-division [excludi ng the villages specified in items (15), (16) and (17) of the Appendix].",286
MANIPUR,MANIPUR SOUTH,60,Singhat,ST,Singhat Sub-division; and the v illages in Churachandpur sub- division as are specified in item (17) of the Appendix.,286
MEGHALAYA,JAINTIA HILLS,1,Nartiang,ST,"1. 3-Moodymmai, 5-Wahiajer, 8-Nartiang, 9-Rakabah, 11-Mynkrem, 12-Khanduli, 13-Nonglatem, 14- Moobakhon and 15-Namdong G.S. Circles of Thadlaskein C.D. Block.",295
MEGHALAYA,JAINTIA HILLS,2,Jowai,ST,"1. 1-Sohmynting, 4-Thadlaskein and 7-Ialong G.S. Circles of Thadlaskein C.D. Block and 2. Jowai (M).",295
MEGHALAYA,JAINTIA HILLS,3,Raliang,ST,"1. 3-Raliang, 7-Shangpung, 8-Kyndongtuber, 9-Mynso, 14-Thadmuthlong and 15-Khliehrangnah G.S. Circles of Laskein C.D. Block and 2. 6-Nongbah and 10-Nongjngi G.S. Circles of Thadlaskein C.D. Block.",295
MEGHALAYA,JAINTIA HILLS,4,Mowkaiaw,ST,"1. 1-Mowkaiaw, 2-Laskein, 4-Iooksi, 5-Saphai, 6-Sahsniang, 10-Thadbamon, 11-Shilliang Myntang, 12-Barato and 13-Mukroh G.S. Circles of Laskein C.D. Block.",295
MEGHALAYA,JAINTIA HILLS,5,Sutnga-Saipung,ST,"1. Saipung C.D. Block and 2. 7-Lumshnong, 8-Umkiang, 9-Tong Seng, 10-Ratacherra, 11-Borghat, 14-Huroi and 15-Sutnga G.S. Circles of Khliehriat C.D. Block.",295
MEGHALAYA,JAINTIA HILLS,6,Khliehriat,ST,"1. 1-Khliehriat, 2-Wapung, 3-Mukhaialong, 4-Bataw, 5-Rymbai, 6-Musniang, 12-Byndihati and 13-Iapmala G.S. Circles of Khliehriat C.D. Block",295
MEGHALAYA,JAINTIA HILLS,7,Amlarem,ST,1. Amlarem C.D. Block and 2. 2-Mustem G.S. Circle of Thadlaskein C.D. Block.,295
MEGHALAYA,RIBHOI,8,Mawhati,ST,"1. 1-Umsiang, 2-Um laper, 3-Mawhati, 4-Raitong, 5-Mawlyngkhung, 14-Mawlasnai and 15-Tyrso G.S. Circles of Umsning C.D. Block.",295
MEGHALAYA,RIBHOI,9,Nongpoh,ST,"1. 1-Umling, 2-Nongpoh, 4-Marngar, 7-Mawlong, 8-Umsawnongbri, 9-Pahamrioh, 11-Umden Circle and 12-Marmain G. S Circles of Umling C. D. Block and 2. Nongpoh (TC) (Part).",296
MEGHALAYA,RIBHOI,10,Jirang,ST,"1. Jirang C. D. Block and 2. 10-Nerbong, 13-Killing, 14-Pilangkata and 15-ByrnihatG.S Circles of Umling C.D. Block.",296
MEGHALAYA,RIBHOI,11,Umsning,ST,"1. 6-Umsning, 7-Zero Point, 8-Umsawlum and 9-Mawlyndep G.S. Circles of Umsning C. D. Block, 2. 3-Mawtnum, 5-Umdihar and 6-Mawsyntai G.S Circles of Umling C.D. Block and 3. Nongpoh (TC) (Part).",296
MEGHALAYA,RIBHOI,12,Umroi,ST,"1. 10-Umiam, 11-Umroi, 12-B hoilymbong and 13-Kyrdem G.S. Circles of Umsning C.D. Block.",296
MEGHALAYA,EAST KHASI HILLS,13,Mawryngkneng,ST,"1. 1-Nonghali, 2-Diengpasoh, 3-Lumdiengsai, 4-Mawsharoh, 5-Tynring, 6-Mawlynrei, 7-Puriang, 8-Mawryngkneng, 9-Pomlahier and 10-Sohryngkham G.S. Circles of Mawryngkneng C.D. Block and 2. 2-Mawdiangdiang and 12- Umpling G.S. Circles (Part) -Umpling of Mylliem C.D. Block.",296
MEGHALAYA,EAST KHASI HILLS,14,Pynthorumkhrah,,"1. 3-Mawpat G.S. Circle of Mylliem C.D. Block, 2. Pynthorumkhrah (CT) and 3. Nongmynsong (CT).",296
MEGHALAYA,EAST KHASI HILLS,15,Mawlai,ST,"1. 1-Mawtawar, 14-Umthlong (Mawlai) and 15-Mawlai Mawdatbaki G.S. Circles of Mylliem C.D. Block [including Mawlai (CT.).]",296
MEGHALAYA,EAST KHASI HILLS,16,East Shillong,ST,1. Ward Nos.1 to 7 of Shillong (M) of Mylliem C.D. Block.,296
MEGHALAYA,EAST KHASI HILLS,17,North Shillong,ST,1. Ward Nos.8 to 15 and Ward No. 17 of Shillong (M) of Mylliem C.D. Block.,296
MEGHALAYA,EAST KHASI HILLS,18,West Shillong,,1. Ward Nos.16 and Ward Nos. 18 to 21 of Shillong (M) of Mylliem C.D. Block.,296
MEGHALAYA,EAST KHASI HILLS,19,South Shillong,,1. Ward Nos.22 to 27 of Shillong (M) of Mylliem C.D. Block and 2. Shillong Cantt. (CB).,296
MEGHALAYA,EAST KHASI HILLS,20,Mylliem,ST,"1. 4-Headquarter G.S. Circle, 5-Pomlum, 7-Mylliem and 10- Mawkhar G.S. Circles of Mylliem C.D. Block.",296
MEGHALAYA,EAST KHASI HILLS,21,Nongthymmai,ST,1. 12-Umpling G.S. Circle (P art)- Rynjah Lapalang and Nongrah and 13-Nongthymmai G. S. Circles of Mylliem C. D. Block [including Nongthymmai (CT).],297
MEGHALAYA,EAST KHASI HILLS,22,Nongkrem,ST,"1. 11-Umphyrnai, 13-Nongkrem and 14-Umphrup (Mawlai) G.S. Circles of Mawryngkneng C.D. Bl ock, 2. 8-Laitkor and 9- Umsaw G.S. Circles of Mylliem C.D. Block and 3. Madanrting (CT).",297
MEGHALAYA,EAST KHASI HILLS,23,Sohiong,ST,"1. 1-Kynroh, 2-Krang, 3-Ryn li, 4-Lyngkhoi, 5-Weilyngkut, 6- Sohiong, 7-Mawkneng, 10-Mawlyngthoh and 11-Rangshken G.S. Circles of Mawphlang C.D. Block and 2. 11-Shilliangum G.S. Circle of Mylliem C.D. Block.",297
MEGHALAYA,EAST KHASI HILLS,24,Mawphlang,ST,"1. 8-Pyndenlitha, 9-Nongspung, 12 -Mawngap, 13-Mawreng, 14- Lyngiong and 15-Mawphlang G. S Circles of Mawphlang C.D. Block, 2. 6-Mawkriah G.S. Circle of Mylliem C.D. Block, 3. 4. Laitkroh and 15. Mawbeh G. S. Circles of Khatar Shnong C. D. Block and 4. 1-Tyrsad G.S. Circle of Mawsynram C.D. Block.",297
MEGHALAYA,EAST KHASI HILLS,25,Mawsynram,ST,"1. 2. Mawsynram (A), 3. Ma wsynram (B), 4. Phlangmawsyrpat, 5. Lawbah, 6. Thyllaw, 7. Phlangwanbroi, 8. Mawpen, 9. Phutstein, 10. Dangar, 11. Peppara, 12. Sonatola, 13. Rongku, 14. Hatmawdon and 15. Sawsymper G.S. Circles of Mawsynram C.D. Block.",297
MEGHALAYA,EAST KHASI HILLS,26,Shella,ST,"1. 1-Nongsteng, 2-Laitduh, 3-Mawsahew, 5-Block Hqr. G. S Circle - Sohra(CT), (Part) 6 Nongthymmai, 7-Sohbar, 8- Mawsiangei, 9-Mawlong, 10-Ichamat i, 11-Tyrna, 12-Laitkynsew, 13-Mustoh, 14-Bholaganj and 15-Shella G.S. Circles of Shella Bholaganj C.D. Block and 2. 8-Nongjri and 10-Umniuh G.S. Circles of Pynursla C.D. Block.",297
MEGHALAYA,EAST KHASI HILLS,27,Pynursla,ST,"1. 1-Pomlum, 2-Lyngkyrdem, 3-Wahlyngkhat, 4-Pynursla, 5-Urksew, 6-Mawpran, 7-Mawlyndun, 9-Pyrnai, 11-Nongshken, 12-Nohwet, 13-Nongtyngur, 14-Pomshutia and 15-Mawriang G.S. Circles of Pynursla C.D. Block.",297
MEGHALAYA,EAST KHASI HILLS,28,Sohra,ST,"1. 4-Upper Cherra G. S.Circle of Shella Bholaganj C.D. Block, 2. Sohra (CT) (Part) and 3. 1. Lai tlyngkot, 2. Nongkynrih, 3. Iew Mawlong, 5. Mawjrong Mawkdok, 6. Swer, 7. Pyrda Kukon, 8. Ladmawphlang, 9. Kshaid, 10. Khr ang, 11. Nongbah, 12. Laitmawsiang, 13. Sder and 14. Sohra Rim G. S. Circles of Khatar Shnong C.D.Block.",297
MEGHALAYA,EAST KHASI HILLS,29,Mawkynrew,ST,1. Mawkynrew C.D. Block an d 2. 12-Smit and 15-Umsaw G.S. Circles of Mawryngkneng C.D. Block.,297
MEGHALAYA,WEST KHASI HILLS,30,Mairang,ST,"1. 1. Umpdem, 2. Dongki -Ingding, 4. Mawkarah, 5. Nongkhlaw, 9. Mawnai , 11. Block Head Quarter Circle, 12. Mairang, 13. Laitdom, 14. Pyndengnongbri and 15. Nongthliew G. S. Cir cles of Mairang C. D . Block and 2. Mairang (TC)-(Part)- (Excluding N. Bynther, M. Bynther & U. Bynther)",298
MEGHALAYA,WEST KHASI HILLS,31,Mawthadraishan,ST,"1. 1-Kynshi, 2-Myriaw, 3-Nongjla k, 10-Pariong, 11-Mawkyllei, 12-Umkrem, 13-Nongsillong, 14-Lawbyrtun and 15-Nonkasen G.S. Circles of Mawthadraishan C.D. Block, 2. 3. Kynrut, 6. Mawkohmit, 7. Wahrit, 8. Nongum and 10. ByntherG.S. Circles of Mairang C.D. Block and 3. Mairang (TC)-(Part i.e. N.Bynther, M.Bynther & U.Bynther).",298
MEGHALAYA,WEST KHASI HILLS,32,Nongstoin,ST,"1. 1. Nongstoin, 3. Nongrangngoi, 4. Mawthungkper, 7. Mawkadiang, 13. Byrki and 14. Pyndengrei G. S. Circles o f Nongstoin C. D. Block, 2. Nongstoin (TC) and 3.6-Tyllang, 7-Mawiaweet, 8-Laitkseh and 9-Marngor G.S Circles o f Mawthadraishan C.D. Block.",298
MEGHALAYA,WEST KHASI HILLS,33,Rambrai Jyrngam,ST,"1. 5. Mawlieh, 10. Rambrai, 11. Mawdoh, 12. Mawthir and 15. Kyrshai G. S. Circles of Nongstoin C. D. Block, 2. 4. Kyrdum, 5. Langja, 6. Aradonga, 7. Malanggona and 8. Langdongdai G. S. Circles of Mawshynrut C.D. Block and 3. 4-Nongriat and 5-Mawlangsu G. S. Circles o f Mawthadraishan C.D. Block.",298
MEGHALAYA,WEST KHASI HILLS,34,Mawshynrut,ST,"1. 1. Riangdo, 2. Seinduli, 3. Porla, 9. Nongjri, 10. Umsohpieng, 11. Umdang, 12. Shallang , 13. Nong.Shlram, 14. Riang and 15. Riangmaw G.S.Cir cles of Mawshynrut C.D. Block and 2. 6. Wahlyngdoh, 8. Umthli and 9. MaweitG.S. Circles of Nongstoin C.D. Block",298
MEGHALAYA,WEST KHASI HILLS,35,Ranikor,ST,"1. Ranikor C.D. Block, 2. 14. Rangthong G. S. Circle o f Mawkyrwat C.D. Block and 3. 2. Warsanlyngdoh G.S.Circle o f Nongstoin C.D. Block.",298
MEGHALAYA,WEST KHASI HILLS,36,Mawkyrwat,ST,"1. 1. Mawkyrwat, 2. Ma wlangwir, 3. Rangmaw, 4. Jakrem, 5. Photjaud, 6. Ma wbri, 7. Pawphlang, 8. Laitlawsnai, 9. Nong.Synrieh, 10. Shngimawlein, 11. Mawthawpdah, 12. Rangblang, 13. Mawsaw and 15. Umdohlun G. S. Circles o f Mawkyrwat C.D. Block.",298
MEGHALAYA,EAST GARO HILLS,37,Kharkutta,ST,Kharkutta C.D. Block.,298
MEGHALAYA,EAST GARO HILLS,38,Mendipathar,ST,"1. 10- Thapa Agitchak, 12- Mongpangro, 13- Manikganj, 14- Damash and 15- Bangsi Apal G.S. Circles of Resubelpara C.D. Block and 2. Ward Nos. 7 to 10 of Resubelpara (MB).",299
MEGHALAYA,EAST GARO HILLS,39,Resubelpara,ST,"1. 1- Resubelpara, 7- Mendudam, 8- Berubari and 11- Thapa Darenchi G.S. Circles of Resubelpara C.D. Block, 2. 7 Raja Apal and 15 Doba Apal G. S. Circles of Songsak C. D. Block and 3. Resubelpara (MB)-(Excluding Ward Nos. 7 to 10).",299
MEGHALAYA,EAST GARO HILLS,40,Bajengdoba,ST,"1. 2- Bolsong B. Mohol, 3-Achotchonggre, 4-Gosingpita, 5- Bakenang, 6- Gokulgre and 9-Sualmari G. S. Circles of Resubelpara C.D. Block and 2. 8- Rari Gram Sevak, 9 -Gabil, and 14-Mendal G.S. Circles of Songsak C.D. Block.",299
MEGHALAYA,EAST GARO HILLS,41,Songsak,ST,"1. 1-Songsak Block Headquarter, 2-Barikgir i, 3-Nengsat, 4-Sokadam, 5-Dobu, 6-Rongr ong, 10-Napak, 11-Norek Nengsamgre, 12-Snal Dajreng and 13-Asil G.S. Circles of Songsak C.D. Block, 2. 13-Simseng Rongal and 14-CheranG.S Circles of Dambo-Rongjeng C. D. Block and 3. 2-Kalak, 3-Megagiri, 4-Ampanggiri and 5-Bawegiri G.S. Circles of Samanda C.D. Block.",299
MEGHALAYA,EAST GARO HILLS,42,Rongjeng,ST,"1. 1-Rongjeng, 2-Jambal, 3- Nongchram, 4-Darugiri, 5- Mansang, 6- Nongbak, 7-Ronga Agal, 8-Datang Agal, 9-Rongmil, 10-Baringgre Wadro, 11-Chikal Songma, 12-Rongchek Akong and 15-Dambo Mrok G.S.Circles of Dambo-Rongjeng C.D. Block.",299
MEGHALAYA,EAST GARO HILLS,43,William Nagar,ST,"1. 1. Samanda, 6. Rongsak, 7.Rongchek-Manda, 8. Dinaminggiri Sevak, 9. R ongreng Baiza, 10. Bolkingriri, 11. Rongongre, 12. Rongbinggiri, 13. Dawa-Gittinggiri, 14. Dorengkigiri and 15. Nengkr a G. S. Circles of Samanda C.D. Block and 2. Williamnagar (MB).",299
MEGHALAYA,WEST GARO HILLS,44,Raksamgre,ST,"1. 4. Photamati, 5. Bondukmali, 6. Naguapara, 7. Hatogaon, 8. Rengsingpara, 9. Pedaldoba, 10. Dobokjakolgre, 11. Lower Kongrapara, 12. Bollonggitok, 13. Lower Watregre, 14. Raksamgre and 15. Jangrapara G. S. Circles of Tikrikila C.D. Block.",299
MEGHALAYA,WEST GARO HILLS,45,Tikrikila,ST,"1. 1.Odalguri, 2. Tikrikilla and 3. Nogorgaon G. S. Circles of Tikrikila C.D. Block, 2. 15. Pa ham G.S. Circle of Selsella C.D. Block and 3. 10. Cheran Songma, 11. Matramchigre, 13. Debragre and 15. Rongbok Kosakgre G.S. Circles of Dadenggre C.D. Block.",299
MEGHALAYA,WEST GARO HILLS,46,Phulbari,,"1. 14. Phulbari G.S. Circle of Se lsella C.D. Block and 2. 6. Nalsa Mronggre, 7. Rondupara, 8. Janjallagre, 9. Bikkonggre and 2. Rongkongre G.S. circles of Dadenggre C.D. Block.",300
MEGHALAYA,WEST GARO HILLS,47,Rajabala,,"1. 6. Wadagokgre, 7. Darenggre, 9. Balachanda and 13. Bhaitbari .G. S. Circles of Selsella C.D. Block.",300
MEGHALAYA,WEST GARO HILLS,48,Selsella,ST,"1. 3. Damjonggre, 4. Sels ella Block Headquarter, 5. Wajadagre, 8. Sasatgre, 10. Marok, 11. Rochonpara and 12. Hallidayganj G. S. Circles of Selsella C.D. Block.",300
MEGHALAYA,WEST GARO HILLS,49,Dadenggre,ST,"1. 1. Dadenggre, 2. Sadolpara, 3. Romgre, 4. Damal Asim, 5. Magalpara and 14. Aigre Apal . G. S. Circles of Dadenggre C.D. Block and 2. 2. Rongbakgre, 4. Rombagre, 5. Anogre, 6. Rongdenggre, 7. Baljek -Akal, 8. Aguragre, 13. Waram - Asim and 15. Marakapara G.S. Circl es of Rongram C.D. Block.",300
MEGHALAYA,WEST GARO HILLS,50,North Tura,ST,"1. 1. Headquarter G.S. Circle, 3.Chandigre, 9. Babadam, 10. Galwanggre, 11. Gongrongggre and 12. Edenbari G.S. Circles of Rongram C.D. Block and 2. Ward No.4 and 5 and 9 to 11 of Tura (M).",300
MEGHALAYA,WEST GARO HILLS,51,SouthTura,ST,1. Ward Nos.1 to 3 and 6 to 8 of Tura (M) of Rongram C.D. Block.,300
MEGHALAYA,WEST GARO HILLS,52,Rangsakona,ST,"1. 1. Mukdangra and 2. Garobadha G. S. Circles of Selsella C.D. Block, 2. 8. Watregre, 9. Rangs akona, 11. Tangabari, 12. Dengnakpara, 14. Damalgre and 15. Chisregre G. S. Circles of Betasing C.D. Block and 3. 14. Rongkhongre G. S. Circle of Rongram C.D. Block.",300
MEGHALAYA,WEST GARO HILLS,53,Ampati,ST,"1. 1. Betasing Headquarter, 2. Kumli, 3. Ampati, 4. Demdema, 5. Dalbotpara, 6. Rongsanggre, 7. Mahisbatanpara,10. Borkona and 13. Monabari G. S. Circles of Betasing C.D. Block .",300
MEGHALAYA,WEST GARO HILLS,54,Mahendraganj,ST,"1. 3. Mahendraganj, 4.Majjerchor, 6. Kalaichar, 7. Nogorpara, 8. Kodaldowa, 13. Katuli, 14. Tewaligre and 15. Boldamgre G. S. Circles of Zikzak C.D. Block.",300
MEGHALAYA,WEST GARO HILLS,55,Salmanpara,ST,"1. Block Headquarter, 2. Gopinathkilla, 5. Tarapara, 9. Rongkaigre, 10. Salmanpara, 11. Santogre and 12. Anangpara G. S. Circles of Zikzak C.D. Block and 2. 13. Halchati, 14. Chongnapara and 15. Jarangkona G.S. Circles of Dalu C.D. Block.",301
MEGHALAYA,WEST GARO HILLS,56,Gambegre,ST,"1.Gambegre C.D. Block and 2. 2. Gonchudaregre, 3. Posenggagre, 5. Sananggre, 6. Kherapara and 11. Rimrangpara G. S. Circles of Dalu C.D. Block.",301
MEGHALAYA,WEST GARO HILLS,57,Dalu,ST,"1. 1. Dalu Headquarter, 4. Rengrampara, 7. Thallanggre, 8. Josipara, 9. Chandapara, 10. Se sengpara and 12. Rengsipara G. S. Circles of Dalu C.D. Block .",301
MEGHALAYA,SOUTH GARO HILLS,58,Rongara-Siju,ST,"1. Rongara C.D. Block and 2. 1. Nongal Bibra, 2. Darang Boldak, 3. Era - Aning, 4. Rongdong, 5. Siju, 6. Emangre, 7. Nengkhong, 8. Rongchekgre and 9. Karukol G. S. Circles of Baghmara C.D. Block.",301
MEGHALAYA,SOUTH GARO HILLS,59,Chokpot,ST,"1. Chokpot C. D. Block and 2. 5. Ruga, 6.Dasing Bibra, 7. Rangmai, 8. Tenakgre and 11. Attabengga G.S. Circles of Gasuapara C.D. Block.",301
MEGHALAYA,SOUTH GARO HILLS,60,Baghmara,ST,"1. 10. Mindikgre, 11. Gittinggre, 12. Bajragre, 13. Chambilgre, 14. Nilwagre and 15. Headquarter G. S. Circles of Baghmara C.D. Block, 2. Baghmara (MB) and 3. 1. Gasupara, 2. Sempara, 3. Jatrkona, 4. Dimapara, 9. Kapasipara, 10.Mekaadu, 12.Tellekali, 13.Rongchong, 14. Ranmchengnga and 15. Sibari G.S. Circles of Gasuapara C.D. Block.",301
MIZORAM,MAMIT,1,Hachhek,ST,"Villages Kanhmun, Moraicherra (Luimawi), Lushaicherra (Thinghlun), Hriphaw, Bungthuam, Zawlpui, Zamuang, Rengdil, Kawrthah, Tumpanglui, Tuidam , Sotapa Veng, Mualthuam, Kawrtethawveng, Thaidawr IV , Thaidawr I, Serhmun, N.W.Bunghmun, Sihthiang, Lungma wi, Kananthar, Darlak, Saikhawthlir, Chuhvel, Zawlnuam (NT) and Sarali K in Zawlnuam R. D. Block; and V illages Belkhai and Zomuan in W.Phaileng R. D. Block.",303
MIZORAM,MAMIT,2,Dampa,ST,"Villages W.Phaileng, Kawnmawi, N. Chhippui, Lallen, Saithah, Parvatui, Phuldungsei, Keisalam I, Zopui, W. Phulpui, Silsuri, Pukzing, Pukzing Vengthar, Hnahva, Hruiduk, Marpara North in West Phaileng R. D. Block; and Villages Tuahzawl, Rulpuihlim, Chungtlang, Reiek, Ailaw ng, W. Lungdar, Khawrihnim, Lungphun, N. Kanghmun, Bawlte, Bawngthah, Darlung and S. Sabual in Reiek R. D. Block.",303
MIZORAM,MAMIT,3,Mamit,ST,"Villages N.Sabual, Dampui, Nalz awl, Bawngva, Mamit (NT), N.Tlangkhang, Pathiantlang, Suar hliap, Phaizau, Chilui in Zawlnuam R. D. Block; and Vill ages Saitlaw, W. Serzawl, Hmunpui, Dilzawl, Rawpuichhi p, Lengte, Nghalchawm, Dapchhuah (Tutphai), Lengpui (NT) -Lengpui in Reiek R. D. Block; and Villages Khantlang, Tuipuibari, Rajivnagar, Andermanik, Damparengpui, Khawhnai, Tuirum, Salem Boarding and Teirei Forest in W.Phaileng R. D. Block.",303
MIZORAM,KOLASIB,4,Tuirial,ST,"North Thingdawl, Rajtali, Dilzau H, Hortoki, Sethawn, Bukpui, N. Chaltlang, N. Mualvum, Zanl awn and Wd. No.1 Kawnpui and Wd. No. 2 Bualpui in N. Kawnpui (NT) of North Thingdawl R. D. Block; and Villages Khamrang, Lungmuat, Nisapui, Serkhan, Mualkhang, Lungdai and Sentlang in Tlangnuam R. D. Block.",303
MIZORAM,KOLASIB,5,Kolasib,ST,"Bairabi (NT), Villages Hmaibi alaveng, Meidum, Pangbalkawn, S.Chhimluang, in North Thingda wl R. D. Block; and Kolasib Vengthar, Diakkawn 'S', Dia kkawn, Lungpher Veng, Venglai, Hmarveng, Tumpui and Dinthar in Kolasib (NT).",304
MIZORAM,KOLASIB,6,Serlui,ST,"Villages Phainuam, Saihapui V, Ch ite, Vakultui, N.Chhimluang, N.Chawnpui, Chemphai, Phaisen, Buhchangphai, N.Thinglian, Bukvannei, Saihapui K, Parsenc hhip, N.Hlimen, Thingthelh, Vairengte (NT), Bilkhawthlir, R engtekawn and Builum in North Thingdawl R. D. Block; and Vill ages Saiphai and Saipum under Sakawrdai Sub-Division (Civil) in Thingdawl R. D. Block under Aizawl District.",304
MIZORAM,AIZAWL,7,Tuivawl,ST,"Villages Mauchar, Kani, N.Tinghm un, Zohmun, Palsang, Upper Sakawrdai, Lower Sakawrdai, N.Khawdungsei, Vaitin, Khawpuar, Luakchhuah, E.Damdiai, Thingsat, New Vervek, Lungsum, Ratu, Sunhluchhip, Sailu tar, N.Serzawl, Sawleng, Chhanchhuahna Khawpui, Kepran, E.Phaileng, Pehlawn and Darlawn (NT) in Darlawn R. D. Block.",304
MIZORAM,AIZAWL,8,Chalfilh,ST,"Villages Khawruhlian, Tuirin ikai, Hmunnghak, Khanpui and Lailak in Darlawn R. D. Blo ck; and Villages N. Khawlek, Vanbawng, Lamherh, Suangpuila wn, Zawngin, Phullen, Thanglailung, Luangpawn, Phuai buang, Khawlian, N.E. Tlangnuam and Daido in Phullen R. D. Block; and Villages Buhban, N.Lungpher, Mualmam, Sesa wng, Dilkhan, Tualbung and Sihfa in Thingsulthliah R. D. Block.",304
MIZORAM,AIZAWL,9,Tawi,ST,"Villages Saitual (NT), Saitual, Ke ifang, Ruallung, Rulchawm and Saitual Spl. charge -BRTF, Thingsulthliah, Saisih Vety Farm, Aichalkawn , Seling, Phaibawk, Edenthar, Tuikhurhlu, Thingsul Tlangnuam, Mualpheng, Lenchim, Tawizo and Maite in Thingsulthliah R. D. Block.",304
MIZORAM,AIZAWL,10,Aizawl North-I,ST,"Aizawl (NT) - Wd. No. 1 - Durtlang Vengthar / Selesih, -Wd. No. 2 - Durtlang, - Wd. No . 3 -Durtlang Leitan, Wd. No. 7 - Bawngkawn and Wd. No. 16 -Chaltlang in Tlangnuam R. D. Block.",304
MIZORAM,AIZAWL,11,Aizawl North-II,ST,"Aizawl (NT)- Wd. No. 8 - Ramh lun N, Wd. No. 9 -Aizawl Venglai, Wd. No. 10 - Ramthar, Wd . No. 11 - Ramthar N, Wd. No. 12 - Ramhlun S, Wd. No.13 -Ramhlun Sports Complex, Wd. No. 14 - Ramhlun Vengthar Wd. No. 15 -Ramhlun Venglai and Wd. No. 26-Laipuitlang in Tlangnuam R. D. Block.",304
MIZORAM,AIZAWL,12,Aizawl North-III,ST,"Aizawl (NT) - Wd. No. 17 - Edent har, Wd. No. 22-Electric Veng, Wd. No. 23 - Zarkawt, Wd. No. 24-Chanmari W, Wd. No. 25 - Chanmari and Wd. No. 60-Hunthar in Tlangnuam R. D. Block.",305
MIZORAM,AIZAWL,13,Aizawl East-I,,"Villages Sairum, Neihbawih, Sihphir/Sihphir Vengthar, Nausel, Muthi, Bung IB, Tuirial Jail, Tuirial and Aizawl (NT) -Wd. No. 4 - Zuangtui, Wd. No . 5 - Thuampui and Wd. No. 6 - Zemabawk in Tlangnuam R. D. Block.",305
MIZORAM,AIZAWL,14,Aizawl East-II,ST,"Aizawl (NT) - Wd. No. 18 - Tu ithiang, Wd. No. 19-Sarawn Veng, Wd. No. 20 - Chhinga Veng, Wd. No. 21-Dawrpui, Wd. No. 27 - Armed Veng, Wd. No. 28- A rmed Veng S and Wd. No. 29 - Chite in Tlangnuam R. D. Block.",305
MIZORAM,AIZAWL,15,Aizawl West-I,ST,"Wd. No. 1 Sairang Wd. No. 2 S. Sihhmui Wd. No. 3 S. Dinthar and Wd. No. 4 S. (PTC) in Sairang (NT), Aizawl (NT) -Wd. No. 61-Chawnpui, Wd. No.62-Zotlang, Wd. No. 63- Chawlhhmun, Wd. No. 64-Luangmual, Wd. No. 65-Zonuam, Wd. No. 66-Luangmual Govt.Complex, Wd . No. 67 - Tanhril, Wd. No. 68 - Sakawrtuichhun and Wd. No. 69 - Rangvamual in Tlangnuam R. D. Block.",305
MIZORAM,AIZAWL,16,Aizawl West-II,ST,"Aizawl (NT) - Wd. No. 54 - Tuikual S, Wd. No. 55-Tuikual N, Wd. No. 56 - Dinthar, Wd. No . 57-Dawrpui Vengthar, Wd. No. 58 - Vaivakawn and Wd. No. 59-Kanan in Tlangnuam R. D. Block.",305
MIZORAM,AIZAWL,17,Aizawl West-III,ST,"Aizawl (NT) - Wd. No. 47-Mission Vengthlang Ward. No. 48 - Khatla S, Wd. No. 49-Khatla, Wd. No. 50-Bungkawn Nursery, Wd. No. 51-Bungkawn, Wd. No. 52-Maubawk and Wd. No. 53-Lawipu in Tlangnuam R. D. Block.",305
MIZORAM,AIZAWL,18,Aizawl South-I,ST,"Aizawl (NT) - Wd. No. 30 - Bethlehem Vengthlang, Wd. No. 31-Bethlehem, Wd. No. 32-College Veng, Wd. No. 33-Venghlui, Wd. No. 34-Republic and Wd. No. 35-Upper Republic in Tlangnuam R. D. Block.",305
MIZORAM,AIZAWL,19,Aizawl South-II,ST,"Aizawl (NT) - Wd. No. 36-I.T .I Wd. No. 40-Tlangnuam, Wd. No. 41-Kulikawn, Wd. No. 42-Thakthing, Wd. No. 43 - Damveng, Wd. No. 44-Venghnuai, Wd. No. 45-Salem and Wd. No. 46-Mission Veng in Tlangnuam R. D. Block.",305
MIZORAM,AIZAWL,20,Aizawl South-III,ST,"Villages Hualngohmun, Thingdawl (Melriat), Kelsih,Falkawn, Muallungthu, Tachhip, Ai bawk, Sateek, Phulpui, Khawhminglokawn, N. Lungsai, S. Maubuang, Thiak, Sumsuih, Hmuifang, Lungsei, Samlukhai, Chamring, Lamchhip, Chawilun g , Sialsuk and Sailam in Aibawk R. D. Block; and Villages Lungleng I, N.Lungleng. Sa mtlang and Aizawl (NT) - Wd. No. 37 - S.Hlimen, Wd. No. 38 - Melthum and Wd. No. 39 - Saikhamakawn in Tlangnuam R. D. Block.",305
MIZORAM,CHAMPHAI,21,Lengteng,ST,"Villages Ngopa I & II, Lamza wl, Mimbung, Hrianghmun, Teikhang, Hliappui, Hliappui 'S', Changzawl, Pawlrang, Saichal, Kawlbem, N.E Khawdungsei, Khawkawn and Chiahpui in Ngopa R. D. Block; and Villages Dulte, Vanchengpui, Puilo, Chhawrtui, Vankal and Kawlkulh in Khawzawl R. D. Block.",306
MIZORAM,CHAMPHAI,22,Tuichang,ST,"Khawzawl (NT), Villages ofHmuncheng, Chawngtlai, Khawpuitan, Tualte, Vangtlang, Chalrang, New Chalrang, Melhnih Chalrang, Lungtan, Tlangpuite, Khuailui, Arro, Phunchawngzawl, Khualen and Khawhai (NT) in Khawzawl R. D. Block; and Villages Riangtlei, Tlangpui and Sialhawk in E. Lungdar R.D. Block.",306
MIZORAM,CHAMPHAI,23,Champhai North,ST,"Wd. No. 1 Vengsang, Wd . No. 2 Kahrawt, Wd. No. 3 Vengthlang, Wd. No. 9 Hmunhmeltha and Wd. No. 10 Zote in Champhai (N T), and Villages of Pamchung, Tualcheng, Lungphunlian, Khuangphah, Hnahlan, Rabung, A iduzawl, Murlen, N.E Diltlang, Vapar, Ngur, N. Khawbung, Tualpui, Ngaizawl, Neihdawn and Mualzen in Khawzawl R. D. Block; and Villages Selam and Vaikhawtlang in Ngopa R. D. Block.",306
MIZORAM,CHAMPHAI,24,Champhai South,ST,"Wd. No. 4 Kanan Veng, Wd. No . 5 Venglai, Wd. No. 6 New Champhai, Wd. No. 7 Bethel Veng, Wd. No. 8 Electric Veng, Wd. No. 11 Tlangsam, Wd. No. 12 Ruantlang, Wd. No. 13 Zotlang, Wd. No. 14 C hhungte and Wd. No. 15 Vengthar in Champhai (NT), Villages of Mualkawi, Melbuk (Khawnuam), Zokhawthar, Tuipui, Kelkang and Dilkawn in Khawzawl R. D. Block.",306
MIZORAM,CHAMPHAI,25,East Tuipui,ST,"Villages S. Khawbung, Zawlsei, Khuangthing, Bungzung, Zawngtetui, Khuangleng, Bulfekza wl, Sesih, Vanzau, Leithum , Dungtlang (Old), Dungtlang (New), Leisenzo, Lianpui, Sazez Farkawn, Khankawn, Thekte, Thekpui, Vaphai, Chawngtui 'E', Vangchhia, Samthang (Old), Samt hang (New), Hruaikawn (Old), Hruaikawn (New) and Buang in Khawbung R. D. Block.",306
MIZORAM,SERCHHIP,26,Serchhip,ST,"Wd. No. 1 Serchhip Venglai, Wd. No. 2 Serchhip ‘E', Wd. No. 3 Serchhip 'W' and Wd. No. 4 New Serchhip in Serchhip (NT), Thenzawl (NT), Buangpui and Neihloh in Serchhip R. D. Block.",307
MIZORAM,SERCHHIP,27,Tuikum,ST,"Wd. No. 5 Chhiahtlang in Serc hhip (NT), and Villages Lungpho, Chhingchhip, Khawbel, Hmuntha, Rullam, Thentlang, Ngentiang, Sialhau, E. Thinglia n and Vanchengte in Serchhip R. D. Block; and Villages Bakt awng, Buhkangkawn, Chanin, Hmawngkawn, Khumtung and Hualtu in Thingsulthliah R. D. Block; and Tlungvel, Darlawng, and Phulmawi in Thingsulthliah R. D. Block of District Aizawl.",307
MIZORAM,SERCHHIP,28,Hrangturzo,ST,"N. Vanlaiphai (NT), and Vill ages Leilet (NV), Maicham, Bawktlang, Lungkawlh, East Lungdar, N. Mualcheng, Sailulak, Leng, Khawlailung, Piler, Chekkawn, Sialsir and Lungchhuan in East Lungdar R. D. Block; and V illages Hmunzawl, Hriangtlang, Keitum and East Bungtlang in Serc hhip R. D. Block; and Village Biate in E. Lungdar R. D. Block of Champhai District.",307
MIZORAM,LUNGLEI,29,South Tuipui,ST,"Villages S.Chawngtui, Khawhlum, Tarpho, Khawhri, Hnahthial, Kutkawk, Denlung, Cherhlun, Ne w Ngharchhip, Old Ngharchhip, Thingsai, Bualpui H, Aithur, Tu ipui (Darzokai), Muallianpui, S.Vanlaiphai, Darzo, S.Lungleng and Lungpuitlang in Hnahthial R.D. Block.",307
MIZORAM,LUNGLEI,30,Lunglei North,ST,"Wd. No. 8 Zohnuai, Wd. No. 9 Se rkawn, Wd. No. 10 Zotlang, Wd. No. 11 Pukpui in Lunglei (NT) and Villages Mausen, Haulawng, Mualthuam ‘N', Sekh um, Ramlaitui, Kanghmun ‘S', Zote ‘S', Chhipphir,Bualpui ‘V', Lungmawi, Zotuitlang, Hmuntlang, Phaileng ‘S' and Chengpui in Lunglei R.D. Block; and Villages Pangzawl, Thiltlang, an d Rawpui in Hnahthial R.D. Block.",307
MIZORAM,LUNGLEI,31,Lunglei East,ST,"Wd. No. 5 Electric Veng, Wd. No. 12 Chanmari, Wd. No. 13 Farm Veng, Wd. No. 15 Ramthar Wd. No. 21 Lungpuizawl and Wd. No. 22 Zobawk in Lunglei (NT) and Villages Hlumte, New Dawn, Ra lvawng in Lunglei R.D. Block and Villages Maudarh, Leite and Ro tlang 'E' in Hnahthial R.D. Block.",307
MIZORAM,LUNGLEI,32,Lunglei West,ST,"Wd. No. 1 Hauruang, Wd. No. 2 Rahsi Veng, Wd. No. 3 Venghlun, Wd. No. 4 Vengl ai, Wd. No. 6 Bazar, Wd. No. 7 College Veng in Lunglei (NT) and Villages Vanhne, Thuampui and Pachang in Lunglei R.D. Block Villages W. Bungtlang, S.Lungdai, Serte, Sertlangpui, Kawlhawk and Buarpui in W.Bunghmun R. D. Block.",308
MIZORAM,LUNGLEI,33,Lunglei South,ST,"Wd. No. 14 Salem, Wd. No. 16 Lunglawn, Wd. No. 17 Luangmual, Wd. No. 18 Seth lun, Wd. No. 19 Theiriat, and Wd. No. 20 Hrangchalkawn in Lunglei (NT) and Villages Sairep, Thaizawl, Bualte, Thualthu, Mualthuam 'S', S.Mualcheng, N.Tawipui, S.Ta wipui, Thingfal, Mamte, Thlengang, Thangpui, Thangte, Chithar, Vaisam, Runtung, and Buknuam in Lunglei R.D. Blo ck; and Khawmawi, Samang, Zehtet, Mautlang, Lalnutui , South Lungrang, Rualalung, Vairawkai, Hmunthar, Chawngte ‘L', Gulsil and Sailen in Lungsen R. D. Block.",308
MIZORAM,LUNGLEI,34,Thorang,ST,"Village Mar 'S', Terabonia, P hainuam, Salmar, Sachan, New Sachan, Laisawral, Sesawm, W. Bunghmun, Tleu, Tuikawi (New Belkhai), Lungchem, Thenhlum, S.Dampui, Kawnpui W, Darngawn, Changpui, Sumasumi, Ne w Khawlek, S. Khawlek, Dengsur and Mauzam in W. Bunghm un R. D. Block; and Village Thehlep in Lunglei R.D. Bl ock; and Villages Rangte, Chhumkhum, Rolui, Andermanik, Chhuahthum, Sihphirtlang, Lungsen, W.Rotlang, Phairuangkai, Putlungasih, Phairuangchhuah, Kauchhuah, New Vuakmual, Zawlpui, Tuisen Bolia, Tuisenchhuah and Belthei in Lungsen R.D. Block.",308
MIZORAM,LUNGLEI,35,West Tuipui,ST,"Villages Bandiasora, Saisen, Devasuri, Malsuri, Lokisuri Puankhai, and Hmundo in W.Bunghm un R. D. Block; and Villages Ukdasuri (Tuilet), Su garbasora, Diplibagh (Kawizau), Tuichawng, Balukiasuri, New Ba lukiasuri, Lamthai III, Lamthai II, Lamthai I, Serhuan, Nunsur i, Champasuri, Muriskata, Bindiasora, Thekaduar/Kaw rpuichhuah, Khangrasuri, Balungsuri, Zohmun, Khojoisuri (New) and Khojoisuri (Old), Chengkawllui (Samuksuri), Be lpei (Matiasora), Silkur, Borsegojasora, Tiperaghat III, Tiperaghat II, Tiperaghat I, Letisuri, Khojaisuri, Bor nasuri, S.Chawilung, Kalapani, Tlabung (NT), Sedailui and Thanzam asora in Lungsen R. D. Block.",308
MIZORAM,LAWNGTLAI,36,Tuichawng,ST,"Villages Boronasury, Kur balavasora, Borapansury I, Borapansury II, Ugulsury, Rajmandal I, Rajmandal II, Ugudasury, Montola, Nghar um, Silsury, Tongasora, Chhota p ansur y , Son g rasur y , W.Saizawh, Bo g an p ara, Bajeisora, Kamlanagar II (C hawngte C II), Kamlanagar III(Chawngte C III), Kamlanagar I (Chawngte C I), Old Bajeisora, Nalbanya, Guls ingbabsora, Nagdarasora, Geraguluksora, Udalthana II, Udal thana I, Bormon, Jarulsury, Ugudasury 'S', Adubangasora, Jame rsury (Serlui), Bungkawn 'S', Kukurduleya, Ulusury, Mandirasora, Mainababsora I, Peglababsora, Mainababsora II, Bortuli, Borakabakhali, Ajasora, Borkolok, Simeisur i, Vaseitlang I, Vaseitlang II, Golasuri, Betbonya, Rengashya, Chaminisora, Longpuighat, Futsury, Charluitlang, Lokhisuri , Devasora, Fulsora, Ludisora, Gerasury, Chhotaguisuri I, Chhotaguisuri II, Silbanga, Pablakhali, Jaruldulbasora, Durs ora, Boraituli, Damdep I(New Jognasuri I), Damdep II (New Jognasuri II), Boraguisuri, Chhippui (Fultuli), New Chhippui, Bilosora, Silosora, Devasora 'S', Parva I, Parva II, Parv a III, Kamtuli, Gobabsuri, Bangdukbanga, Simeinasora and Dudu ksora in Chawngte R. D. Block.",308
MIZORAM,LAWNGTLAI,37,Lawngtlai West,ST,"Villages Chawngte 'P', Tuikhurlui, Hmunlai, Mualbu 'L', Sumsilui, Sakeilui I, Sakeilui II, Jognasur i, Karlui, Pandawnglui, Chawngtelui, Diltlang 'S', N gengpuikai, Mampui, Saikah, Paithar, Chawntlangpui, Sihtlangpui , Kawlchaw 'W', Vanhne 'R', Rulkual, Liapha, Saizawh 'E', S.Bungtlang, Saikhawthlir, Hmunnuam, Damlui, Nghalimlui, Va seikai, Saibawh, Fangfarlui, M.Kawnpui, Sekulhkai, Kawrthindeng, Ngengpuitlang, Darnamtlang, Chikhurlui, Balisor a, Vathuampui, Hruitezawl, Tuithumhnar, Lunghauka, Chamdur 'P' I, Chamdur 'P' II, Chamdurtlang I, Chamdurtlang II, Mautlang, Ngunlingkhua, Tuisentlang, Dumzautlang, Dumzau I, Laitlang, Tuichawngtlang, Hmawngbu, Hmawngbuchhuah, Kakichhuah, Zochawchhuah, Sabualtlang, Lawngtlai College V eng, Thingkah, Lawngtlai AOC Veng and Chawnhu in Lawngtlai R. D. Block.",309
MIZORAM,LAWNGTLAI,38,Lawngtlai East,ST,"Villages Vartekkai, Vartek, Lungtian, Cheural, Rawlbuk, Fungkah, Lungpher, Siachangkawn, Bualpui NG 'W', Bualpui NG 'E', Lungzarhtum, Vawmbuk , Archhuang, Thaltlang, Tialdawngi Lung, Sentetfiang, Sangau 'W', Sangau 'E' and Pangkhua in Sangau R. D. Block; and Lawngtlai Council Veng, Lawngtlai Vengpui (L I), Lawngtlai Bazar Veng (L II), Salem (L III) and Chanmari (L IV) in Lawngtlai R. D. Block.",309
MIZORAM,SAIHA,39,Saiha,ST,"Villages Phalhrang, Rawmibawk (A motla), Tuisumpui, Riasikah, Tuipui Ferry, Niawhtlang, Lungbun, Chhuarlung, Phusa, Saihatlangkawn, New Saiha, College Veng, New Colony, Council Veng, Old Saiha, Meisav eng, Meisatla and Thingsen Veng in Tuipang R. D. Block; and.",309
MIZORAM,SAIHA,40,Palak,ST,"Villages Tuisih, Theiri, Siata, Ainak, Lower Theiva, Maubawk 'L', Maubawk 'CH', Zeropoint, Kawlchaw 'E', Serkawr, New Serkawr, New Latawh, Tuipang 'L ', Tuipang 'V', Dairy Veng Tuipang, Siatlai, Zawngling, Chheihlu, Chakhang, Siasi, Mawhre, Chapui, Khopai, Ahmypi , Kaisih, Maila, Lohry (New Latawh), Lawngban, Lungdar (Lodaw ), Phura, Vahai, Tongkolong, Miepu, Laki, Supha, Longmasu, Bymari, Lope (Zyhne), Lungpuk and Khaikhy in Tuipang R. D. Block.",310
NAGALAND,KOHIMA,1,Dimapur-I,,Word Nos. 1 and 2 of Dimapur Town.,312
NAGALAND,KOHIMA,2,Dimapur-II,ST,"Ward Nos. 3 to 5 of Dimapur Town; and Sangtam Tilla, Signal Sema, Signal Angami, Uriya Bengali, Nagarjan, Duncan, Kachali Goan, Lengrijan, N aga New Modern, Rangapahar and Thaikhu Villages of Dimapur circle in Dimapur sub-division.",312
NAGALAND,KOHIMA,3,Dimapur-III,ST,"Purna Bazar, Tolovi, Bamunpuk huri, Kusiabill, Samaguri, Dobagaong, Naharbari, Phaipijang, Podumpukhuri, Eralibill, Darogajan (Pharagong), Singrij an, Khopanulla, Amaluma, Desagophu, Dhansiripar, Ganeshnagar, Doyapur, Manglumukh and Hazadisha vill ages of Dimapur circle in Dimapur sub-division.",312
NAGALAND,KOHIMA,4,Ghaspani-I,ST,"Muhumi, Kiyezu, Hanimi, Suk hato, Khekiye, Chumukedima (T.C), Suhoyi, Zevoto, Zuheshe, Henito, Hetoi, Chumukedima, Sodzulhou, Shitoyi, Tokugha, Pukhoto, Gotovi, Hoito, Phuhoto, Ghokito, Ghonivi, Hevi she, Chumukedima, Hakize, Khukhiya, Selthekema (old) and Selthekema (new) Village of Pherima circle; Diphupar, Chekiye, Sokhuvi, Zutovi, Pimla, Gowoto, Lothavi, Sovima, Model village Tenephe (New village), Air filed Ao and Dar gapathar villages of Dimapur Circle in Dimapur sub-division ; and Kiyevi village of Jaluke circle in Jaluke sub-division.",312
NAGALAND,KOHIMA,5,Ghaspani-II,ST,"Pherima H.Q., Viphima, Tsiepama, Old Piphema, New Piphema, Khaibung, Sochunoma, Ruzaphema, Bungsnag, Molovom, Sirihangmi, Shirhima, Jhornapani, Ghaspani Pherima, Piphema Bazar, Hozukhe, Nikhekhu, Khehoi, Medziphema, Khamkaria, Zhuikhu, A Khel, Zhuikhum B Khel, Pagala Pahar, Kukidolong, Vihokhu, Nihokhu, Toshiho, Lotovi, Henici, Luzheto, Khelhozhe, Khehokhu, Nihoto Khughovi, Pishikhu and Choupa (New Village), villages of Pherima circle in Dimapur Sub-division; and Maow a village of Pedi circle in Jaluke sub-division.",312
NAGALAND,KOHIMA,6,Tenning,ST,"Tenning H.Q., Nazv, Lalong, Nt u, Nsong, Mechangbung, Chamcha, Ngaulong, Njang, Tenning, Nkio, Tepun, Songsang, Sinjol, Ncham, Sailham, Nchangram, Mbanbungwa, Nkialwa, Tesan New, Tesan Old and Mbaulwa villages of Tenning circle; Athibung, Ingbung, Beisumpui, Bongkolong, Soget, Phaikolum Khelma, Vongkithem and Chalkot villages of Pedi circ le ; and New Chalkot, Phaizol, New Soget, Lebemphai, Gelhang, Phelhang, Thenjol, Saijang, Lilem, Phanjang, Sailhem and Bom bal village of Jaluke circle in Jaluke sub division.",313
NAGALAND,KOHIMA,7,peren,ST,"Jaluke H.Q., Samziuram, Hai nakhui, Jaluke, New Jalkue, Heleilwa and Nkwarew village of Ja luke circle; and Pedi H.Q., Galli, Ngolwa, Heningkunglwa, Puilwa, Benrew, Ndunglwa, Peren H. Q., Punglwa, Peren (O ld), Poliwa, Mpai, Kendung, Mhai, Peren (New), Peletkie and Newnglwa villages of Pedi circle in Jaluke sub-division.",313
NAGALAND,KOHIMA,8,Western Angami,ST,"E. Bs. 7 to 9 (Dakline-I and Dak line-II) of Kohima Town ; and Jatsoma, Khonoma, Dzulakema, Mezoma. Sechuma, Zubza, Keruphema, Peducha, Menghuzhuma and Thekrezuma village of Zubza circle in Kohima Sadar sub-division.",313
NAGALAND,KOHIMA,9,Kohima Town,ST,"E. B. I (D.Block), E.B. 6 (Naga Bazar), E.B 10 (P.W.D.), E.B. II (Chandmari), E.B.12 (Minister Hill) and E.B. 13 (P.R. Hill) of Kohima Town.",313
NAGALAND,KOHIMA,10,Northern Angami-I,ST,E. Bs. 4 and 5 (North Block) of Kohima Town ; and Kohima and Chedema villages of Cheiphobozu circle in Kohima Sadar sub-division.,313
NAGALAND,KOHIMA,11,Northern Angami-II,ST,"Gariphema, Tuephebama, Botsa, Model, Seiyhema Tichuma, Kukhroma, Nachema, Chiec hama, Nerhema, Keruma, Phekerukriema, Chieziem a, Chieswema, Merama, Kijumetoama and Dihama village of Chiephobozu circle in Kohima Sadar sub-division.",313
NAGALAND,KOHIMA,12,Tseminyu,ST,"Tseminyu H. Q., Tsesesunyu, K ontsunyu, Kontsunyu Bazar, Phenshunyu, Nyishunyu, Chung likha, Nsuyu, Gukhanyu, Zisunyu, Tseminyu, Kashanyu, Phenwhenyu, Terogonyu, Ziphenyu, Tesophenyu, Khenyu, Rumesinyu, Njopheng, Logwesunyu, Sendenyu and Chosinyu (Chickhriema) of Tseminyu circle in Kohima Sadar sub-division.",313
NAGALAND,KOHIMA,13,Pughoboto,ST,"Tsaphimi, Kitami, Ghokimi, Nats umi, Pughoboto, Mishilimi, Lazami, Kichilimi, Awohumi, Shes ulimi, Mukalimi, Iphonumi, Ighanumi, Khughutomi, Kilomi, Chisholimi, Chishilimi, Hebolimi, Asukika and Ghathashi villages of Pughoboto circle in Kohima Sadar sub-division.",313
NAGALAND,KOHIMA,14,Southern Angami-I,ST,"E. Bs. 2 and 3 (Chotobosti) of Kohima Town; and Jakhama, Kigwema, Phesama, Pfucham a, Mima and Mi-Telephe villages of Jakhama circle in Kohima sadar sub-division.",314
NAGALAND,KOHIMA,15,Southern Angami-II,ST,"Khuzama, kidima, Kezoma, Ke zo, Chakhabama and Viswema village of Jakhama circle in Kohima sadar sub-division",314
NAGALAND,PHEK,16,Pfutsero,ST,"Pfutsero H. Q., Tekhouba, Lekro ma, Kami, Zapami, Lasumi, Theremi, Leshimi, Khezhakenoma and Kikruma villages of Pfutsero circle.",314
NAGALAND,PHEK,17,Chizami,ST,"Chizami H. Q., Chizami, Swem i, Thechulumi, Yesobama, Mesulumi, Chobama, Zeluma, Zhamai, Sakrabami, Gozuto and Pholami villages of Chizami circle; Puruba village of Pfutsero circle; and Upper K homi, Middle Khomi and Lower Khomi villages of Phek Sadar circle.",314
NAGALAND,PHEK,18,Chazouba,ST,"Chazouba H. Q. and Chazouba, Yorubabawa, Khesomi, Rugouzoumi, Chetheba Post, Thonizumi, Cheswomzumi, Khulazu Basa, Khulazu Bawe, Chuphuzumi, Sathazu Bawe, Sathazu Basa and Khetsami v illages of Chazouba circle; and Phesachanduma village of Pfutsero circle.",314
NAGALAND,PHEK,19,Phek,ST,"Phek New town Post, Bible hill, Chosaba, Phek old post, Phek, New Phek, Ketsapo, Chipoketami, Khuzami and Metsalimi villages of Phek Sadar Circle; and Phugwimi, Sagaumi, Dzulhami, Therhutswem i, Thevopisumi villages of Chazouba circle.",314
NAGALAND,PHEK,20,Meluri,ST,"Meluri H.Q., Meluri. Akhwego, Purr (Phor), Kukeho, Yisi, Kezata, Hutsur, Satuza, Wazhi ho, Molen, Leophori, Matikhru, Kanjang, Akhen, Reguri, Kalifo and Tailozu villages of Meluri circle; Zepu, Moke, Sutsur, Laruri, Avangkhu, Phokungri, Ngazu, Weselo and Thewati v illages of Phokungri circle; and Kotisumi, Kizare, Tezatsumi, Sowhemi, Lazaphehemi, Tehephumi, Nahatomi, Khutsok humo (old), Khutsokhumo (New) and Losami villages of Phek Sadar circle.",314
NAGALAND,MOKOKCHUNG,21,Tuli,ST,"Merangkong Station and Tuli Station and Merangkong, Wamaken, Kangtsungtuluba and A naki villages of Tuli Circle; Molungyimsen village of Alongkima circle; and Asangma village of chuchuyimlang circ le in Mokokchung Sadar sub- division.",314
NAGALAND,MOKOKCHUNG,22,Arkakong,ST,"Changtongya Station and Y aongyimsen, Changtongya yimjen, Changtongya yi ms en and Akhoia villages of Changtongya circle; and Unger, Kelengmen and Chuchuyimlang villages of Chuchuyimlang circle in Mokokchung Sadar sub-division.",315
NAGALAND,MOKOKCHUNG,23,Impur,ST,"Kobulong Compound, Alongchen Compound and Yisemyong Compound and Mopungchukit, Im pur, Chami, Longpha, Longjang, and Sungretsu villages of Kobulong circle; and Yisemyong Compound of Chuchuyimland circle in Mokokchung Sadar sub-division.",315
NAGALAND,MOKOKCHUNG,24,Angetyongpang,ST,"E. Bs. 5 of 6 of Mokokchung Town; Mongsenyimti Compound and Chuchuyimlang Compound and Mongsenyimti, Chaka, Yangyimti, Longkong and Salulamang village of Chuchuyimlang circle ; and Longmisa village of Ongpangkong circle in Mokokchung Sadar sub-division.",315
NAGALAND,MOKOKCHUNG,25,Monguya,,"E. Bs. 2 to 4 of Mokokchung Town; and Longsa, Chubayimkum, Mokokchung, a nd Chuchuyimpang village of Ongpangkong circle in Mokokchung Sadar sub-division.",315
NAGALAND,MOKOKCHUNG,26,Aonglenden,,"E. Bs. 1, 7 and 8 of Mokokc hung Town; and Ungma, Aosettsu and Kabza villages of Ongpangkong circle in Mokokchung Sadar sub-division.",315
NAGALAND,MOKOKCHUNG,27,Mokokchung Town,,E. Bs. 9 and 10 of Mokokchung Town.,315
NAGALAND,MOKOKCHUNG,28,Koridang,ST,"Sabangya Compound and Ongpangkong Compound and Lungkum, Mongmetong, Aliba, Kinunger, Chungtia, Mekeli and Khensa villages of Ongpangkong circle in Mokokchung Sadar sub-division.",315
NAGALAND,MOKOKCHUNG,29,Jangpetkong,ST,"Alongkima H.Q. and Chungliyimsen Station and Changki, Chungliyimsen, Khari, M ongchen, Dibuia, Waromong, Longnak and Merakiong villages of Alongkima, circle; and Mangkulemba circle in Mokokchung Sadar sub-division.",315
NAGALAND,MOKOKCHUNG,30,Alungtaki,ST,"Alungtaki Compound and Yajang, Lirmen, Aonokpu, Longchem, Merinokpo, Changdang, Lakhuni, Longsemdang, Japu, Satsuk, Sahaphumi and Tz urang NAP villages in Longchem circle ; and Yimc henkimong, Molungkimong and Atuphumi villages of Alongkima circle in Mokochung Sadar sub-division.",315
NAGALAND,ZUNHEBOTO,31,Akuluto,ST,"V.K. Station and Shitsumi, Zhaphumi, Lumami, Alaphumi, Lumtshami, Akuluto, Shichimi , Sutemi, Lotisami, Izheto, Sasutami, Ajiqumi, Maromi, Littami Old, Littami, New, Phushumi and Mukhami villages of Akuluto circle; and Mapulumi village of Atoizu Circle.",315
NAGALAND,ZUNHEBOTO,32,Atoizu,ST,"Atoizu H. Q. and Lukobomi, Aizu to, Aochakilimi, Apukito, Sukomi, Litsami, Emlomi, Yeshol tomi, Asukhto, Vekuho Old, Vekuho New, Nagatomi Old, N agatomi New, Rotomi Old, Akuhaito, Kero ntomi, Philimi and Rotomi New villages of Atoizu circle; and Shenakusa Old, shenakusa New and Usukomi villages of Stakha circle.",316
NAGALAND,ZUNHEBOTO,33,Suruhuto,ST,"Suruhuto H. Q. and Sapotimi, lit shami, Yehemi, Kiyetha, Kholeboto, Seromi, Aichisaghemi, Tichipami, Vedami, Phuye (Old) and Kisheu villages of Su ruhuto circle; and Khumishi (a), Khumishi (b), Khumishi (c), Khumishi (d), Tuzu Island, Kathara, Yeshito, Achikuchu (a), Achikuchu (b), Asuto, Nishoshe, Tuzuhu, Kitahu and Koi boto villages of Achikuchu Circle.",316
NAGALAND,ZUNHEBOTO,34,Aghunato,ST,"Lizuto, Ngozubo, Melahumi, A ghulito, Satami and Sahuboto villages of Achikuchu Circle; Aghunato H. Q. and Phuleshetomi, Keltomi, Zheishe, Lukikhe, Shevishe, Lutsumi, Lukhuyumi, Ghokishem Tsukomi, Lurishi, Viyilho, Yezashimi, Viyikhe, Aghiyilimi, Tokiye, Khetoi, Khukishe, Thokihimi, Lower Akhubami and Akhubami vill ages of Aghunato Circle; and Hoshepu School Compound and Khewoto Hoshepu Khekiye and Nehoshe villages of Hoshepu Circle.",316
NAGALAND,ZUNHEBOTO,35,Zunheboto,ST,"Zunheboto H. Q. and Nathmi (Y), Yemishe, Sakhalu, Nathami (Z), Sheipu, Shotomi, Bhaimho, Lizu Phuyeu, Lizu Nachuto, Lizu Phutheu, Lizuei Avikat o, Locho, Yeza and Asukho villages of Zunheboto Circle.",316
NAGALAND,ZUNHEBOTO,36,Satakha,ST,"Satakha H. Q. and Zhekiye, G hukiye, Aghuyito, Hoishe, Kuihopu, Khukiye, kilo Old, Kh ivi, Kivikhu, Momi, Nikuto, Shokhe, shoipu, Satakha, Vi shepu, Kiyekhu, Ghukhuyi, Sukhai, Nunumi, Nasami and su petikami villages of Satakha Circle; Satoi H. Q. and Ikiye, Ghokhuvi, Satoi, Tsuruhu, Hosiye, Tsuteho, Thakiye and Khubukhu villages of Satoi Circle ; and Zungti and Khukhepu villages of Zunheboto Circle.",316
NAGALAND,WOKHA,37,Tyui,ST,"Englan, Yikhum, Nungying, Seluku, Koio, Chukitong, Tsungiki, Mongya, N.Longidang, Longla, Yimkha Yanthamo, Niroyo, Longsachung, Changsu Ne w, Changsu Old, Riphyim Old and Riphyim New villages of Wokha Circle.",316
NAGALAND,WOKHA,38,wokha,ST,"Wokha H. Q. and Vangkosung, El umyo, Humtso, Shankitong, Shaki, Phiro, Wokha, Lengs a and Pongitong villages of Wokha Circle.",316
NAGALAND,WOKHA,39,Sanis,ST,"Sungro H. Q. and Aree (Old), Aree (New), Pangti, and Okotso villages of Sungro Circle; Lakhuti village of Aietepeyong Circle; Sanis H. Q. and S unglup, Yonchucho, Sanis, Meshangpen, Tsopo, Chudi, Longtsung and Morakcho villages of Sanis Circle; and Lotsu, Pyangsa, Moilan and Pyochu, villages of Lotsu Circle.",317
NAGALAND,WOKHA,40,Bhandari,ST,"Bhandari H. Q. and Yemgsungutso mo, Amboto, Mitilijan, Tssori New, Tssori Old, Wozhuyan, Changpang, Lio, Longidang, Yimpang, Alikhum, Menkiarang, L/Longchem, Bhandari, Longayim, Merapani, Yimp arsa, Ngotsok, Yimza, Mongphio, Roni, Pnagtong, Lishy uo, sungkha, Lio-Wokha, Suphayan, Liphiyan, Yamhon Old, Yamhon New, Koro, Longkhang and Zukhushe villages of Bhandari Circle; Mekokla, Akuk and Aietepey ong, villages of Aietepeyong Circle; N/Longchum, Hanku, Yangkeli, Liphanyan, Ralan (old), Ralan (New), Chandalashung, Woroku and Yampha villages of Lotsu Circle; and B aghty village of Sanis Circle.",317
NAGALAND,MON,41,Tizit,ST,"Tizit H. Q., Tizit Farm, P.W. D. /Medical CRP Colony and Tingalibam Hamlet and Nokzang, Jaboka, Loakho, Nokyuan, Yannu, Longting, Zangkham, Zak hu, Sangsa, Ngangting, Tizit, Lapa and Longlem villages of Tizit Circle ; and Oting and Wangla villages of Mon Circle.",317
NAGALAND,MON,42,Wakching,ST,"Naginimara H. Q. and Wa kching H. Q., and Namthai, Hotahoti, Tiru, Kongon, Wakch ing, Wanching, Shiyong, Tanhai and Chingphoi villages of Naginimara Circle.",317
NAGALAND,MON,43,Tapi,ST,"Shangnyu, Longpho, Tuimei, P huktong, Lampong-singha, Tang, Mon Longkai, Hongphoy and Liangnyu villages of Mon Circle; Nyasa village of P homching Circle; and Pongkong village of Naginimara Circle.",317
NAGALAND,MON,44,Phomching,ST,"Phomching H. Q. and Sengha Wamsa, Sengha, Mokok, Sengha Chingnyu, Sengha Tangj en, Nyanyu, Liongwa, Longzang, Wetting and Phuka villages of Phomching Circle.",317
NAGALAND,MON,45,Tehok,ST,"Choha Chinglen and Choha Chingnyu villages of Champang Circle; and Chen Station and Ch ingkao Chingcha, Chingkao Chingkao Chingnyu, Wangti, C henloisho, Chen Wetnyn and Chen Moho villages of Chen Circle.",317
NAGALAND,MON,46,Mon Town,ST,"Mon H. Q. and C.R.P. Check Post and Yoting, Leangha, Chui, Totok Chingnyu, Toto k Chingha and Totok chingku villages of Mon Circle; and Chok nyu village of Chen Circle.",317
NAGALAND,MON,47,Aboi,ST,"Champang H. Q. and Longching, Sowa, Mohung, Aopao, Chinglong, Nganyching and Langmeing village of Champang Circle; and Chingtang Village of Naginimara Circle.",318
NAGALAND,TUENSANG,48,Moka,ST,"Angphang, Jakphang, Longnam Compound and Chinglong villages of Champang Circle in Mon sub-division ; and Ukha, Mopong, Yakshu, Changnyu, Kenchanshu, Yonghong and Yei villages of Tobu Circle in tuensang Sadar Sub-division.",318
NAGALAND,TUENSANG,49,Tamlu,ST,"Tamlu H.Q. and C/Kangching, Tamlu, B/Namsang, Shemnuching, Ngetchungching and Bashola (Ladaigrah) villages of Tamlu Circle; and Tangsa, Yongshei, Yongya, Nian and Yungam villages of Longleng Circle in Tuensang Sadar Sub-division.",318
NAGALAND,TUENSANG,50,Longleng,ST,"Longleng H. Q. and Yachem, Yaong, Mongnyu, Pongo, Yongpang, Yangching, Hukpang,Orangkong, Aoching, Sakchi, Mongkitang, and Phomching villages of Longleng Circle in Tuensang Sadar Sub-division.",318
NAGALAND,TUENSANG,51,Noksen,ST,"Noksen H. Q. and Longra, Kongsang, Noksen, Litem, Yimrup, Kampong, Yukumsang, Yunyu, Sangtang, Longtang and Yali villages of Noksen Circle ; and Logkong, Bhumpak, Momching, Sauchu and Nakshu v illages of Tuensang Sadar Circle in Tuensan Sadar Sub-division.",318
NAGALAND,TUENSANG,52,Longkhim Chare,ST,"Yangli Mission Compound and Phire-Ahire, Holongba, Sangsomong, Longkhim, Angaba, Lirise, Chungtore and Chimonger villages of Longkhim Circle; and Chare H. Q. and Alisopur, Tonglong-sore, Longkmipek, Tronger, Old Mangakhi, New Mangakhi, New Ts atanger, Old Tsatanger, Chunglyimti and Chare villages of Chare Circle in Tuensang Sadar Sub-division.",318
NAGALAND,TUENSANG,53,Tuensang Sadar-I,ST,"Tuensang Town ; and Ngangbong, Khudeh and Halipong villages of Tuensang Sadar Circle in Tuensang Sadar Sub- division.",318
NAGALAND,TUENSANG,54,Tuensang Sadar-II,ST,"Chingmelen, Sangsangyu, Maksha, Nyinyem, Konya, Kejok, Makchung, Tuensang, Kuthur, Sotokur, Longtokur, Sibongsang, Hak and Chengtang vill ages of Tuensang Sadar Circle in Tuensang Sadar Sub-division.",318
NAGALAND,TUENSANG,55,Tobu,ST,"Tobu H. Q. and Bumei School Compound and Shamnyu, Tamkong, Yangkhao, Tobu, Pessao, Monakshu and Changlangshu villages of Tobu Circle in Tuensang Sadar Sub-division.",318
NAGALAND,TUENSANG,56,Noklak,ST,"Noklak Station and Yimpang, Taknyu, Waosho, Chingmei, Chentang Saddle, Noklak, Nokyan, Pangsha, Wansoi, Langanok, Anyashu, Choklan and Nokhu villages of Noklak Circle in Tuensang Sadar Sub-division.",319
NAGALAND,TUENSANG,57,Thonoknyu,ST,"Tsowao, Lengnyu, Yakao, Fans o (Nokhu) and Kenyu villages of Noklak Circle; and T honoknyn Station and Thonoknyu Station and Cailiso, Tuktsur, Pang, Chipur, Thongsonyu, Kensong, Pessu, Sanglao, Wue and Thonoknyu villages of Thonoknyu Circle in Tuensang Sadar Sub-division ; and Metongar, Longtsunger, Chikiponger, Pokphur and Sangkumti villages of Pungro Circle in Kiphire Sub-division.",319
NAGALAND,TUENSANG,58,Shamtorr-Chessore,ST,"Shamtoor H. Q. and Shamatorr, Waphur, Lasihiur, sikiur, Rurur, Leanghonger, Melenchung, Chassir, Sangphur and Yahor villages of Shamtoor Cir cle; and Chessore Station, Chessore, Y. Aunner, Shiponger, Liutsukiur, Huker, Kephore and Aiponger villages of Chessore Circle in Tuensang Sub- division.",319
NAGALAND,TUENSANG,59,Siyuchong-Sitimi,ST,"Siyuchong Post and Yangphire, Thangthore, Old-Mungre, New-Mungre, Siyuchong, Shat homi, Lokhami, Phisami, Yangitong and Tsungre village of Siyuchong Circle; Sitimi Station, Shishimi, Sitimi Nik iya (Yangseki), Thazuvi, Nitoi, Honito, Kitangre, Langzanger and Natchhami villages of Sitimi Circle; and Shamphor e, Longmatare, Ngoromi, Sanchore, Kesetong, Hor ongre, Keor, Amahotore and Resetsu villages of Kiphire Circle in Kiphire, sub-division.",319
NAGALAND,TUENSANG,60,Pungro-Kiphire,ST,"Kiphire H. Q., and Kiphire, A ngkokre, Phulungre, Sirire, Longthongre, Anatongre, Purur, Hutami and Insikur villages of Kiphire Circle; and Pungro H. Q., and Pungro, Pungron. Dethozu, Mimi, Moya, Manik, Thangamir, Penkhim, Salumi, Luthur, Iponger, Zaonger, Chomi and Zumkire villages of Pungro Circle in Kiphire Sub-division.",319
ORISSA,BARGARH,1,PADAMPUR,,"1. Jharbandh Block, 2. Paikmal Bl ock, 3. Rajborasmbar Block 4. Padampur (NAC).",320
ORISSA,BARGARH,2,BIJEPUR,,"1. Gaisilet Block, 2. Bijepur Block, 3. Patkulunda, Remta, Bandhpali, Khemesara, Kainsi r, Satalma, Barguda, Mahada, Tileimal, Agalpur, Bhatigaon, Raxa, Gopeipali, Tinkani, Tulundi and Kumbhari GPs of Barpali Block 4. Barpali (NAC).",320
ORISSA,BARGARH,3,BARGARH,,"1. Bargarh Block, 2. Katapali, Mahulpali, Kusanpuri, Lenda, Bagbadi, Baramkela and Kanbar GPs of Barpali Block 3. Bargarh (M).",320
ORISSA,BARGARH,4,ATTABIRA,SC,"1. Attabira Block, 2. Bheden Block.",320
ORISSA,BARGARH,5,BHATLI,,"1. Sohella Block, 2 Bhatli Block, 3 Ambabhona Block.",320
ORISSA,JHARSUGUDA,6,BRAJARAJNAGAR,,"1. Lakhanpur Block, 2. Bel pahar (NAC), 3. Brajarajnagar (M), 4. Chandnimal, Gourmal, Loisi ngh, Rajpur and Kudopali GPs o f Jharsuguda Block.",320
ORISSA,JHARSUGUDA,7,JHARSUGUDA,,"1. Badmal, Dalki, Durlaga, H. Ka tapali, Hirma, Jamera, Katikela, Malda, Marakuta, Patrapali, Sripura and Talpatia GPs of Jharsuguda Block 2. Kirmira Block 3. Laikera Block, 4. Kolabira Block 5. Jharsuguda (M)",320
ORISSA,SUNDARGARH,8,TALSARA,ST,"1. Subdega Block 2. Balisankara Block 3. Alpaka, Dumabahal, Giringkela, Gundiadihi, Hurmei, Kulabira, Lephripara, Masabira, Rajbahal and Sarafgarh GPs of Lephripara Block 4. Bargaon Block.",320
ORISSA,SUNDARGARH,9,SUNDARGARH,ST,"1. Tangarpali Block 2. Hemgir i Block 3. Badbanga, Chhatenpali, Darlipali, Jhurimal, Raibaga, Raidihi and Sargipali GPs o f Lephripara Block 4. Sundargarh Block, 5. Sundargarh (M).",321
ORISSA,SUNDARGARH,10,BIRAMITRAPUR,ST,"1. Kuarmunda Block, 2. Nuagaon Block, 3. Birmitrapur (M), 4. Bisra Block (excluding Kulunga (O.G) Jagada & Jhirpani GPs).",321
ORISSA,SUNDARGARH,11,RAGHUNATHPALI,SC,"1. Hatibandha, Lathikata, Mundajore , Ramjodi, Suidihi and Jalda GPs of Lathikata Block 2. Rourkela Township.",321
ORISSA,SUNDARGARH,12,ROURKELA,,1. Rourkela (M) 2. Kulunga ( O.G.) Jagada and Jhirpani GPs OF Bisra Block.,321
ORISSA,SUNDARGARH,13,RAJGANGPUR,ST,"1. Rajgangpur Block 2. Rajgangpur (M) including OCL Industrial Township(IT) 3. Bad-Dalki, Bir da, Birkera, Tainsar, Jhartrang, Chikatmati, Garjan, Balanda, Kulunga and Jadakudar GPs o f Lathikata Block, 4. Kutra Block.",321
ORISSA,SUNDARGARH,14,BONAI,ST,"1. Gurundia Block 2. Bonaigarh Block, 3. Lahunipara Block, 4. Koira Block.",321
ORISSA,SAMBALPUR,15,KUCHINDA,ST,"1. Bamara Block, 2. Kuchinda Block, 3. Kuchinda (NAC) 4. Jamankira Block.",321
ORISSA,SAMBALPUR,16,RENGALI,SC,"1. Rengali Block 2. Dhankauda Bl ock 3. Gunderpur, Batemura, Bhikampur, Maneswar, Mathpa li, Nuatihura, Parmanpur, Sindurpank, Tabala and Themra GPs of Maneswar Block.",321
ORISSA,SAMBALPUR,17,SAMBALPUR,,1. Sambalpur (M) 2. Hirakud (NAC) 3. Burla (NAC).,321
ORISSA,SAMBALPUR,18,RAIRAKHOL,,"1. Jujomura Block 2. Rairakhol Block 3. Naktideul Block 4. Rairakhol (NAC) 5. D eogaon, Dakara, Dhama, Huma, Bargaon, Sahaspur and Baduapali GPs of Maneswar Block.",321
ORISSA,DEOGARH,19,DEOGARH,,"1. TileibaniBlock, 2 . Barkote Block, 3 . Reamal Block, 4. Deogarh (M)",321
ORISSA,KEONJHAR,20,TELKOI,ST,"1. Harichandpur Block 2. Telkol Bl ock 3 Banspal, Barhagarh, Bayakumutia, Gonasika, Ja tra, Kalanda, Karangadihi, Kuanr, Nayakote, Fuljhar, Saharapur, Singhpur, Talakadakala, Tana, Taramakant and Uppar Raigoda GPs of Banspal Block.",321
ORISSA,KEONJHAR,21,GHASIPURA,,1. Ghasipura Block 2. G hatagaon Block 3. Dhakotha and Kolimati GPs of Anandapur Block.,322
ORISSA,KEONJHAR,22,ANANDAPUR,SC,"1. Bailo, Baunsagarh, Bel abahali, Gayalmunda, Haridapal, Jalasuan, Kantipal, Kat hakata, Kodapada, Manoharpur, Panasadiha, Panchupalli, Salabani and Taratara GPs o f Anandapur Block 2. Anandapur (M) 3. Hatadihi Block.",322
ORISSA,KEONJHAR,23,PATNA,ST,"1. Asanpat, Khuntapada, Badadum uria, Badaneuli, Baria, Dhanurjayapur, Gundunia, Tuk udiha, Ukhunda and Chauthia GPs of Jhumpura Block 2. Ja japosi, Jally, Sadangi, Jyotipur, Bhuinpur and Parsala GPs of C hampura Block 3. Patna Block 4. Saharpada Block.",322
ORISSA,KEONJHAR,24,KEONJHAR,ST,"1. Arsala, Balibandha, J humpura, Khendra, Kutugaon, Nahabeda, Naradapur, Nischintapur , Basantapur, Gumura, Malada and Nayagarh GPs of Jhumpura Block 2. Kodipasa, Suakati, Talachampei, Talakain sari and Kumundi GPs o f Banspal Block 3. Keonjhar Block 4. Keonjhar (M).",322
ORISSA,KEONJHAR,25,CHAMPUA,,"1. Joda Block 2. Joda (M) 3. Barbil (M) 4. Kodagadia, Jamudalak, Rajia, Kalikapras ad, Remuli, Badanai, Sarei, Champua, Kutariposi, Sunapos i, Karanjia, Rangamatia, Uchabali, Bhanda, Kashipal, P adua and Chandrasekharpur GPs of Champua Block.",322
ORISSA,MAYURBHANJ,26,JASHIPUR,ST,"1. Jashipur Block 2. Ra ruan Block 3.Sukruli Blick 4. Badhatnabeda, Chuapani, Dhangdi muta, Hatbadra, Jarada, Jhipabandh, Talapati, Tola kpokhari and Uparbeda GPs o f Kusumi Block.",322
ORISSA,MAYURBHANJ,27,SARASKANA,ST,"1. Bijatala Block 2. Jaypur, Ku sumi and Mayurdar GPs of Kusumi Block 3. Saraskana Block 4. Bisoi Block.",322
ORISSA,MAYURBHANJ,28,RAIRANGPUR,ST,"1. Tiring Block 2. Bahalda Block, 3. Jamada Block, 4. Rairangpu r Block , 5. Rairangpur (NAC).",322
ORISSA,MAYURBHANJ,29,BANGRIPOSI,ST,1. Shamakhunta Block 2. Bangriposi Block 3. Kuliana Block.,322
ORISSA,MAYURBHANJ,30,KARANJIA,ST,"1. Karanjia Block 2. T hakurmunda Block 3. Padmapokhari, Ramachandrapur, Labnyadeipur, Dewanbahali, Ranipokhari, Sarat, Nota, Sardiha and Kalam gadia GPs of Kaptipada Block 4. Karanjia (NAC)",322
ORISSA,MAYURBHANJ,31,UDALA,ST,"1. Udala Block 2. Gopabandhu Nagar Block 3. Udala (NAC) 4. Badabisol, Badagudgudia, Badkhaladi, Chakradharpur, Devala, Jadida, Jambani, Jayantipata Samil Jamdiha, Jhinkpada, Kaptipada, Koliolam, Majhigadia, Mankadpada, Nuddiha, Pedagadi, Pingu and Salchua GPs of Kaptipada Block .",323
ORISSA,MAYURBHANJ,32,BADASAHI,SC,"1. Badasahi, Balabhadrapur, Bh imda, Bireswarpur, Chandanpur, Chhelia (A), Deulia, Durgapur, Jogniugaon, Kendudiha, Kochilakhunta, Madhapur, Mangovin dpur, Manatri, Patisari, Paunsia, Salgaon, Sialighaty, Suhagpur, Talapada and Pratappur GPs of Badasahi Block 2. Betnoti Block.",323
ORISSA,MAYURBHANJ,33,BARIPADA,ST,"1. Khunta Block 2. Bari pada Block 3. Baripada (M) 4. Gudialbandh, Jadunathpur, Jarkani, Khanua, Naupal, Purnachandrapur, Sankerko, Tangasol and Uthaninuagaon GPs of Badasahi Block.",323
ORISSA,MAYURBHANJ,34,MORADA,,"1. Suliapada Block, 2. Rasagobindapur Block, 3. Morada Block.",323
ORISSA,BALASORE,35,JALESWAR,,"1. Jaleswar Block, 2. Nata kata, Purusottampur, Kulida, Santoshpur, Raghunathpur, Chorma ra, Singla, Paunsakulli, Tadada, Putura and Nabara GPs of Basta Block 3. Jaleswar (NAC).",323
ORISSA,BALASORE,36,BHOGRAI,,1. BHOGRAI BLOCK.,323
ORISSA,BALASORE,37,BASTA,,"1. Baliapal Block, 2. Mu kulishi, Brahmanda, Sadanandapur, Baharda, Rautpada, Mathani , Sahada, Naikudi, Gadapada, Darada and Irda GPs of Basta Block.",323
ORISSA,BALASORE,38,BALASORE,,"1. Kasipada, Rasalpur, Sr irampur, Kasafal, Sartha, Bahabalpur, Chhanua, Haladipada, Olandasaragan, Odangi, Nagram, Buanl, Sindhia, Gopinathpur, Parikhi, Patrapada, Kuradiha and Srikona GP s of Balasore Block 2. Balasore (M).",323
ORISSA,BALASORE,39,REMUNA,SC,"1. Remuna Block, 2. Ransahi, Gudu, Padmapur, Saragan, Genguti, Sasanga, Rasalpur, Jayadevkasba and Hidigan GPs of Balasore Block.",323
ORISSA,BALASORE,40,NILGIRI,,"1. Nilgiri Block, 2. Oupada Block, 3. Chakajaganathapur, Kasabajayapur, Khantapada, P anapana and Patharpentha GPs of Bahanaga Block 4. Nilgiri (NAC).",323
ORISSA,BALASORE,41,SORO,SC,"1. Soro Block 2. Anji, Aruhabad, Avana, Bahanaga, Baripada, Bishnupur, Chittol, Dandaharipur , Gopalpur, Kalyani, Kharsahapur, Kochiakoili, Kur uda, Sahaspura, Saud and Talakurunia GPs of Bahanaga Block. 3. Soro (NAC).",324
ORISSA,BALASORE,42,SIMULIA,,"1. Khaira Block, 2. Simulia Block.",324
ORISSA,BHADRAK,43,BHANDARIPOKHARI,,"1. Bonth Block, 2. Bhandaripokhari Block",324
ORISSA,BHADRAK,44,BHADRAK,,"1. Bhadrak Block, 2. Bhadrak (M)",324
ORISSA,BHADRAK,45,BASUDEVPUR,,"1. Basudevpur Block 2. Bhatapada, Saya, Bahabalpur, Sindol, Kolha, Mukundapur and Maharampur GPs of Tihidi Block 3.Basudevpur (NAC).",324
ORISSA,BHADRAK,46,DHAMNAGAR,SC,"1. Dhamnagar Block 2. Paliabi ndha, Achak, Dolasahi, Guamal, Talapada, Kubera, Biliana, Baro, Bodak, Kanpada, Shyamsundarpur and Talagopabindha GPs of Tihidi Block.",324
ORISSA,BHADRAK,47,CHANDABALI,,"1. Chandabali Block , 2. Daulat apur, Bamanbindha, Jamjodi, Rajnagar, Barasar, Sahapur and Gobindapur GPs of Tihidi Block",324
ORISSA,JAJPUR,48,BINJHARPUR,SC,"1. Binjharpur Block 2. Biri pata, Asanpur, Palatpur, Khannagar, Kamardihi, Nizampur, Dutt apur, Bihari, Gramanandipur, Thalkudi, Kayan and Chasakhanda GPs of Dasarathpur Block.",324
ORISSA,JAJPUR,49,BARI,,"1. Badasuar, Chhatisdebil, Erabanka, Jhalapada, Sanasuar, Rudrapur, Sahaspur and Sujanpur GPs of Jajpur Block, 2. A talapur, Samantarapur, R outrapur, Prathamakhandi, Rajendrapur, Arthanga, Mangarajpur, Brahmabarada, Bandhadiha and Maheswarpur GPs of Rasulpur Block 3. Bari Block",324
ORISSA,JAJPUR,50,BARACHANA,,Barachana Block,324
ORISSA,JAJPUR,51,DHARMASALA,,"1. Dharmasala Block 2. Odiso, Kalana, Singhapur, Sribantapur, Jabara, Nathuabar, Rahamba, Ba rabati and Rasulpur GPs o f Rasulpur Block .",324
ORISSA,JAJPUR,52,JAJPUR,,"1. Basudevpur, Beruda, Bhubaneswarpur, Bhuinpur, Bichitrapur, Chainipur, Jahanpur, Khairabad, Mala Anandapur, Markandapur, Nathasahi, Panasa, Maheswarpur, Shyamadaspur, Similia and Upparbar uhan GPs of Jajpur Block 2. Duduranta, Susua, Kani kapada, Mangalpur, Akarapada, Champeipal, Chhachina, Chi ttalo, Dasrathpur, Gopalpur, Kasapa, Katikata, Khandara, Mallikapur , Taliha and Tarpada GPs of Dasrathpur Block 3. Jajpur (M).",325
ORISSA,JAJPUR,53,KOREI,,"1. Korei Block 2. Bhotaka, Laxminagar, Pahanga, Badakainchi, Gandhan, Tikarpada, Bahadalapur, Narasinghpur and Mugupal GPs of Rasulpur Block 3. Vyasanagar (M) 4. Vyasanagar (O.G).",325
ORISSA,JAJPUR,54,SUKINDA,,"1. Sukinda Block, 2. Danagadi Block.",325
ORISSA,DHENKANAL,55,DHENKANAL,,"1. Gondia Block 2. Baladi abandha, Baliamba, Beltikiri, Bhaliabolkateni, Bhapur, Chandr asekhar Prasad, Dhirapatana, Gobindpur, Kaimati, Kak udibhag, Kankadahad, Kankadpal, Madhusahupatna, Mangalpur, Manipur , Nadiali, Nagiapasi, Sankarpur, Saptasajya and Talabarkote GPs of Dhenkanal Block 3. Dhenkanal (M).",325
ORISSA,DHENKANAL,56,HINDOL,SC,1. Odapada Block 2. Hindol Block.,325
ORISSA,DHENKANAL,57,KAMAKHYANAGAR,,"1. Barada, Gengutia, Sankulei, Tarva, Chaulia, Sogarpasi and Bansingh GPs of Dhenkanal Block 2. Badasuanlo, Jagannathpur, Bhairapur, Bar uan(K), Baunspal, Kanapura, Baisinga, Baligorad, Mahulapal, Kadua, Rainarasinghpur, Sogar, Budhibilli, Bankual and Kotagara GPs of Kamakhyanaga r Block 3. Bhuban Block 4. Bhuban (NAC) 5. Kamakhyanaga r (NAC).",325
ORISSA,DHENKANAL,58,PARJANGA,,"1. Kankadahada Block 2. Kusuma jodi, Kantapal, Tumusinga, Kantiokateni and Kantioputasahi GPs. of Kamakhayanagr Block 3. Parjanga Block",325
ORISSA,ANGUL,59,PALLAHARA,,"1. Pallahara Block 2. Balipasi, Kuluma, Rengali, Susuba, Arkil, Gandamala, Bajrakote, Hanumanpur , Dalak, Karnapal, Parabil, Burukuna, Kulei, Derang, Kak udia, Talapada, Biru, Hariharapu r and Samal GPs of Kaniha Block.",325
ORISSA,ANGUL,60,TALCHER,,"1. Talcher Block, 2. Talc her (M), 3. Kaniha, Kamarei, Badatribida, Sanatribida, Bi jigol, Badagunduri and Jarada GPs of Kaniha Block.",325
ORISSA,ANGUL,61,ANGUL,,"1. Khalari, Kangulabentapur, Angarbandha, Badakera, Rantalei, Chheliapada, Baluakata, Kumurisingha, Inkarbandha, Sankhapur, Pokatunga, Talagar h, Baragounia, Basala, Bedasasan, Khinda, Gadataras a, Badakantakul, Dhokuta, Balasingha, Bantala, Nandapur and Balanga GPs of Angul Block 2. Angul (NAC)+ Nalco (C.T ),3. Bauligarh, Bhogabereni, Bonda, Budhapank, Fulpada, Garhasantri, Gotamara, Balaramprasad, Kulad, Mahidharpur, Nuahata, Talmul and Tulasipal GPs of Banarpal Block.",326
ORISSA,ANGUL,62,CHHENDIPADA,SC,"1. Chhendipada Block, 2. Kandasar, Badakerajang, Jarasingha, Kanjara, Karadagadia, Ku kudang, Kumand, Kurudol, Sakosingha, Sanakerajang, T ubey and Santrapur GPs o f Banarpal Block.",326
ORISSA,ANGUL,63,ATHAMALLIK,,"1. Antulia, Saradhapur, Matias ahi, Manikajodi, Jagannathpur, Tainsi, Kothabhuin, Tikar pada and Purunakote GPs o f Angul Block, 2. Athamallik Block 3. Kishorenagar Block 4. Athamallik (NAC)",326
ORISSA,SUBARNAPUR,64,BIRMAHARAJPUR,SC,"1. Ullunda Block 2. Birmaharajpur Block 3. Babupalli, Bankigirdi, Bausuni, Bhandar, Charda, Kaintara, Mahadevpalli, Meghala, Seledi, Shankara, Silati, Sindur pur and Singhijuba GPs of Binka Block 4. Binka (NAC).",326
ORISSA,SUBARNAPUR,65,SONEPUR,,1. Sonepur Block 2. Tarbha Bl ock 3. Tarbha (NAC) 4. Sonepu r (M) 5. Dunguripali Block 6. Julunda and Mahada GPs of Binka Block.,326
ORISSA,BOLANGIR,66,LOISINGHA,SC,"1. Agalpur Block, 2. Loisingha Block, 3. Puintala Block.",326
ORISSA,BOLANGIR,67,PATNAGARH,,"1. Patnagarh Blo ck, 2. Khaprakhol Block, 3. Belpara Block 4. Patnagarh (NAC).",326
ORISSA,BOLANGIR,68,BOLANGIR,,"1. Bolangir Block, 2. Deogaon Block , 3. Bolangir (M).",326
ORISSA,BOLANGIR,69,TITLAGARH,,1. Titlagarh Block 2. Saintala Block 3. Tentulikhunti (Gudvella) Block 4. Titlagarh (NAC),326
ORISSA,BOLANGIR,70,KANTABANJI,,"1. Turekela Block, 2. Bangom unda Block, 3. Muribahal Block, 4. Kantabanji (NAC).",326
ORISSA,NUAPADA,71,NUAPADA,,"1. Nuapada Block, 2. Komna Block, 3. Khariar Road (NAC).",327
ORISSA,NUAPADA,72,KHARIAR,,"1. Boden Block, 2. Sinapalli Block, 3. Khariar Block, 4. Kharia r (NAC).",327
ORISSA,NABARANGPUR,73,UMERKOTE,ST,"1. Raighar Block, 2. Kurshi , Beheda, Kopena, Bakoda, Murtuma, Burja, S unabeda and Semala GPs of Umerkote Block 3. Umerkote (NAC).",327
ORISSA,NABARANGPUR,74,JHARIGAM,ST,"1. Chandahandi Block, 2. Jharigam Block, 3. Badabharandi, Badakumari, Bhamini, Benor a, Singisari, Bhandariguda, Chikalpadar, Hirapur, Karagam and Rajpur GPs of Umarkote Block.",327
ORISSA,NABARANGPUR,75,NABARANGPUR,ST,"1. Tentulikhunti Block 2. Nabarangpur block 3. Nandahandi Block 4. Nabarangpur (M) 5. Madeigam, Chirma, Badambada, Panduguda, Kokodisemla, Ra j oda, Bamuni, Sanambada, Binjili and Ukiapali GPs of Kosagumuda Block .",327
ORISSA,NABARANGPUR,76,DABUGAM,ST,"1. Dabugam Block 2. Papadahandi Block 3 Atigam, Badagumuda, Balenga, Bankuli, M. Keragam, Butimajhisemla, Ekori, Kodinga, Kosagum uda, Majhidhanua, Motigam, Santoshpur, Taragam and Temera GPs of . Kosagumuda block.",327
ORISSA,KALAHANDI,77,LANJIGARH,ST,"1. Lanjigar Block 2. Thuam ul Rampur Block 3. Anlabhata, Badakarlakot, Badpujhariaguda, B aner, Bhainripali, Dhansuli, Hirapur, Jaipatna, Kuchagaon, Mangalpur, Mukhiguda, Paikkendumundi, Pratappur, Rengalpalli, Sargiguda and Uchhula GPs of Jaipatana Block 4. Risigaon, Duarsuni, Sagada, Jugsaipatna, Chancher, Kuturukhamar, Malgaon and Tal Belgaon GPs of Bhawanipatna Block.",327
ORISSA,KALAHANDI,78,JUNAGARH,,1. Junagarh Block 2. Golamunda Block 3. Junagarh (NAC),327
ORISSA,KALAHANDI,79,DHARMGARH,,1. Koksara Block 2. Dharmgar h Block 3. Kalampur Block 4. Bandigaon and Ranamal GPs of Jaipatana Block .,327
ORISSA,KALAHANDI,80,BHAWANIPATNA,SC,"1. Madiguda, Chahagaon, Karlapada, Chheliamal, Kalam, Karlaguda, Thuapadar, Dadpur, Deypur, Gudialipadar, Kamthana, Kuliamal, Gand-Baraj hola, Medinipur, Seinpur, Palsijharan, Udepur, Matia, Borda, Kendupati, Gurujung, Borbhata, Dumuria, Artal and Palana GPs o f Bhawanipatna Block 2. Adham unda, Balasi, Boria, Chancher, Deogaon, Fatakmal, Gaigaon, Gokuleswar, Kandel, Kikia, Kundabandha, Laitara, Nasigaon, Past ikudi, Patharla, Sirol and Utkela GPs of Kesinga Block 3. Bhawanipatna (M) 4. Kesinga (NAC).",328
ORISSA,KALAHANDI,81,NARLA,,"1.Karlamunda Block 2. Madanpur-Rampur Block 3. Narla Block 4. Belkhandi, Hatikhoj, Kant esir, Kashurpada, Nunmath, Paralsingha, Sirjapalli, Tundla and Turlakhman GPs of . Kesinga Block .",328
ORISSA,KANDHAMAL,82,BALIGUDA,ST,"1. Baliguda Block, 2. K.Nuagam Block, 3. Kotagarh Block, 4. Tumudibandh Block.",328
ORISSA,KANDHAMAL,83,G. UDAYAGIRI,ST,"1. Raikia Block, 2. Daringbadi Block, 3. G. Udayagiri Block, 4. G.Udayagiri (NAC) 5. Tikabali Block.",328
ORISSA,KANDHAMAL,84,PHULBANI,ST,"1. Chakapada Block, 2. Phulbani Block, 3. Phulbani (NAC), 4. Khajuripada Block 5. Phiringia Block.",328
ORISSA,BOUDH,85,KANTAMAL,,"1. Kantamal Block, 2. Raxa , Manupali, Gochhapada, Baunsuni, Bohira, Talasarada, M undipadar, Sagada, Gundulia and Ainlapali GPs of Boudh Block.",328
ORISSA,BOUDH,86,BOUDH,,"1. Telibandha, Khuntabandha, Mursundhi, Badhigam, Mundapada, Baghiapada, Brahmanipa li, Ambajhari, Tikarapada, Padmanapur and Laxmiprasad GPs of Boudh Block 2. Harbhanga Block 3. Boudhgarh (NAC).",328
ORISSA,CUTTACK,87,BARAMBA,,1. Narasinghpur Block 2. Baramba Block.,328
ORISSA,CUTTACK,88,BANKI,,"1. Banki Block 2. Banki-Dam pada Block 3. BankI (NAC) 4. Narajmarthapur, Ramdaspur, Madhupur, Belagachhia, Dadhapatana, Kunheipada, Mundali and Sribantapur GPs o f Barang Block .",329
ORISSA,CUTTACK,89,ATHAGARH,,"1. Athagarh Block 2. Tigiria Block 3. Kakhadi, Sankarpur, Badasamantarapur, Mangarajpur and Brahmapur GPs of Tangi- Choudwar Block 4. Athagarh (NAC)",329
ORISSA,CUTTACK,90,BARABATI-CUTTACK,,1. Ward No. 1 to 24 and 26 of Cuttack MC.,329
ORISSA,CUTTACK,91,CHOUDWAR- CUTTACK,,"1. Ward No. 25, 27 to 42 and 44 to 45 of CUTTTAC K MC 2. Charbatia (C.T), 3. CHOUDWAR (O.G), 4. CHOUDWAR (M), 5.Nakhara, Kayalpada, Indranipatna and A grahat GPs o f TANGI-CHOUDWAR BLOCK.",329
ORISSA,CUTTACK,92,NIALI,SC,"1. Nagari, Usuma, Khalarda, Korkora, Sainso, Kurangpradhan, Kurangsasan and Harianta GPs of Barang Block 2. Kantapada Block, 3. Niali Block.",329
ORISSA,CUTTACK,93,CUTTACK SADAR,SC,"1. Cuttack Sadar Block 2. Santapur, Isaniberhampur, Manpur, Janardanpur, Sirlo, Babujanga, U ttarkul, Manijanga, Palada, Mahammadpur, Nemalo, Tilakana, Kalamishri and Bandhupu r GPs of Nischintakoili Block, 3.Ward No.43 and 46 to 48 o f Cuttack (MC).",329
ORISSA,CUTTACK,94,SALIPUR,,"1. Salipur Block, 2. Govindpur , Jaripada, Harianta, Napanga, Bhatimunda, Kanheipur, Uchapada, Kotsahi, Garudagaon, Safa and Salagaon GPs of Tangi-Choudwar Block.",329
ORISSA,CUTTACK,95,MAHANGA,,"1. Mahanga Block 2. Fagola, Ramakrushnpur, Jignipur, Nischintakoili, Narendrapur, Nagaspur, Daudpur, Sukarpada, Asureswar, Taratasasan, Jama ra, Orti, Kentalo, Baliapada, Kerilo, Buhalo, Kendupatana, Jhadeswarpur, Bandhakatia, Natakai, Kolanpur, Katikata, Ka tarpara, Jairampur, Barado and Sarapada GPs of Nischintakoili Block.",329
ORISSA,KENDRAPARA,96,PATKURA,,"1. Derabish Block, 2. Garadapur Block, 3.Jalapoka, Karilopatna, A itipur, Jamapada, Mehendinagar , Bachharai and Bandhakata GPs of Marshaghai Block.",329
ORISSA,KENDRAPARA,97,KENDRAPARA,SC,"1. Kendrapara Block, 2. Al apua, Taradipal, Penthapal, Andhara, Baluria, Amrutam anohi, Nilakanthapur, Balipatana, Narasinghpur, Badamulabasanta, Dihapada and Singhagan GPs of Pattamundai Block 3. Kendrapara (M).",330
ORISSA,KENDRAPARA,98,AUL,,"1. Aul Block, 2. Rajkanika Block.",330
ORISSA,KENDRAPARA,99,RAJANAGAR,,"1. Rajanagar Block, 2. Bac hhara, Srirampur, Damarpur, Sansarphal, Khanata, Oupada, Ch andan Nagar, Sasana, Dosia, Khadianta, Gangarampur, Ar adapali, Sanajaria, Badapada, Bilikana, Badamohanpur, Dihudipur and Balabhadrapur GPs o f Pattamundai Block 3. Pattamundai (NAC).",330
ORISSA,KENDRAPARA,100,MAHAKALAPADA,,"1. Mahakalapada Block, 2. Silipur, Dasipur, Dumuka, Marshaghai, Garajanga, Talasanga, Parakula, Akhuadakhin, Raghabapur, Antei, Batira, Beruhan, Manikunda, Angulai, Kuhudi and Mangarajpur GPs of Marsaghai Block.",330
ORISSA,JAGATSINGHPUR,101,PARADEEP,,"1. Kujang Block, 2. Par adeep (M), 3. Amberi, Kolar, Samantarapur, Poragadei, Manij anga, Bodhei and Jadatira GPs of Tirtol Block.",330
ORISSA,JAGATSINGHPUR,102,TIRTOL,SC,"1. Biridi Block, 2. Raghunathpur Block, 3. Biritol, Bishunpur, Dainlo, Garam, Gobindapur, G opalpur, Gopalpur (S), Ibrisingh, Jagannathpur,Kanakpur, Kanimula, Katara, Kostimallikapur, Krushnanandpur, Mulisingh, Patilo, Sanara, Tarajanga, Tirtol and Tulanga GPs of Tirtol Block.",330
ORISSA,JAGATSINGHPUR,103,BALIKUDA- ERASAMA,,"1. Balikuda Block, 2. Erasama Block.",330
ORISSA,JAGATSINGHPUR,104,JAGATSINGHPUR,,"1. Naugaon Block 2. Jagatsinghpur Block, 3. Jagatsinghpur (M).",330
ORISSA,PURI,105,KAKATPUR,SC,"1. Kakatpur Block, 2. Asta rang Block, 3 Konark (NAC), 4. Jangalbori, Bi rtung, Baulanga, Desthali, Dhumala, Sorava, Mahalapada, Achyutapur, Banakhandi, Simili, Sutan, Tarakora and Badagaon GPs of GOP Block.",330
ORISSA,PURI,106,NIMAPARA,,"1. Nimapara Block, 2. Nimapar a (NAC), 3. Nuakholamara, Rahangagorada, Andhara Ichhapur , Ganeswarpur, Gop, Bedapur, Badatara, Nagapur, Banta ligram, Baniasahi, Erabanga, Kuanpada and Payara GPs of GOP Block.",330
ORISSA,PURI,107,PURI,,"1. Birapratappur, Balipada, Ja marsuan, Baliput, Raigorada, Garhmrugasira, Chalisbatia, Malatipatpur, Chandanpur, Sasan Damodarpur, Samanga, Gopi nathpur, Harekrushnapur, Baliguali and Talajanga GPs of PURI Sadar Block 2. Puri (M), 3. Itibhuan, Garhbhingura and Chhaitana GPs of GOP Block.",331
ORISSA,PURI,108,BRAHMAGIRI,,"1.Kanhei Bidyadharpur, Gaudaker a, Bijaya Ramachandrapur, Pratap Ramachandrapur, Bira Narasinghapur, Bira Balabhadrapur, Pratap Purusottam pur, Hantuka, Basudevpur, Kerandipur and Bhailipur GP s of Puri Sadar Block 2. Krushnaprasad Block, 3. Brahmagiri Block.",331
ORISSA,PURI,109,SATYABADI,,"1. Satyabadi Block, 2. Kanas Block.",331
ORISSA,PURI,110,PIPILI,,"1. Pipili Block, 2. Delanga Block , 3. Pipili (NAC).",331
ORISSA,KHURDA,111,JAYADEV,SC,"1. Balianta Block, 2. Balipatna Block.",331
ORISSA,KHURDA,112,BHUBANESWAR CENTRAL(MADHYA),,1. Ward No. 16 to 29 and 35 to 37 of Bhubaneswar (MC.).,331
ORISSA,KHURDA,113,BHUBANESWAR NORTH (UTTAR),,"1. Ward No. 1 to 11 and 13 of Bhubaneswar (MC) 2. Raghunathpur, Dadha, Kalyanpur, Barimunda and Kalarahanga GPs of Bhubaneswar Block.",331
ORISSA,KHURDA,114,EKAMRA- BHUBANESWAR,,"1. Ward No.12, 14, 15 and 30 to 34 and Ward No. 38 to 47 o f BHUBANESWAR (MC). 2. Basuaghai , Itipur, Tikarapada, Dhauli and Sisupal GPs of Bhubaneswar Block.",331
ORISSA,KHURDA,115,JATANI,,"1. Gadahaladia, Keranga, Malip ur, Tangiapada, Pubusahi and Nalipada- A rjunpur GPs of Khurda Blo ck. 2. Jatani Block, 3. Chandaka, Darutheng, Andhar ua, Paikarapur, Mendhasal, Tamando, Nanput, Kantabad and Patrapada GPs o f Bhubaneswar Block. 4. Jatani (M).",331
ORISSA,KHURDA,116,BEGUNIA,,"1. Begunia Block, 2. Bologarh Block.",331
ORISSA,KHURDA,117,KHURDA,,"1. Tangi Block, 2. Pala totapada, Bajapur, Nijigarhtapanga, Kanpur, Dhaulimuhan, Brajam ohanpur, Naranagarh, Godipada, Jankia, Golabaisasan, Orabarasingh, Kuradhamalla, Bangida and Kaipadar GPs of Khurda Block 3. Khurda (M).",331
ORISSA,KHURDA,118,CHILIKA,,"1. Banapur Block, 2. Chilika Block, 3. Banapur (NAC), 4. Balugaon (NAC).",331
ORISSA,NAYAGARH,119,RANPUR,,"1. Gotisahi, Solapata, M agarabandha, Saranakul, Sikharpur, A ngisingi, Dimisara, Godipada, Panchumu, Kajalaipalli, Barasahi, Godipalli, P Manpur, Hariharpur and Badagorada GPs of Odagaon Block 2. Ranpur Block.",332
ORISSA,NAYAGARH,120,KHANDAPADA,,"1. Khandapada Block, 2. Bhapur Block, 3. Khandapada (NAC).",332
ORISSA,NAYAGARH,121,DASPALLA,SC,"1. Daspalla Block, 2. Gania Block, 3. Nuagaon Block.",332
ORISSA,NAYAGARH,122,NAYAGARH,,"1. Nayagarh Block 2. Sunamuhi n, Panderipada, Giridipali, Kurala, Rabigadia, Pantikhari,Ko rapitha, Sakeri, Sardhapur, Nandighora, Goudaput, Komanda, Rohibanka, Machhipada, Banthapur, Ranganipatna and Odagaon GPs of Odagaon Block 3. Nayagarh (NAC).",332
ORISSA,GANJAM,123,BHANJANAGAR,,"1. Bhanjanagar Block, 2. Jagannathprasad Block, 3. Bhanjanagar (NAC).",332
ORISSA,GANJAM,124,POLASARA,,"1. Buguda Block, 2. Polasara Block, 3. Buguda (NAC), 4. Polasara (NAC).",332
ORISSA,GANJAM,125,KABISURYANAGAR,,"1. Beguniapada Block, 2. Kodal a (NAC), 3. Gangapur, Baunsia, Budhamba, Khajapalli, Badamahuri, Athagadapatna, Gudiali, Jarada and Risipur GP s of Kabisuryanagar Block 4. Kabisuryanagar (NAC) 5. Sama, Chingudighai, Sikula, A rakhapur, Bhutasarasingi, B adakharida, Pandia, Ch. Nuagan, Jhadabai, Tankchai and Antarigan GPsof Purusottampur Block .",332
ORISSA,GANJAM,126,KHALIKOTE,SC,"1. Khalikote Block 2 Achuli, Handighar, K.N Pur, Pratappur, Ranajhali, Raipur, Sol aghara, Jagannathpur, Baghala, Bhatakumarada, Sunathara, Badabaragam, Bhimpur, Gangadehuni and Jamuni GPs of Purusottampur Block 3. Khalikote (NAC) 4. Purusottampur (NAC).",332
ORISSA,GANJAM,127,CHHATRAPUR,SC,"1. Ganjam Block, 2. Chhatrapur blo ck, 3. Chhatrapur (NAC), 4. Ganjam (NAC), 5. Rambha (NAC).",332
ORISSA,GANJAM,128,ASKA,,"1. Aska Block 2 Subalaya, Kaniari, Barida, Paikajamuna, Sunapalli, Sialia, Nandiagada, Borasingi, Ambapua, Baliasara, Bolasara and Sunarijhola GPs of . Kabisuryanagar Block 3 Aska (NAC).",332
ORISSA,GANJAM,129,SURADA,,"1. Surada Block, 2. Bellaguntha Block, 3. Surada (NAC), 4. Bellaguntha (NAC).",333
ORISSA,GANJAM,130,SANAKHEMUNDI,,"1. Dharakote Block, 2. Sanakhemundi Block.",333
ORISSA,GANJAM,131,HINJILI,,"1. Sheragada Block, 2. Hinjilicut Block, 3. Hinjilicut (NAC).",333
ORISSA,GANJAM,132,GOPALPUR,,"1. Rangailunda Block, 2. Hugul apatta, Gurunthi, Barigan and Nimakhandi GPs of Kukudakhandi Block. 3. Gopalpur (NAC) 4. Ward Nos.25 to 27 of Berhampur.(M).",333
ORISSA,GANJAM,133,BERHAMPUR,,1. Ward Nos. 1 to 24 of Berhampur (M).,333
ORISSA,GANJAM,134,DIGAPAHANDI,,"1. Digapahandi Block, 2. Rohigam , Baulajholi, Kukudakhandi, Masiakhali, Jagadalpur, Ankus hpur, Dakshinapur, Ballipada, Dengapadar, Bontapalli, Anantayi, Lathi, Mohuda, Kankia, Sahala and Baghalati GPs of Kukudakhandi Block 3. Digapahandi (NAC).",333
ORISSA,GANJAM,135,CHIKITI,,"1. Patrapur Block, 2. Chikit i Block, 3. Chikiti (NAC).",333
ORISSA,GAJAPATI,136,MOHANA,ST,"1. Mohana Block, 2. R. Udayagi ri Block, 3. Nuagada Block, 4. Rayagada Block.",333
ORISSA,GAJAPATI,137,PARALAKHEMUNDI,,"1. Gumma Block, 2. Kashinagar Block, 3. Paralakhemundi Block, 4. Paralakhemundi (M), 5. Kashinagar (NAC).",333
ORISSA,RAYAGADA,138,GUNUPUR,ST,"1. Ramanaguda Block, 2. G unupur Block, 3. Gunupur (NAC), 4. Padmapur Block, 5. Chandrapur Block, 6. Gudari Block, 7. Gudari (NAC).",333
ORISSA,RAYAGADA,139,BISSAM CUTTACK,ST,"1. Muniguda Block, 2. Kolnara Bl ock, 3. Bissam Cuttack Block, 4. Kalyansinghpur Block.",333
ORISSA,RAYAGADA,140,RAYAGADA,ST,"1. Rayagada (M), 2. Kashipur Block, 3. Rayagada Block.",333
ORISSA,KORAPUT,141,LAXMIPUR,ST,"1. Dasmantpur Block, 2. Lax mipur Block, 3. Bandhugaon Block, 4. Narayanpatana Block.",333
ORISSA,KORAPUT,142,KOTPAD,ST,"1. Kotpad Block 2. Kundr a Block 3. Kotpad (NAC) 4. Dengapadar, Aunli, Malda, S ana Paria, Jujari, Kamara, Pondasguda, Sashahandi, Kanagam, Anchala and Bijapur GPs of Borigumma Block 5. G upteswar, Ramagiri, Dandabada, Baligam, Kathapada, Majhi guda and Tentuliguma GPs o f Boipariguda Block .",334
ORISSA,KORAPUT,143,JEYPORE,,"1. Jeypore Block , 2. Jey pore (M), 3. B.Singpur, Benagam, Bodigam, Borigumma, Cham papadar, Gujuniguda, Gumuda, Haridaguda, Hordoli, Kamta, Katharagada, Kumuli, Munja, Narigam, Nuagam, Ranaspur, Sargiguda, Semalaguda and Benasur GPs of Borigumma Block.",334
ORISSA,KORAPUT,144,KORAPUT,SC,"1. Badasuku, Deoghati, Kendar, Kerenga, Lankaput, Mahadeiput, Manbar, Mastipu t, Padmapur and Umuri GPs o f Koraput Block 2. Lamataput Block, 3. Koraput (NAC), 4. Bodaput, Boipariguda, Chandrapada, Chipakhur, Dasamanthapur, Doraguda, K enduguda, Kallar and Mahuli GPs of Boipariguda Block 5. Sunabeda (NAC)",334
ORISSA,KORAPUT,145,POTTANGI,ST,"1. Semiliguda Block, 2. Nandapur Block, 3. Pottangl Block, 4. Litiguda, Dumuripadar and Mathalput (Including Damanjodi C.T). GPs of Koraput Block.",334
ORISSA,MALKANGIRI,146,MALKANGIRI,ST,"1. Kalimela Block, 2. Malkan giri Block, 3. MalkangirI (NAC), 4. Podia Block, 5. Tandiki, Chalanguda, Matapaka, Tandapalli, Gorakhunta, Sikhapalli, Badili, Korukonda and Tumusapali GPs of Korukunda Block.",334
ORISSA,MALKANGIRI,147,CHITRAKONDA,ST,"1. Mathili Block, 2. Kudumulugumma Block, 3. Balimela (NAC), 4. Khairaput Block, 5. Chitapari-III, Chitrakonda, Doraguda, Dudameta, Gunthawada, Kamwada, Kapatuti, Mandapali, Mariwada, Nilakamber u, Nuaguda, Old Chimitapali, Potrel, Tarlakota and Tunnel-Camp GPs of Korukonda Block.",334
PUNJAB,GURDASPUR,1,Sujanpur,,"Dhar Kalan Tehsil; KCs Manw al, Sujanpur & Sujanpur (MCI) of Pathankot Tehsil.",337
PUNJAB,GURDASPUR,2,Bhoa,SC,"PCs Kanwan, Jangal, Jakrawar , Gharota Kalan, Gharota Khurd, Farida Nagar, Najo Chak, Malikpur, Sarna of Kanwan KC; KCs Bhoa, Taragarh, Narot Jaimal Singh & Bamial of Pathankot Tehsil.",337
PUNJAB,GURDASPUR,3,Pathankot,,PC Naushera-Nalbandan of Kanwan KC; KC Pathankot & Pathankot (MCl+OG) of Pathankot Tehsil.,337
PUNJAB,GURDASPUR,4,Gurdaspur,,"KCs Gurdaspur, Jaura Chhatr an, Tibbar & Gurdaspur (MCl+OG) of Gurdaspur Tehsil.",337
PUNJAB,GURDASPUR,5,Dina Nagar,SC,"KCs Paniar, Behrampur, Dor angla, Dina Nagar, Talabpur, PCs Chhawla, Jagatpur Kalan, Jagatpur Khurd, Saidowal Kalan, Chhina Bet, Dauwal of Chhawla KC & Dinanagar (MCl) of Gurdaspur Tehsil.",337
PUNJAB,GURDASPUR,6,Qadian,,"Dhariwal KC; PCs Dehriwal, Sidhwan, Chhina Ret Wala, Dhariwal Kalan, Pasnawala of Dehriwal KC; KCs Kahnuwan, Chack Sharif, Kot Todar Mall, PCs Bhaini Paswal, Darapur, Gunopur of Chhawla KC & D hariwal (MCl) of Gurdaspur Tehsil; PCs Qadian, Basrai, Kahalwan of Qadian KC; Qadian (MCl+OG) of Batala Tehsil.",337
PUNJAB,GURDASPUR,7,Batala,,"PCs Kotli Bhan Singh, Dewaniwa l, Masanian of Faijpur KC; PCs Dunia Sandhu, Dalla, Rasulpur, Loh Chap, Talwandi Jhunglan, Wadala Garanthian, Ram pur of Qadian KC, Batala (MCl+OG) of Batala Tehsil; PCs Naushehra Majha Singh, Satkoha, Kaler Kalan, Kaler K hurd, Suchetgarh of Naushehra Majha Singh KC; PCs Khan Piara, Shekhwan, Tatley & Buttar Kalan of Dehriwal KC of Gurdaspur Tehsil.",337
PUNJAB,GURDASPUR,8,Sri Hargobindpur,SC,"KCs Batala (Sharki), Harpura, Harchowal, Sri Hargobindpur, Chone, Ghuman & Sri Hargobindpur (MCl) of Batala Tehsil.",337
PUNJAB,GURDASPUR,9,Fatehgarh Churian,,"PCs Faijpur, Bhagowal, Udhowal, Dia lgarh, Taragarh, Bhullar, Jaura Singh of Faijpur KC; KCs Batala (Garbi), Kashtiwal, Fatehgarh Churian, Kala Af gana & Fatehgarh Churian (MCl) of Batala Tehsil.",338
PUNJAB,GURDASPUR,10,Dera Baba Nanak,,"Dera Baba Nanak Tehsil; PCs Ghuman Kalan, Ghuman Khurd, Gaju Gazi, Rajuwal, Suchanian of Naushehra Majha Singh KC; KCs Kalanaur (Nor th), Kalanaur (South) & Kalanaur (NP) of Gurdaspur Tehsil.",338
PUNJAB,AMRITSAR,11,Ajnala,,"KCs Ramdas, Thoba, Sarangdev, C hamiari, Ajnala, Guru Ka Bagh, Ramdas (MCl) & Ajnal a (NP) of Ajnala Tehsil.",338
PUNJAB,AMRITSAR,12,Raja Sansi,,"KCs Jassrauor, Jastarwal, Raja Sansi, Kakkar, Chogawan, Lopoke & Raja Sansi (NP) of Ajnala Tehsil.",338
PUNJAB,AMRITSAR,13,Majitha,,"Mattewal KC of Baba Bakala Tehsil; KCs Majitha, Kathu Nangal, Pakharpura & Majitha (MCl) of Amritsar-I Tehsil.",338
PUNJAB,AMRITSAR,14,Jandiala,SC,"KCs Mehta, Tarsikka of Baba Bakala Tehsil; KCs Jandiala, Nawan Pind & Jandiala Guru (MCl) of Amritsar-I Tehsil.",338
PUNJAB,AMRITSAR,15,Amritsar North,,"Ward Nos. 42 to 44, 47, 48 to 50 & 52 to 55 in Amritsar (M Corp.) & Gumtala Colony on Jagdev Kalan Road (OG) - Ward No.67, Mata Kamla De vi Avenue on Fatehgarh Churian Road (OG) - Ward No.69, Chand Avenue (OG) - Ward No.70, Mohan Avenue (OG) -W ard No.71, Preet Nagar (OG) - Ward No.72, Daya Nand Nagar (OG) - Ward No.73, Baba Deep Singh Nagar (OG) - Ward No.74, Dashmesh Avenue on Majitha Road (OG) - Ward No.75, Naushera Khurd (OG) - Ward No.76, Part i Vihar (OG) - Ward No.77, Ek Rup Avenue (OG) - Ward No. 78, Abadi Naushera (OG) - Ward No.79, Silver Estate ( OG) -Ward No.80, Krishna Lane (OG) - Ward No.81 in Amritsar (M Corp+OG) of Amritsar-II Tehsil & Ward No. 45 in Amrits ar (M Corp.) of Amritsar-I Tehsil.",338
PUNJAB,AMRITSAR,16,Amritsar West,SC,"Amritsar Cantt. (CB), Ward Nos. 31, 32, 40, 41 in Amritsar (M Corp.) of Amritsar-I & II Tehsil & Ward Nos. 33 to 39 in Amritsar (M Corp.), Abadi B aba Darshan Singh on Ram Tirath Road (OG) - Ward No. 61, Abadi Baba Jiwan Singh on Ram Tirath Road (OG) - Ward No .62, Abadi along Khairabad on Ram Tirath Road to Ajnala Road (OG) - Ward No.63, Village Roriwala (OG) - Ward No.64, Prem Nagar on Ajnala Road (OG) - Ward No. 65, Abadi Mi rankot on Ajnala Road (OG) - Ward No.66, Ranjit Vihar (OG) - Ward No. 68, Basarke Bhaini (Attari Road) (OG) - Ward No. 89, Village Gumanpura (OG)-Ward No. 90 (Part of PC Gumanpura of KC Khasa) in Amritsar (M Corp+OG) of Amritsar-II Tehsil.",339
PUNJAB,AMRITSAR,17,Amritsar Central,,"Ward Nos. 1 to 8, 26 to 29 in Amritsar (M Corp.) & KC Amritsar-I of Amritsar-I Tehsil; Ward Nos. 25, 30, Village Kuriwal (OG) - Ward No. 87, Thandewala (OG)-Ward No. 88 (Part of PC Khaper Kheri of KC Wadala Bhittewad) in Amritsar (M Corp+OG) of Amritsar-I & II Tehsil.",339
PUNJAB,AMRITSAR,18,Amritsar East,,"Ward Nos. 14 to 17, 46, 60 in A mritsar (M Corp.) of Amritsar-I Tehsil & Ward Nos. 51, 56, 58, 59 in Amritsar (M Corp.) of Amritsar-II Tehsil & Ward No s. 57, Village Mudhal (OG) - Ward No. 82 (Part of PC Mudhal of KC Verka) in Amritsar (M Corp+OG) of Amritsar- I & II Tehsil.",339
PUNJAB,AMRITSAR,19,Amritsar South,,"Ward Nos. 9 to 13, 18 to 24 in A mritsar (M Corp.) of Amritsar-I Tehsil & Factories on right si de of Doburjee G.T. Road (OG) - Ward No. 84, Abadi Khalsa N agar Near Kot Mit Singh (OG) - Ward No. 85 in Amritsar (M Corp +OG) of Amritsar- II Tehsil.",339
PUNJAB,AMRITSAR,20,Attari,SC,"KCs Amritsar-II, Attari, Khas a (excluding OG Gumanpura of PC Gumanpura), Verka (e xcluding OG Mudhal of PC Mudhal), Wadala Bhittewad (e xcluding OG Thandewala of PC Khapar Kheri) & Chabba of Amritsar-II Tehsil.",339
PUNJAB,AMRITSAR,21,Tarn Taran,,"KCs Tarn Taran, Jhabal Kalan, Sohal Thathi, Gaggo Bua & Tarn-Taran (MCl) of Tarn Taran Tehsil.",339
PUNJAB,AMRITSAR,22,Khem Karan,,"PCs Gharyala-1 to 3, Maneke Jand, Warnala, Talwandi Sobha Singh, Gajjal, Jodh Singhwala of Gharyala KC; KCs Valtoha, Khem Karan, Algon, Mari Megha, Bhikhiwind, Dialpura & Khemkaran (NP) of Patti Tehsil.",339
PUNJAB,AMRITSAR,23,Patti,,"PCs Barwala, Dhariwal of Gharyala KC; KCs Patti, Kot Budha, Sabhra & Patti (MCl) of Patti Tehsil; KCs Naushehra Pannuan & Sarhali of Tarn Taran Tehsil.",339
PUNJAB,AMRITSAR,24,Khadoor Sahib,,"KCs Pandori Gola, Jeobala, C hohla Sahib of Tarn Taran Tehsil; PCs Khadoor Sahib, Banian, Jahan Gir of Khadoor Sahib KC; KCs Fatehabad & Goi ndwal Sahib of Khadoor Sahib Tehsil.",340
PUNJAB,AMRITSAR,25,Baba Bakala,SC,"PCs Sangar Kalan, Mian Wind, Verowal, Bhut Wind, Jawandpur, Kiri Shahi, Biharipur of Khadoor Sahib KC; KC Chak Kare Khan of Khadoor Sahib Tehsil; KCs Sathiala, Khalchian, Baba Bakala & Rayya (NP) of Baba Bakala Tehsil.",340
PUNJAB,KAPURTHALA,26,Bholath,,"Bholath Tehsil; KCs Dhilwan, Ra midi; PC Jati Ke of Fathu Dhinga KC & Dhilwan (NP) of Kapurthala Tehsil.",340
PUNJAB,KAPURTHALA,27,Kapurthala,,"KCs Kapurthala, Baler Kha npur; PCs Nawan Pind, Ghug, Khukhrain, Saidowal of K halu KC; PCs Thigli, Nidhoki, Sidhwan Dona, Kaso Chahhal, Bhano Langa of Hussainpur KC & Kapurthala (MCl) of Kapurthala Tehsil.",340
PUNJAB,KAPURTHALA,28,Sultanpur Lodhi,,"Sultanpur Lodhi Tehsil; PCs Kher a Dona, Karahal Nao Abad, Isharwal, Saido Bhulana, Shahpur Dogra of Hussainpur KC; PCs Khalu, Khiran Wali, Sandhar Jagir, Parvej Nagar, Bhawanipur, Dhudianwala, Dabuli an of Khalu KC; PCs Fathu Dhinga, Buh, Desal, Khera Bet, Tarkhanawali, Saiflabad, Surakhpur, Ucha & Mehmadwal of Fathu Dhinga KC of Kapurthala Tehsil.",340
PUNJAB,KAPURTHALA,29,Phagwara,SC,"KCs Phagwara, Ranipur, Rihana Jattan & Phagwara (MCI+OG) of Phagwara Tehsil.",340
PUNJAB,JALANDHAR,30,Phillaur,SC,"KCs Phillaur, Lasara, Apra, Goray an, Rurka Kalan, Bara Pind, Partap Pura, Gorayan (NP) & Phillaur (MCl) of Phillaur Tehsil.",340
PUNJAB,JALANDHAR,31,Nakodar,,"PCs Mahem, Bir Pind, Allowal, Nakodar-1,2,3, Sidhwan of Nakodar KC; KCs Sarih, Gohir, Uggi, Gill, Nakodar (MCl) of Nakodar Tehsil; KCs Bilga, Nurmahal, Talwan & Nurmahal (MCl) of Phillaur Tehsil.",340
PUNJAB,JALANDHAR,32,Shahkot,,"Shahkot Tehsil; PCs Aulak, Maher u, Pandori Khas of Nakodar KC; KCs Mehatpur & Umrewal Billa of Nakodar Tehsil.",340
PUNJAB,JALANDHAR,33,Kartarpur,SC,"PC Sheikhe Pind of Jalandhar KC of Jalandhar-I Tehsil; KCs Reru, Wariyana, Lambra, Na ugajja, Kartarpur, Kahlwan, Pachranga, Kartarpur (MCl) & Bidipur on Amritsar Road (OG) Ward No. 56 of Jalandhar-II Tehsil.",341
PUNJAB,JALANDHAR,34,Jalandhar West,SC,"Ward Nos. 18 to 21, 33 to 35, 37 to 39 & 41 to 44 in Jalandhar (M Corp.) of Jalandhar-I Tehsil.",341
PUNJAB,JALANDHAR,35,Jalandhar Central,,"Ward Nos. 22 to 32, 40 & 48 to 53 in Jalandhar (M Corp.) of Jalandhar-I Tehsil .",341
PUNJAB,JALANDHAR,36,Jalandhar North,,Ward Nos. 1 to 17 in Jalandhar (M Corp.) of Jalandhar-I Tehsil.,341
PUNJAB,JALANDHAR,37,Jalandhar Cantt,,"KCs Jamsher, Pholriwala, S ansarpur (CT) Ward No-1, Jalandhar Cantt. (CB), Ward No s. 36, 45 to 47, 54 & 55 in Jalandhar (M Corp.) & Khambra on Nakodar Road (OG) - Ward No.57, Alipur adjacent to Village Mithapur (OG) - Ward No.58, Nangal Kararkhan adjac ent to Master Mehnga Singh Colony (OG) - Ward No.59 in Jalandhar (M Corp+OG) of Jalandhar-I Tehsil & KC Jandiala of Phillaur Tehsil.",341
PUNJAB,JALANDHAR,38,Adampur,SC,"KCs Bhogpur, Nangal Fida, Bhogpur (NP) of Jalandhar-II Tehsil; KCs Patara, Alawalpur , Adampur, Kalra, Adampur (MCl) & Alawalpur (MCl) of Jalandhar-I Tehsil.",341
PUNJAB,HOSHIARPUR,39,Mukerian,,"PC Namoli of Datarpur KC; KCs Mukerian, Aiman Mangat, Hajipur, Hardokhundpur, Bhangala; PCs Shri Pandian, Gera, Bhera, Sariana, Bella Sariana of Talwara KC & Mukerian (MCl) of Mukerian Tehsil.",341
PUNJAB,HOSHIARPUR,40,Dasuya,,"KCs Dasuya, Passi Kandi, Unch i Bassi, Safdarpur, Dasuya (MCl) of Dasuya Tehsil; PCs Ra kri Urf Datarpur, Swar, Depur, Jugial, Niku Chak, Beh Fatto, Beh Khushala, Labbar, Baring, Beh Nangal, Beh Lakhan of Datarpur KC, PCs Talwara, Baringli, Bhol Kalota, Alera, Dharmpur, Bhambotar, Bhavnaur of Talwara KC of Mukerian Tehsil.",341
PUNJAB,HOSHIARPUR,41,Urmar,,"KCs Garhdiwala, Bhanowal, Ambal a Jattan, Urmar, Khudda, Tanda, Miani, Gardhiwala (M Cl) & Tanda Urmar (MCl) of Dasuya Tehsil.",341
PUNJAB,HOSHIARPUR,42,Sham Chaurasi,SC,"PCs Naloyian, Kakkon, Bagpur, Kantian, Bhikhowal, Bhagowal of Hoshiarpur KC ; PCs Hardo Khanpur, Sataur, Gobindpur Khun Khun of Premgarh KC; KCs Nanda Chaur, Bullowal, Sham Chaurasi, Nasr ala, Bhunga, Khadiala Sainian, Janouri, Hariana, Hariana (MCl) & Sham Chaurasi (MCl) of Hoshiarpur Tehsil.",342
PUNJAB,HOSHIARPUR,43,Hoshiarpur,,"PCs Bahadurpur, Kotla Gaunspur, Admowal, Chohal of Hoshiarpur KC; PCs Shergarh, Chhauni Kalan, Bilaspur of Premgarh KC; KC Jahan Khelan & Hoshiarpur (MCl) of Hoshiarpur Tehsil.",342
PUNJAB,HOSHIARPUR,44,Chabbewal,SC,"KCs Kot Fatuhi, Sarhala Ka lan, Rampur, Bahowal of Garhshankar Tehsil; KCs Chabbewal, Ahrana Kalan & Attowal of Hoshiarpur Tehsil.",342
PUNJAB,HOSHIARPUR,45,Garhshankar,,"KCs Garhshankar, Binewal, Sam undra, Satnaur, Saila Khurd, Mahilpur, Mahilpur (NP) & Garhshankar (MCl) of Garhshankar Tehsil.",342
PUNJAB,NAWAN SHAHR,46,Banga,SC,"PCs Bakhlaur, Shekhupur, Aur, Ga rupar, Garhi Ajit Singh of Aur KC; KCs Behram, Jandiala, Banga, Mukandpur, Sahlon & Banga (MCl) of Nawan Shahr Tehsil.",342
PUNJAB,NAWAN SHAHR,47,Nawan Shahr,,"PCs Chak Dana, Urapur, Burj Tehal Dass, Phambra of Aur KC, KCs Kahma, Nawan Shahr , Bharta Kalan, Rahon, Langroya, Bahiloor Kalan, J adla, Nawan Shahr (MCl+OG) & Rahon (MCl) of Nawan Shahr Tehsil.",342
PUNJAB,NAWAN SHAHR,48,Balachaur,,Balachaur Tehsil.,342
PUNJAB,RUPNAGAR,49,Anandpur Sahib,,"KCs Anandpur Sahib, Nangal, NayaNangal, Nangal MC, Anandpur Sahib MC of Anandpur Sahib Tehsil; PCs Bari Jhakhian, Bara Pind, Bharatgarh, Nangal Sarsa, Awankot of Ghanauli KC of Rupnagar Tehsil.",342
PUNJAB,RUPNAGAR,50,Rupnagar,,"PCs Ghaunali, Ghaunala, Dhangoli, Daburji of Ghanauli KC; KCs Rupnagar, Mianpur & Rupnagar MC of Rupnagar Tehsil; KCs Dumewal, Nurpur Bedi & Takhatgarh of Anandpur Sahib Tehsil.",342
PUNJAB,RUPNAGAR,51,Chamkaur Sahib,SC,"KCs Singh, Bela, Behram Pur Be t, Chamkaur Sahib, Lutheri, Morinda, Ban Majra, Morinda MC of Rupnagar Tehsil & KC Gharuan of Kharar Tehsil.",343
PUNJAB,RUPNAGAR,52,Kharar,,"KCs Khizarabad, Majri, Mullanpur Garib Dass, Kurali, Kharar, Kurali (MCl) & Kharar (M Cl) of Kharar Tehsil.",343
PUNJAB,RUPNAGAR,53,S.A.S.Nagar,,S.A.S.Nagar (Mohali) Tehsil.,343
PUNJAB,FATEHGARH SAHIB,54,Bassi Pathana,SC,Bassi Pathana Tehsil & Khamanon Tehsil.,343
PUNJAB,FATEHGARH SAHIB,55,Fatehgarh Sahib,,Fatehgarh Sahib Tehsil.,343
PUNJAB,FATEHGARH SAHIB,56,Amloh,,Amloh Tehsil.,343
PUNJAB,LUDHIANA,57,Khanna,,Khanna Tehsil.,343
PUNJAB,LUDHIANA,58,Samrala,,Samrala Tehsil.,343
PUNJAB,LUDHIANA,59,Sahnewal,,"KCs Ludhiana, Mangat, Mattewara, Koom Kalan, Sahnewal Kalan, Sahnewal (NP) & Ward No. 14 & 16 of Ludhiana (M Corp.) of Ludhiana East Tehsil.",343
PUNJAB,LUDHIANA,60,Ludhiana East,,"Ward Nos. 6 to 13, 15 & 17 in Ludhiana (M Corp.) of Ludhiana East Tehsil.",343
PUNJAB,LUDHIANA,61,Ludhiana South,,"Ward Nos. 18 to 24, 29 & 31 in Ludhiana (M Corp.) of Ludhiana East Tehsil.",343
PUNJAB,LUDHIANA,62,Atam Nagar,,"Ward Nos. 25 to 28, 30, 32 to 36 & 40 in Ludhiana (M Corp.) of Ludhiana East Tehsil.",343
PUNJAB,LUDHIANA,63,Ludhiana Central,,Ward Nos. 50 to 63 in Ludhiana (M Corp.) of Ludhiana East Tehsil.,343
PUNJAB,LUDHIANA,64,Ludhiana West,,"Ward Nos. 1, 37 to 39 & 41 to 48 in Ludhiana (M Corp.) of Ludhiana East Tehsil.",343
PUNJAB,LUDHIANA,65,Ludhiana North,,"Ward Nos. 2 to 5, 49 & 64 to 70 in Ludhiana (M Corp.) of Ludhiana East Tehsil.",343
PUNJAB,LUDHIANA,66,Gill,SC,"KCs Ghawaddi, Dehlon of Ludhiana East Tehsil; KCs Gill, Sunet, Bagga Khurd, Ayali Khr ud; PCs Narangwal, Mansuran, Lalton Kalan & Dolon Kalan of Jodhan KC of Ludhiana West Tehsil.",344
PUNJAB,LUDHIANA,67,Payal,SC,Payal Tehsil.,344
PUNJAB,LUDHIANA,68,Dakha,,"PCs Jodhan, Sahauli, Ballowal of Jodhan KC; KCs Gujarwal, Mohi, Dakha & Mullanpur Dak ha (NP) of Ludhiana West Tehsil; KCs Swaddi Khas, Pabbi an, Bhundri, Sidhwan Bet of Jagraon Tehsil.",344
PUNJAB,LUDHIANA,69,Raikot,SC,Raikot Tehsil.,344
PUNJAB,LUDHIANA,70,Jagraon,SC,"KCs Kaunke, Manuke, Malak, Lodhiwala, Jagraon, Akhara & Jagraon (MC) of Jagraon Tehsil.",344
PUNJAB,MOGA,71,Nihal Singhwala,SC,"Nihal Singhwala Tehsil; KCs Ajit Wal, Buttar Kalan of Moga Tehsil.",344
PUNJAB,MOGA,72,Bhagha Purana,,Bhagha Purana Tehsil.,344
PUNJAB,MOGA,73,Moga,,"KCs Khukhrana, Ghal Kal an, Moga Jit Singh & Moga (MCl+OG) of Moga Tehsil.",344
PUNJAB,MOGA,74,Dharamkot,,"KCs Moga Mehla Singh, Fatehgar h Panjtoor, Kot Ise Khan, Dharamkot, Kishan Pura Kalan & Dharamkot (MCl) of Moga Tehsil.",344
PUNJAB,FIROZPUR,75,Zira,,Zira Tehsil.,344
PUNJAB,FIROZPUR,76,Firozpur City,,"PCs Arif Ke, Attari, Bandala, Dulla Singh Wala, Ilmewala, Katora, Maste Ke, Muthian Wala of Arif Ke KC; KC Firozpur City, Firozpur (MCl) & Firozpur Cantt. (CB) of Firozpur Tehsil.",344
PUNJAB,FIROZPUR,77,Firozpur Rural,SC,"KCs Firozpur Cantt., Ferozeshah, Talwandi Bhai; PCs Changali Jadid, Mahalam of Ar if Ke KC; PCs Bhabra Azam Shahwala, Bukan Khanwala, Dh ira Pattra, Jhok Harihar, Mana Singhwala, Nurpur, Tut of Jhok Harihar KC; KC Mamdot & Talwandi Bhai (MCl) of Firozpur Tehsil.",344
PUNJAB,FIROZPUR,78,Guru Har Sahai,,"KCs Guru Har Sahai, Mahmu Joyi an, Jiwan Arian & Guru Har Sahai (MCI) of Jalalabad Tehsil; KC Lakho Ke Behram; PCs Burj Makhan Singh, Jhok Tahal Singh Wala, Mahima of Jhok Harihar KC of Firozpur Tehsil.",345
PUNJAB,FIROZPUR,79,Jalalabad,,"KCs Tahliwala Bodla, Arniwala Sheikh Subhan of Fazilka Tehsil; KCs Ghubaya, Jalal abad & Jalalabad (MCl+OG) of Jalalabad Tehsil.",345
PUNJAB,FIROZPUR,80,Fazilka,,"KCs Fazilka, Tillan Wali, Theh Kalander & Fazilka (MCl) of Fazilka Tehsil.",345
PUNJAB,FIROZPUR,81,Abohar,,"KCs Kallar Khera, Khuian Sarw ar, PC Azimagarh of Abohar Janubee KC; Abohar (MCl) & PC Abohar (Rural) (Abohar Mandi) of Abohar Samali KC of Abohar Tehsil.",345
PUNJAB,FIROZPUR,82,Balluana,SC,"KC Sito Guno, PCs Dode Wala , Amarpura, Bhagu, Dotaran Wali, Kala Tibba, Raipura, Raj pura, Ramsra & Rajanwali of KC Abohar Janubee; KC Rukan Pu ra, PCs Alamgarh, Basian, Dharampura, Kikar Khera, Saiy adwala, Ruherhianwall, Mandi A bohar of Abohar Samali KC; KC Balluana of Abohar Tahsil & KC Nihal Khera of Fazilka Tehsil.",345
PUNJAB,MUKTSAR,83,Lambi,,"KCs Killianwali & Lambi and PCs Midda, Mohlan, Raniwala, Bodiwala Kharak Singh, Sarawan Bodla, Katianwali, Kabarwala of Bodiwala Kharak Singh KC of Tehsil Malout; PCs Alamwala, Bhagwan Pura of Malout KC; PCs Burajsidhwan, Shamkot, Mahni K hera, Khema Khera, Dabwali Rahurianwali, Kolianwali of D anewala KC of Malout Tehsil; PCs Tharajwala & Lalbai of KC Gidderbaha of Tehsil Gidderbaha.",345
PUNJAB,MUKTSAR,84,Gidderbaha,,"MC Gidderbaha; KCs Doda, Bha liana; PCs Giljewala, Khunan Khurd, Chhatteana, Gidderbaha 1 & 2, Husnar, Gurusar, Badian, Bhundar of Gidderbaha KC of Gidderbaha Tehsil; PCs Harike Kalan 1 & 2 of KC Thande Wala of Muktsar Tehsil.",345
PUNJAB,MUKTSAR,85,Malout,SC,"KC Lakhewali, PCs Rupana, B hangchari, Tamkot, Sotha & Mehrajwala of KC Thandewala of Muktsar Tehsil; Malout (MCl), PCs Aulakh, Jhurar, Ena Khera, Lakkarwala, Malout, Bhulleriana of Malout KC; PCs Abul Khurana, Danewala & Jandwala Charhat Singh of KC Danewala; PCs Baam, Urang of Bodiwala Kharak Singh KC of Malout Tehsil; PCs Theri-1 & 2 of Gidderbaha KC of Gidderbaha Tehsil.",345
PUNJAB,MUKTSAR,86,Muktsar,,"KCs Gulabewala, Bariwala & Muktsar, Bariwala NP & Muktsar MC & PCs Sarainaga, Warring, Thandewala & Bhullar of Thandewala KC of Muktsar Tehsil.",346
PUNJAB,FARIDKOT,87,Faridkot,,"KCs Faridkot, Sadiq, Golewala & Faridkot (MCl) of Faridkot Tehsil.",346
PUNJAB,FARIDKOT,88,Kotkapura,,"KCs Kotkapura, Sandhwan & Kotk apura (MCl) of Faridkot Tehsil.",346
PUNJAB,FARIDKOT,89,Jaitu,SC,Jaitu Tehsil & KC Panjgrain Kalan of Faridkot Tehsil.,346
PUNJAB,BATHINDA,90,Rampura Phul,,"KCs Bhagta, Bhai Rupa, Phul & Rampura Phul (MCl+OG) of Rampura Phul Tehsil.",346
PUNJAB,BATHINDA,91,Bhucho Mandi,SC,"PCs Ablu-I & Ablu II, Mehma Bhagwana, Sivian of Balluana KC; KCs Bhucho Mandi, Nathana, Nehianwala, Goniana (MCl) & Bhucho Mandi (MCl) of Bathinda Tehsil.",346
PUNJAB,BATHINDA,92,Bathinda Urban,,Bathinda (MCl) of Bathinda Tehsil.,346
PUNJAB,BATHINDA,93,Bathinda Rural,SC,"PCs Balluana, Bahiman Diwana, Bu rj Mehma, Chughe Khurd, Deon, Virk Kalan of Balluana KC; KCs Bathinda, Ghudda, Sangat Kalan, Bhisiana (CT), S angat (MCl) & Kot Fatta (MCl) of Bathinda Tehsil.",346
PUNJAB,BATHINDA,94,Talwandi Sabo,,"KCs Raman, Singo, Talwandi Sabo & Raman (MCl) of Talwandi Sabo Tehsil.",346
PUNJAB,BATHINDA,95,Maur,,KC Maur Kalan & M aur (MCl) of Talwandi Sabo Tehsil; KCs Balian Wali & Rampura of Rampura Phul Tehsil.,346
PUNJAB,MANSA,96,Mansa,,"PCs Malikpur, Mansa Khurd of Mansa Kalan KC; KCs Phaphre Bhaike, Bhikhi, Joga, Bhaini Bagha, Bhikhi (NP) & Mansa (MCl) of Mansa Tehsil.",346
PUNJAB,MANSA,97,Sardulgarh,,"Sardulgarh Tehsil; PCs Ghrangne, Moosa, Khokhar Kalan, Jawaharke, Nangal Kalan, Nangal Khurd, Behniwal, Dhingar, Daliewali, Makha, Bananwala, Ko tdharmu of Mansa Kalan KC of Mansa Tehsil.",347
PUNJAB,MANSA,98,Budhlada,SC,Budhlada Tehsil.,347
PUNJAB,SANGRUR,99,Lehra,,Moonak Tehsil.,347
PUNJAB,SANGRUR,100,Dirba,SC,"PCs Hambal Was, Jakhepal Wa s, Satoj, Ugrahan of Sunam KC; KCs Chhajli, Dirba, Gaga, Sular & Dirba (NP) of Sunam Tehsil.",347
PUNJAB,SANGRUR,101,Sunam,,"PCs Chouwas, Bakshiwala, Biggar wal, Sunam D of Sunam KC; KC Cheema, Cheema (NP) , Sunam (MCl+OG) of Sunam Tehsil; PCs Ealwal, Gagarpur of Bhindran KC; PCs Bijalpur, Nagra of Gharochan KC; PCs Kher i, Kular Khurd, Ramnagar Sibia, Tung of Sangrur KC ; KCs Badrukhan, Longowal & Longowal (MCl) of Sangrur Tehsil.",347
PUNJAB,SANGRUR,102,Bhadaur,SC,"PCs Majjhuke, Ramgarh, of Talewal KC; KCs Bhadaur, Dhilwan, Kaleke, Rureke Kalan, Tapa, Bhadaur (MCl) & Tapa (MCl) of Barnala Tehsil.",347
PUNJAB,SANGRUR,103,Barnala,,"KCs Barnala, Dhanaula, Sanghera, Barnala (MCl), Handiaya (NP) & Dhanaula (MCl) of Barnala Tehsil.",347
PUNJAB,SANGRUR,104,Mehal Kalan,SC,"PCs Bhotna, Bihla, Chhiniwal Khurd, Deewana, Gehal, Talewal B of Talewal KC; KCs Chananwal, Mehal Kalan, Vajeedke Kalan of Barnala T ehsil; PCs Badshahpur, Herike, Salempur of Ghanauri Kalan KC & Sherpur KC of Dhuri Tehsil.",347
PUNJAB,SANGRUR,105,Malerkotla,,"KCs Malerkotla, Sandaur & Malerkotla (MCl) of Malerkotla Tehsil.",347
PUNJAB,SANGRUR,106,Amargarh,,"KCs Ahmedgarh, Amargarh, Jama lpura, Manvi & Ahmedgarh (MCl) of Malerkotla Tehsil.",347
PUNJAB,SANGRUR,107,Dhuri,,"PCs Bamal, Changli, Ghanaur Kalan, Ghanauri Kalan, Issapur, Jahangir, Katron of G hanauri Kalan KC; KCs Dhuri, Meemsa, Mulowal & Dhuri (MCl) of Dhuri Tehsil.",347
PUNJAB,SANGRUR,108,Sangrur,,"PCs Balian, Bhindran, Deh Kal an, Ghabdan, Jalan, Saron of Bhindran KC; PCs Basiarkh, Batr iana, Gharachon B, Jhaneri, Kapial of Gharochan KC; PC s Akoi, Changal, Mangwal of Sangrur KC; KCs Bhawanigarh, Nadampur, Sangrur (MCl) & Bhawanigarh (MCl) of Sangrur Tehsil.",347
PUNJAB,PATIALA,109,Nabha,SC,"Nabha (MCl), KCs Nabha, Kakral a, Agol, Bhadson of Nabha Tehsil.",348
PUNJAB,PATIALA,110,Patiala Rural,,"KC Ajnoda Kalan of Nabha Tehsil; KC Sidhuwal, Ward Nos. 2 to 7 in Patiala (M Corp) & Hir a Bagh Colony (OG) Ward No. 36, Ranjit Nagar Extension - I (OG) - Ward No.37, Grid Colony PSEB on Bhadson Road (OG) - Ward No.38, Urban Estate - I (OG) - Ward No.40, Punjabi University (OG) - Ward No.41, Urban Estate - II (OG) - Ward No.42, Ranjit Nagar Extension - II (OG) - Ward No. 43 in Patiala (M Corp+OG) of Patiala Tehsil.",348
PUNJAB,PATIALA,111,Rajpura,,"KCs Banur, Khera Gajju, Banur (MC I), PCs Urdan, Jansla of Jansla KC; PCs Rajpura, N eelpur, Samdo, Pilkhani of Rajpura KC & Rajpura (M Cl) of Rajpura Tehsil.",348
PUNJAB,PATIALA,112,Dera Bassi,,Dera Bassi Tehsil.,348
PUNJAB,PATIALA,113,Ghanaur,,"KCs Marda Pur, Harpalpur, Ghanaur, Ghanaur (NP), PCs Kheri Gandia, Gopalpur, Akar, Said Kheri, Suhro, Takho Majra, Jai Nagar of Rajpura KC; PCs Chalheri, Chamaru, Mohi Khurd, Tepla, Kheri Gu rna, Nanhera, Thuha, Dhakansu Kalan of Jansla KC of Rajpura Tehsil.",348
PUNJAB,PATIALA,114,Sanour,,"KCs Sanour, Masingan, Dudhan S adha, Bhunerheri, Kasba & Sanaur (MCl) of Patiala Tehsil.",348
PUNJAB,PATIALA,115,Patiala,,"Ward Nos. 1, 8 to 35 in Pa tiala (M Corp.) & Kheri Gujran (OG) - Ward No. 39 in Patiala (M Corp+OG) of Patiala Tehsil.",348
PUNJAB,PATIALA,116,Samana,,"PCs Khatri Wala, Talwandi Ma lik, Gajewas, Bahmana of Kularan KC; KC Samana & Sam ana (MCl) of Samana Tehsil; KCs Dakala, Patiala (Except Lehal PC), Dhablan of Patiala Tehsil.",348
PUNJAB,PATIALA,117,Shutrana,SC,"PCs Dhanetha, Mavi Kalan, Kakr ala, Bujrak, Sehajpur Kalan, Kulara of Kularan KC; KC s Ghagga, Patran, Shutrana, Ghagga (NP) & Patran (NP) of Samana Tehsil. ( ) The wards in MC Pa tiala are as on 01.03.2001 i.e. t he crucial date for 2001Census operations in the State.",348
RAJASTHAN,GANGANAGAR,1,Sadulshahar,,"1. Tehsil Sadulshahar 2. Tehs il Ganganagar (Partly) (I) ILRC Mirzewala (II) ILRC Hindumalkot ( III) ILRC Shivpur (IV) ILRC Ram Nagar excluding area of Munici pal Council, Ganganagar (V) ILRC Chunawadh (VI) ILRC Ganganagar (Partl y)- (i) PC Chak Maharaj Ka",351
RAJASTHAN,GANGANAGAR,2,Ganganagar,,Teshil Ganganagar (Partly) - (I ) ILRC Ganganagar including Municipal Council Ganganagar but ex cluding PC Chak Maharaj Ka (II) ILRC Burjwali (III) ILRC Netewala,351
RAJASTHAN,GANGANAGAR,3,Karanpur,,1. Tehsil Karanpur 2. Tehsil Padampur,351
RAJASTHAN,GANGANAGAR,4,Suratgarh,,1. Tehsil Suratgarh 2.Tehsil Vija ynagar (Partly) - ILRC Jaitsar,351
RAJASTHAN,GANGANAGAR,5,Raisinghnagar,SC,"1. Tehsil Raisinghnagar 2.Tehsil Vi jaynagar (Partly) - (I) ILRC Vijaynagar including Shri Vijay nagar Municipal Board (II) ILRC Kunplee (III) ILRC 40 GB (IV) IL RC 8STB, (V) ILRC 12GB 3. Tehsil Anupgarh (Partly) - (I) ILRC Salempura (II) ILRC Banda Colony.",351
RAJASTHAN,GANGANAGAR,6,Anupgarh,SC,1. Tehsil Gharsana 2. Tehsil Anupgarh excluding ILRC Salempura & ILRC Banda Colony,351
RAJASTHAN,HANUMANGARH,7,Sangaria,,1. Tehsil Sangaria 2. Tehsil Tibi,351
RAJASTHAN,HANUMANGARH,8,Hanumangarh,,1. Tehsil Hanumangarh (Partly) - (I) ILRC Hanumangarh including Municipal Board Hanumangarh (II) ILRC Roranwali (III) ILRC Pucca Sarnan (IV) ILRC Fatehgarh (V) ILRC Lakhuwali (VI) ILRC Norangdesar,351
RAJASTHAN,HANUMANGARH,9,Pilibanga,SC,1. Tehsil Pilibanga 2. Tehsil Rawatsar (Partly) - (I) ILRC Rawatsar including Municipal Board Rawats ar (II) ILRC Khoda (III) ILRC Gandheli 3. Tehsil Hanumangarh (Par tly) - (I) ILRC Dablirathan,351
RAJASTHAN,HANUMANGARH,10,Nohar,,"1. Tehsil Nohar (Partly) - (I) IL RC Nohar including Municipal Board Nohar (II) ILRC Deidas (III) ILRC Gorkhana (IV) ILRC Phephana (V) ILRC Meghana (VI) ILRC Jabrasar, 2. Tehsil Rawatsar (Partly) - (I) ILRC Baramsar (II) ILRC Pallu",351
RAJASTHAN,HANUMANGARH,11,Bhadra,,1. Tehsil Bhadra 2. Tehsil Nohar (Partly) - (I) ILRC Ramgarh,352
RAJASTHAN,BIKANER,12,Khajuwala,SC,"1. Tehsil Khajuwala 2. Teshil Po ogal, 3. Tehsil Chhatargarh, 4. Tehsil Bikaner (Partly) - (I) ILRC K anasar (II) ILRC Bikaner (Partly) - (i) PC Chak Garbi (Rural) (ii) PC Nalbari (iii) PC Udasar",352
RAJASTHAN,BIKANER,13,Bikaner West,,"1. Tehsil Bikaner (Partly) - (I) M unicipal Council Bikaner (Partly) - Ward No. 1 to 4, 14 to 19, 21, 29 to 35, 44 to 49 and 53 to 55 (II) ILRC Bikaner (Partly) - (i) PC Karmisar (Rural)",352
RAJASTHAN,BIKANER,14,Bikaner East,,"1. Tehsil Bikaner (Partly) - (I) M unicipal Council Bikaner (Partly) - Ward No. 5 to 13, 20, 22 to 28, 36 to 43 and 50 to 52 (II) ILRC Bikaner (Partly) - (i) PC Bikaner (R ural) (ii) PC Gangasahar (Rural)",352
RAJASTHAN,BIKANER,15,Kolayat,,1. Tehsil Kolayat 2. Tehsil Bikaner (Partly) - (I) ILRC Deshnoke including Municipal Board Deshnoke,352
RAJASTHAN,BIKANER,16,Lunkaransar,,1. Tehsil Lunkaransar 2. Tehsil Bik aner (Partly) - (I) ILRC Jamsar (II) ILRC Napasar (III) ILRC Bikaner (Partly) - (i) PC Ridmalsar Purohitan,352
RAJASTHAN,BIKANER,17,Dungargarh,,1. Tehsil Dungargarh 2. Tehsil Nok ha (Partly) - (I) ILRC Kuchor Aathooni,352
RAJASTHAN,BIKANER,18,Nokha,,1. Tehsil Nokha excluding ILRC Kuchor Aathooni,352
RAJASTHAN,CHURU,19,Sadulpur,,1. Tehsil Rajgarh (Partly) - (I ) ILRC Rajgarh including Municipal Board Rajgarh (II) ILRC Hamirawas Bara (III) ILRC-Ragha Chhoti (IV) ILRC-Sankhoo (V) ILRC- Chainpura Chhota (VI) ILRC- Sidhmukh,352
RAJASTHAN,CHURU,20,Taranagar,,1. Tehsil Taranagar 2. Tehsil Rajgar h (Partly) - (I) ILRC Dadarewa (II) ILRC-Dokwa 3. Tehsil Sar darshahar (Partly) - (I) ILRC Ratoosar,352
RAJASTHAN,CHURU,21,Sardarshahar,,1. Tehsil Sardarshahar excludi ng ILRC Ratoosar 2. Tehsil Ratangarh (Partly) - (I) ILRC Golsar,352
RAJASTHAN,CHURU,22,Churu,,Tehsil Churu,352
RAJASTHAN,CHURU,23,Ratangarh,,1. Tehsil Ratangarh excluding IL RC Golsar 2. Tehsil Sujangarh (Partly) - (I) ILRC Chhapar includi ng Municipal Board Chhapar (II) ILRC Khuri,352
RAJASTHAN,CHURU,24,Sujangarh,SC,"1. Tehsil Sujangarh (Partly) - (I) ILRC Sujangarh including Municipal Board Sujangarh, (II) IL RC Jeeli (III) ILRC Salasar (IV) ILRC Bidasar including Municipal Board Bidasar (V) ILRC Lalgarh (VI) ILRC Tendesar",352
RAJASTHAN,JHUNJHUNU,25,Pilani,SC,1. Tehsil Chirawa (Partly) - (I ) ILRC Pilani including Municipal Board Pilani and Municipal Board Vidhya Vihar (II) ILRC Chirawa including Municipal Board Chiraw a (III) ILRC Mandrela (IV) ILRC Sultana (Partly) - (i) PC Ardawata (V) ILRC Surajgarh (Partly) - (i) PC Adooka (ii) PC Farat (iii) PC Sehi Kalan,353
RAJASTHAN,JHUNJHUNU,26,Surajgarh,,1. Tehsil Buhana 2. Tehsil Chirawa (Partly) - (I) ILRC Surajgarh (Partly) - (i) Surajgarh Municipal Bo ard (ii) PC Baloda (iii) PC Berla (iv) PC Bhaothari (v) PC Dheengar iya (vi) PC Jakhod (vii) PC Kakora (viii) PC Kidwana (ix) PC Lakhoo (x) PC Lotiya (xi) PC Mahpalwas,353
RAJASTHAN,JHUNJHUNU,27,Jhunjhunu,,1. Tehsil Jhunjhunu (Partly) - (I) ILRC Jhunjhunu including Municipal Board Jhunjhunu and Muni cipal Board Bagar (II) ILRC Kulod Kalan 2. Tehsil Chirawa (Par tly) - ILRC Sultana (Partly) - (i) PC Chanana (ii) PC Sol ana (iii) PC Kishorepura (iv) PC Kithana (v) PC Sultana (vi) PC Sari,353
RAJASTHAN,JHUNJHUNU,28,Mandawa,,1. Tehsil Jhunjhunu (Partly) - (I) ILRC Mandawa including Municipal Board Mandawa (II) ILRC Bisau including Municipal Board Bisau (III) ILRC Malsisar (IV) ILRC Rampura,353
RAJASTHAN,JHUNJHUNU,29,Nawalgarh,,Tehsil Nawalgarh,353
RAJASTHAN,JHUNJHUNU,30,Udaipurwati,,Tehsil Udaipurwati,353
RAJASTHAN,JHUNJHUNU,31,Khetri,,Tehsil Khetri,353
RAJASTHAN,SIKAR,32,Fatehpur,,Tehsil Fatehpur,353
RAJASTHAN,SIKAR,33,Lachhmangarh,,Teshil Lachhmangarh,353
RAJASTHAN,SIKAR,34,Dhod,SC,"1. Tehsil Sikar (Partly) - (I) IL RC-Dhod (II) ILRC Sihot Bari (III) ILRC Sihot Chhoti (IV) ILRC Doojod (V) ILRC Dadiya (Partly) (i) PC Gothra Bhookran (ii) PC Kudan ( iii) PC Raseedpura, 2. Tehsil Danta Ramgarh (Partly) - (I) ILRC Losal (Partly) - (i) Municipal Board Losal (ii) PC Bhagatpura (iii) PC Bheema (iv) PC Jana (v) PC Sangalia (vi) PC Khood",353
RAJASTHAN,SIKAR,35,Sikar,,1. Tehsil Sikar (Partly) - (I) ILRC Sikar including Municipal Council Sikar (II) ILRC Piprali (III) ILRC Dadi ya (Partly) - (i) PC Dadiya (ii) PC Gothra Beri (iii) PC Tarpura (iv) PC Koleera,353
RAJASTHAN,SIKAR,36,Danta Ramgarh,,"Tehsil Danta Ramgarh excluding Municipal Board Losal, PC Bhagatpura, PC Bheema, PC Jana, PC Sangalia and PC Khood of ILRC Losal",353
RAJASTHAN,SIKAR,37,Khandela,,Tehsil Srimadhopur (Partly) - (I) ILRC Khandela including Municipal Board Khandela (II) ILRC Jajod (III) ILRC Kanwat (IV) ILRC Reengus including Municipal Board Reengus (V) ILRC Srimadhopur (Partly) - (i) PC Bassi ( ii) PC Nimera (iii) PC Ralawata,354
RAJASTHAN,SIKAR,38,Neema Ka Thana,,Tehsil Neema Ka Thana (Partly) - (I) ILRC Neem Ka Thana including Municipal Board Neem Ka Thana (II) ILRC Patan (III) ILRC Chala (IV) ILRC Dabla,354
RAJASTHAN,SIKAR,39,Srimadhopur,,1. Tehsil Srimadhopur (Partly) - (I) ILRC Mau (II) ILRC Ajitgarh (III) ILRC Srimadhopur (Partly) - (i) Muni cipal Board Srimadhopur (ii) PC Srimadhopur Rural (iii) PC Hanspur (iv) PC Kotri Shimarla (v) PC Jorawar Nagar 2. Tehsil Neem Ka Thana (Partly) - (I) ILRC Sanwalpura Tanwaran,354
RAJASTHAN,JAIPUR,40,Kotputli,,Tehsil Kotputli (Partly) - (I) ILRC Kotputli including Municipal Board Kotputli (II) ILRC Narheda (III) IL RC Paniyala (IV) ILRC Dantil,354
RAJASTHAN,JAIPUR,41,Viratnagar,,1. Tehsil Viratnagar 2. Tehsil Kot putli (Partly) - (I) ILRC Paota 3. Tehsil Shahpura (Partly) - (I) IL RC Shahpura (Partly) - (i) PC Chhapra Khurd (ii) PC Nathawala ( iii) PC Rampura (iv) PC Saiwar,354
RAJASTHAN,JAIPUR,42,Shahpura,,"1. Tehsil Shahpura excluding PC C hhapra Khurd, PC Nathawala, PC Rampura & PC Saiwar of ILRC Shahpura 2. Tehsil Chomu (Partly) - (I) ILRC Khejroli (Partl y) - (i) PC Amarpura (ii) PC Khejroli (iii) PC Nangal Koju (iv) PC Niwana (v) PC Tigariya (vi) PC Nangal Bharda",354
RAJASTHAN,JAIPUR,43,Chomu,,1. Tehsil Chomu (Partly) - (I) ILRC Chomu including Municipal Board Chomu (II) ILRC Govindgarh (III) ILRC Kaladera (IV) ILRC Khejroli (Partly) - (i) PC Singod Kal an (ii) PC Singod Khurd (iii) PC Itawa Bhopji (iv) PC Udaipuriya,354
RAJASTHAN,JAIPUR,44,Phulera,,1. Tehsil Phulera (Partly) - (I) ILRC Sambhar including Municipal Board Sambhar and Municipal Boar d Phulera (II) ILRC Renwal including Municipal Board Kishangarh Renwal (III) ILRC Bhainslana (IV) ILRC Narayana (V) IL RC Karansar (Partly) - (i) PC Doongari Khurd (ii) PC Harsoli (iii) PC Kherimilak (iv) PC Ramjipura Kalan.,354
RAJASTHAN,JAIPUR,45,Dudu,SC,1. Tehsil Mauzmabad 2. Tehsil Phagi (Partly) - (I) ILRC Phagi (II) ILRC Chouru (III) ILRC Mandor (IV) ILRC Nimera,354
RAJASTHAN,JAIPUR,46,Jhotwara,,"1. Municipal Corporation Jaipur (Partly) - Ward No. 2 and 3, 2. Rural area of tehsil Jaipur excl uding PC Jamdoli and PC Sumel of ILRC Jaipur East 3. Tehsil Phul era (Partly) - (I) ILRC Jobner including Municipal Board Jobner (II) ILRC Karansar (Partly) - (i) PC Karansar (ii) PC Bhainsawa (iii) PC Doongari Kalan (iv) PC Hingoniya (v) PC Jorpura Sundariyawas",354
RAJASTHAN,JAIPUR,47,Amber,,"Tehsil Amber including Ward No. 53 of Municipal Corporation, Jaipur",354
RAJASTHAN,JAIPUR,48,Jamwa Ramgarh,ST,Tehsil Jamwa Ramgarh,355
RAJASTHAN,JAIPUR,49,Hawa Mahal,,"Municipal Corporation, Jaipur (Par tly) - Ward No. 51, 52, 54, 55, 58, 59 and 63 to 65",355
RAJASTHAN,JAIPUR,50,Vidhyadhar Nagar,,"Municipal Corporation, Jaipur (Par tly) - Ward No. 1, 8 to 10 and 68 to 70",355
RAJASTHAN,JAIPUR,51,Civil Lines,,"Municipal Corporation, Jaipur (Par tly) - Ward No. 4 to 7, 11, 17, 36, 37, 66 and 67",355
RAJASTHAN,JAIPUR,52,Kishan Pole,,"Municipal Corporation, Jaipur (Par tly) - Ward No. 38 to 43, 45, 50, 56, 57 and 60 to 62",355
RAJASTHAN,JAIPUR,53,Adarsh Nagar,,"Municipal Corporation Jaipur (Partl y) - Ward No. 29, 30, 32 to 34, 44 and 46 to 49, Tehsil Jaipur (Par tly) - (I) ILRC Jaipur East (Partly) - (i) PC Sumel (ii) PC Jamdoli",355
RAJASTHAN,JAIPUR,54,Malviya Nagar,,"Municipal Corporation, Jaipur (Partl y) - Ward No. 15, 16, 18 to 21, 25 to 27, 31 and 35",355
RAJASTHAN,JAIPUR,55,Sanganer,,"Municipal Corporation Jaipur (Par tly) - Ward No. 12 to 14, 22 and",355
RAJASTHAN,JAIPUR,56,Bagru,SC,"1. Tehsil Sanganer excluding urban area but including Municipal Board Bagru 2. Municipal Corporati on, Jaipur - (Partly) Ward No. 24 and 28",355
RAJASTHAN,JAIPUR,57,Bassi,ST,"1. Tehsil Bassi, 2. Tehsil Chaksu (Partly) - (I) ILRC Kotkhawada (Partly) - (i) PC Mahadeopura (ii) PC Rupaheri Kalan (iii) PC Narpatpura (iv) PC Rupaheri Khurd",355
RAJASTHAN,JAIPUR,58,Chaksu,SC,"1. Tehsil Chaksu excluding PC Mahadeopura, PC Rupaheri Kalan, PC Narpatpura and PC Rupaheri K hurd of ILRC Kotkhawada, 2. Tehsil Phagi (Partly) - (I) ILRC Chi ttora (II) ILRC Madhorajpura (III) ILRC Renwal",355
RAJASTHAN,ALWAR,59,Tijara,,Tehsil Tijara,355
RAJASTHAN,ALWAR,60,Kishangarh Bas,,"1. Tehsil Kishangarh Bas, 2. Tehsil Kotkasim",355
RAJASTHAN,ALWAR,61,Mundawar,,1. Tehsil Mundawar 2. Tehsil Behror (Partly) - (I) ILRC Neemrana,355
RAJASTHAN,ALWAR,62,Behror,,1. Tehsil Behror (Partly) - (I) ILRC Behror including Municipal Board Behror (II) ILRC Bar dod (III) ILRC Mandhan (IV) ILRC Gandala,355
RAJASTHAN,ALWAR,63,Bansur,,1. Tehsil Bansur 2. Tehsil Thanagazi (Partly) - (I) ILRC Narainpur,355
RAJASTHAN,ALWAR,64,Thanagazi,,1. Tehsil Thanagazi excluding ILRC Narainpur 2. Tehsil Rajgarh (Partly) - (I) ILRC Rajpur Bara ( II) ILRC Tahla (III) ILRC Khoh (IV) ILRC Rajgarh (Partly) - (i) PC D ubbi (ii) PC Karoth (iii) PC Nayagaon Bolka (iv) PC Dhamred (v) PC Thanarajaji,356
RAJASTHAN,ALWAR,65,Alwar Rural,SC,"Tehsil Alwar excluding Municipal Coun cil Alwar, PC Alwar (Rural), PC Bhoogor and PC Diwakari of ILRC Alwar.",356
RAJASTHAN,ALWAR,66,Alwar Urban,,1. Tehsil Alwar (Partly) - (I) IL RC Alwar (Partly) - (i) Municipal Council Alwar (ii) PC Alwar (Rur al) (iii) PC Bhoogor (iv) PC Diwakari.,356
RAJASTHAN,ALWAR,67,Ramgarh,,1. Tehsil Ramgarh 2. Tehsil Laxmangarh (Partly) - (I) ILRC Govindgarh (II) ILRC Baroda Meo (III) ILRC Moliya (Partly) - (i) PC Dongari (ii) PC Semla Khurd (iii) PC Bhainsrawat (iv) PC Phahri,356
RAJASTHAN,ALWAR,68,Rajgarh- Laxmangarh,ST,1. Tehsil Rajgarh (Partly) - (I) ILRC Machari (II) ILRC Pinan (III) ILRC Reni (IV) ILRC Dhigawara (V ) ILRC Rajgarh (Partly) - (i) Municipal Board Rajgarh (ii) PC Ra jgarh-A (iii) PC Rajgarh (B) (iv) PC Alei 2. Tehsil Laxmangarh (Partl y) - (I) ILRC Laxmangarh (II) ILRC Bichgaon (III) ILRC Mojpur .,356
RAJASTHAN,ALWAR,69,Kathumar,SC,1. Tehsil Kathumar 2. Tehsil Laxmangarh (Partly) - (I) ILRC Khudiyana (II) ILRC Moliya (Partly) - (i) PC Moliya (ii) PC Badka (iii) PC Itera,356
RAJASTHAN,BHARATPUR,70,Kaman,,1. Tehsil Kaman 2. Tehsil Pahari,356
RAJASTHAN,BHARATPUR,71,Nagar,,1. Tehsil Nagar 2. Tehsil Deeg (Par tly) - (I) ILRC Khoh (II) ILRC Pasta (III) ILRC Bedham (IV) ILRC Januthar,356
RAJASTHAN,BHARATPUR,72,Deeg-Kumher,,1. Tehsil Kumher 2. Tehsil Deeg (P artly) - (I) ILRC Deeg including Municipal Board Deeg (II) ILRC Ka sot (III) ILRC Baroli Chauth (IV) ILRC Sinsini,356
RAJASTHAN,BHARATPUR,73,Bharatpur,,Tehsil Bharatpur (Partly) - (I) IL RC Bharatpur including Municipal Council Bharatpur (II) ILRC Peepla (III) ILRC Chiksana (IV) ILRC Jaghina,356
RAJASTHAN,BHARATPUR,74,Nadbai,,"1. Tehsil Nadbai 2. Tehsil Bharat pur (Partly) - (I) ILRC Sewar excluding area of Municipal Council, Bharatpur (II) ILRC Aghapur 3. Tehsil Rupbas (Partly) - (I) ILRC Khanuwa (II) ILRC Uchchain",356
RAJASTHAN,BHARATPUR,75,Weir,SC,1. Tehsil Weir 2. Tehsil Bayana (P artly) - (I) ILRC Farso (II) ILRC Khareri,356
RAJASTHAN,BHARATPUR,76,Bayana,SC,1. Tehsil Bayana (Partly) - (I) ILRC Bayana including Municipal Board Bayana (II) ILRC Samogar (III) ILRC Mahmadpura (IV) ILRC Milakpur 2. Tehsil Rupbas (Partl y) - (I) ILRC Rupbas (II) ILRC Khansurjapur (III) ILRC Rudawal,356
RAJASTHAN,DHOLPUR,77,Baseri,SC,1. Tehsil Baseri 2. Tehsil Bari (Partly) - (I) ILRC Umreh,357
RAJASTHAN,DHOLPUR,78,Bari,,1. Tehsil Bari (Partly) - (I) ILRC Kasbabari including Municipal Board Bari (II) ILRC Basai Dang (III) ILRC Talab Shahi (IV) ILRC Kanchanpur 2. Tehsil Saipau (Partl y) - (I) ILRC Saipau (II) ILRC Donari (III) ILRC Basai Nawab,357
RAJASTHAN,DHOLPUR,79,Dholpur,,1. Tehsil Dholpur (Partly) - (I) ILRC Dholpur including Municipal Board Dholpur (II) ILRC Jatoli ( III) ILRC Pachgaon 2. Tehsil Saipau (Partly) - (I) ILRC Kareempur (II) ILRC Kolari,357
RAJASTHAN,DHOLPUR,80,Rajakhera,,1. Tehsil Rajakhera 2. Tehsil Dholpur (Partly) - (I) ILRC Marhabhau (II) ILRC Maniyan,357
RAJASTHAN,KARAULI,81,Todabhim,ST,1. Tehsil Nadoti 2. Tehsil Todabhim (Partly) - (I) ILRC Todabhim including Municipal Board Todabhim (II) ILRC Kamalpura (III) ILRC Kariri (IV) ILRC Padampura (V) ILRC Nangal Sherpur (VI) ILRC Balghat,357
RAJASTHAN,KARAULI,82,Hindaun,SC,1. Tehsil Hindaun (Partly) - (I) ILRC Hindaun including Municipal Board Hindaun (II) ILRC Shri Mahav eerji (III) ILRC Bargawan (IV) ILRC Mahoo Ibrahimpur (V) ILRC Suroth 2. Tehsil Todabhim (Partly) - (I) ILRC Mahamadpur,357
RAJASTHAN,KARAULI,83,Karauli,,1. Tehsil Karauli (Partly) - (I) ILRC Karauli including Municipal Board Karauli (II) ILRC Chainpur (III) ILRC Gunesra (IV) ILRC Kheriya (V) ILRC Masalpur 2. Tehsil Hindaun (Partly) - (I) ILRC Khera (II) ILRC Sherpur,357
RAJASTHAN,KARAULI,84,Sapotra,ST,1. Tehsil Sapotra 2. Tehsil Mandrail 3. Tehsil Karauli (Partly) - (I) ILRC Maholi (II) ILRC Kailadevi,357
RAJASTHAN,DAUSA,85,Bandikui,,1. Tehsil Baswa (Partly) - (I) ILRC Bandikui including Municipal Board Bandikui (II) ILRC Baswa ( III) ILRC Badiyal Kalan (IV) ILRC Gurha Katla (V) ILRC Gurhaliya (VI) ILRC Biwai,357
RAJASTHAN,DAUSA,86,Mahuwa,,1. Tehsil Mahuwa 2. Tehsil Basw a (Partly) - (I) ILRC Baijupara,357
RAJASTHAN,DAUSA,87,Sikrai,SC,1. Tehsil Sikrai 2. Tehsil Dausa (P artly) - (I) ILRC Alooda (II) ILRC Bhandarej,357
RAJASTHAN,DAUSA,88,Dausa,,1. Tehsil Dausa (Partly) - (I) ILRC Dausa including Municipal Board Dausa (II) ILRC Jasota ( III) ILRC Kundal (IV) ILRC Lawan (V) ILRC Sainthal (VI) IL RC Baniyana (VII) ILRC Nangal Rajawatan,357
RAJASTHAN,DAUSA,89,Lalsot,ST,1. Tehsil Lalsot,358
RAJASTHAN,SAWAI MADHOPUR,90,Gangapur,,Tehsil Gangapur,358
RAJASTHAN,SAWAI MADHOPUR,91,Bamanwas,ST,1. Tehsil Bamanwas 2. Tehsil Bonli,358
RAJASTHAN,SAWAI MADHOPUR,92,Sawai Madhopur,,1. Tehsil Malarna Dungar 2. Tehs il Sawai Madhopur (Partly) - (I) ILRC Sawai Madhopur including Muni cipal Board Sawai Madhopur (II) ILRC Seloo (III) ILRC Soorwal (IV) ILRC Kundera,358
RAJASTHAN,SAWAI MADHOPUR,93,Khandar,SC,1. Tehsil Khandar 2. Tehsil Chot h Ka Barwara 3. Tehsil Sawai Madhopur (Partly) - (I) ILRC Kustal a (II) ILRC Phalaudi (III) ILRC Rawajana Chaur,358
RAJASTHAN,TONK,94,Malpura,,1. Tehsil Malpura 2. Tehsil Todaraisingh (Partly) - (I) ILRC Todaraisingh including Municipal Board Todaraisingh (II) ILRC Datob (III) ILRC Mor,358
RAJASTHAN,TONK,95,Niwai,SC,1. Tehsil Niwai 2. Tehsil Peeplu,358
RAJASTHAN,TONK,96,Tonk,,1. Tehsil Tonk 2. Tehsil Todarai singh (Partly) - (I) ILRC Khareda (II) ILRC Lamba Kalan,358
RAJASTHAN,TONK,97,Deoli- Uniara,,1. Tehsil Deoli 2. Tehsil Uniara,358
RAJASTHAN,AJMER,98,Kishangarh,,1. Tehsil Kishangarh (Partly) - (I) ILRC Kishangarh including Municipal Board Kishangarh (II) ILRC Harmara (III) ILRC Sironj (IV) ILRC Akodiya (V) ILRC Arain (VI) ILRC Bandar Seendri (VII) ILRC Lamba (VIII) ILRC Barna (IX) ILRC Ralawata 2. Tehsil Sarwar (Partly) - (I) ILRC Dabrela (II) ILRC Borada,358
RAJASTHAN,AJMER,99,Pushkar,,1. Tehsil Ajmer excluding area of Municipal Council Ajmer and ILRC Ajmer - III 2. Tehsil Kishangarh (P artly) - (I) ILRC Karkeri (II) ILRC Kotri (III) ILRC Roopangarh,358
RAJASTHAN,AJMER,100,Ajmer North,,"1. Tehsil Ajmer (Partly) - (I) Aj mer Municipal Council (Partly) - Ward No. 1 to 5, 16, 17, 19 to 32 and 49 to 55 including Cantonment Board, Ajmer, (II) ILRC Ajmer -III",358
RAJASTHAN,AJMER,101,Ajmer South,SC,"1. Tehsil Ajmer (Partly) (I) Ajme r Municipal Council (Partly) - Ward No. 6 to 15, 18 and 33 to 48",358
RAJASTHAN,AJMER,102,Nasirabad,,1. Tehsil Nasirabad 2. Tehsil Pisangan,358
RAJASTHAN,AJMER,103,Beawar,,1. Tehsil Beawar,359
RAJASTHAN,AJMER,104,Masuda,,1. Tehsil Masuda 2. Tehsil Bhinay,359
RAJASTHAN,AJMER,105,Kekri,,1. Tehsil Kekri 2. Tehsil Sarwar (P artly) - (I) ILRC Sarwar including Municipal Board Sarwar (II) ILRC Ajgara (III) ILRC Hingoniya (IV) ILRC Sapala (V) ILRC Fatehgarh (VI) ILRC Goyla (VII) ILRC Tantoti,359
RAJASTHAN,NAGAUR,106,Ladnun,,1. Tehsil Ladnun 2. Tehsil Deedwana (Partly) - (I) ILRC Noowa,359
RAJASTHAN,NAGAUR,107,Deedwana,,1. Tehsil Deedwana (Partly) - (I) ILRC Deedwana including Municipal Board Deedwana (II) IL RC Khunkhuna (III) ILRC Molasar (IV) ILRC Khatu Khurd,359
RAJASTHAN,NAGAUR,108,Jayal,SC,1. Tehsil Jayal 2. Tehsil Nagaur (Partly) - (I) ILRC Jodhiyasi,359
RAJASTHAN,NAGAUR,109,Nagaur,,1. Tehsil Nagaur (Partly) - (I) ILRC Nagaur including Municipal Board Nagaur (II) ILRC Alay (III) ILRC Mundwa including Municipal Board Mundwa (IV) ILRC Kumari,359
RAJASTHAN,NAGAUR,110,Khinwsar,,1. Tehsil Khinwsar 2. Tehsil Nagaur (Partly) - (I) ILRC Kharnal (II) ILRC Sankhwas (III) ILRC Khajw ana including Municipal Board Kuchera 3. Tehsil Merta (Partly) - (I) ILRC Nokha Chandawatan,359
RAJASTHAN,NAGAUR,111,Merta,SC,1. Tehsil Merta (Partly) - (I) IL RC Merta including Municipal Board Merta City (II) ILRC Riyan Bari (III) ILRC Padukalan (IV) ILRC Gotan (V) ILRC Jasnagar (VI) ILRC Gagrana (VII) ILRC Merta Road (Phalodi),359
RAJASTHAN,NAGAUR,112,Degana,,Tehsil Degana,359
RAJASTHAN,NAGAUR,113,Makrana,,Tehsil Makrana,359
RAJASTHAN,NAGAUR,114,Parbatsar,,1. Tehsil Parbatsar 2. Tehsil Nawan (Partly) - (I) ILRC Meethari (II) ILRC Kuchaman City (Partly) - (i) PC Anandpura (ii) PC Rasal (iii) PC Rooppura,359
RAJASTHAN,NAGAUR,115,Nawan,,1. Tehsil Nawan (Partly) - (I) ILRC Nawan including Municipal Board Nawan (II) ILRC Chitaw a (III) ILRC Loonwa (IV) ILRC Maroth (V) ILRC Kuchaman City (Partly) - (i) Municipal Board Kuchaman City (ii) PC Bhanwata (iii) PC Heerani (iv) PC Jiliya (v) PC Panchawa (vi) PC Parewadi (vii) PC Sabalpura,359
RAJASTHAN,PALI,116,Jaitaran,,1. Tehsil Jaitaran 2. Tehsil Raipur (Partly) - (I) ILRC Kot Kirana (II) ILRC Babra (III) ILRC Sendra (IV) IL RC Raipur (Partly) - (i) PC Bar (ii) PC Deepawas,359
RAJASTHAN,PALI,117,Sojat,SC,1. Tehsil Sojat 2. Tehsil Raipur (P artly) - (I) ILRC Raipur excluding PC Bar and PC Deepawas (II) ILRC Pipliya Kalan,360
RAJASTHAN,PALI,118,Pali,,1. Tehsil Pali (Partly) - (I) Muni cipal Council Pali 2. Tehsil Rohat,360
RAJASTHAN,PALI,119,Marwar Junction,,1. Tehsil Marwar Junction 2. T ehsil Desuri (Partly) - (I) ILRC Khiwara (II) ILRC Magar Talav (III) ILRC Rani including Municipal Board Rani Khurd,360
RAJASTHAN,PALI,120,Bali,,1. Tehsil Bali 2. Tehsil Desuri (Par tly) - (I) ILRC Desuri including Municipal Board Sadri (II) ILRC Nadol,360
RAJASTHAN,PALI,121,Sumerpur,,1. Tehsil Sumerpur 2. Tehsil Pali excluding area of Municipal Council Pali,360
RAJASTHAN,JODHPUR,122,Phalodi,,1. Tehsil Phalodi (Partly) - (I ) ILRC Phalodi including Municipal Board Phalodi (II) ILRC Bap (III) ILRC Aau (Partly) - (i) PC Bheenyasar (ii) PC Bhojasar (iii) PC Boongdi (iv) PC Champasar (v) PC Ghantiyali (vi) PC Jaisala (vii) PC Pariyal (viii) PC Kelansar,360
RAJASTHAN,JODHPUR,123,Lohawat,,1. Tehsil Phalodi (Partly) - (I) ILRC Lohawat (II) ILRC Aau (Partly) - (i) PC Aau (ii) PC Chadi (iii) PC Ishru (iv) PC Ridmalsar 2. Tehsil Osian (Partly) - (I) ILRC Bapini 3. Tehsil Shergarh (Partly) - (I) ILRC Setrawa,360
RAJASTHAN,JODHPUR,124,Shergarh,,1. Tehsil Shergarh (Partly) - (I) ILRC Shergarh (II) ILRC Solankiya Tala (III) ILRC Balesar (IV) ILRC Chamu,360
RAJASTHAN,JODHPUR,125,Osian,,1. Tehsil Osian (Partly) - (I) IL RC Osian (II) ILRC Mathaniya (III) ILRC Tinwari (IV) ILRC Cherai,360
RAJASTHAN,JODHPUR,126,Bhopalgarh,SC,1. Tehsil Bhopalgarh 2. Tehsil Jodhpu r (Partly) - (I) ILRC Jajiwal Kalan,360
RAJASTHAN,JODHPUR,127,Sardarpura,,"1. Tehsil Jodhpur (Partly)- (I) Jodhpur Municipal Corporation (Partly) - Ward No. 32 to 34, 36, 38, 39 and 48 to 59",360
RAJASTHAN,JODHPUR,128,Jodhpur,,"1. Tehsil Jodhpur (Partl y) - Jodhpur Municipal Corporation (Partly) -Ward No. 19 to 31, 35, 37 and 40 to 47",360
RAJASTHAN,JODHPUR,129,Soorsagar,,1. Tehsil Jodhpur (Partly) - Jodhpur Municipal Corporation (Partly) - Ward No. 1 to 18 and 60,360
RAJASTHAN,JODHPUR,130,Luni,,1. Tehsil Luni 2. Tehsil Jodhpur (Par tly) - (I) ILRC Keroo (II) ILRC Mandor (III) ILRC Jodhpur (Partly) - (i) PC Bagan (ii) PC Nandra Kalan (iii) PC Jhalamand (iv) PC Pal,360
RAJASTHAN,JODHPUR,131,Bilara,SC,1. Tehsil Bilara 2. Tehsil Jodhpur (P artly) - (I) ILRC Bisalpur (II) ILRC Dangiyawas,360
RAJASTHAN,JAISALMER,132,Jaisalmer,,1. Tehsil Jaisalmer 2. Tehsil Fatehgarh,361
RAJASTHAN,JAISALMER,133,Pokaran,,Tehsil Pokaran,361
RAJASTHAN,BARMER,134,Sheo,,1. Tehsil Sheo 2. Tehsil Ramsar 3. Tehsil Chohtan (Partly) - (I) ILRC Bijrar.,361
RAJASTHAN,BARMER,135,Barmer,,Tehsil Barmer,361
RAJASTHAN,BARMER,136,Baytoo,,1. Tehsil Baytoo 2. Tehsil Pachpadra (Partly) - (I) ILRC Patodi,361
RAJASTHAN,BARMER,137,Pachpadra,,Tehsil Pachpadra (Partly) - (I) ILRC Pachpadra (II) ILRC Jasol including Municipal Board Balotr a (III) ILRC Kalyanpur (IV) ILRC Tilwara (V) ILRC Thob,361
RAJASTHAN,BARMER,138,Siwana,,1. Tehsil Siwana 2. Tehsil Gudha Malani (Partly) - (I) ILRC Sindhari,361
RAJASTHAN,BARMER,139,Gudha Malani,,Tehsil Gudha Malani excluding ILRC Sindhari,361
RAJASTHAN,BARMER,140,Chohtan,SC,Tehsil Chohtan excluding ILRC Bijrar,361
RAJASTHAN,JALORE,141,Ahore,,1. Tehsil Ahore 2. Tehsil Jalore (Partly) - (I) ILRC Bagra,361
RAJASTHAN,JALORE,142,Jalore,SC,1. Tehsil Sayla 2. Tehsil Jalore (P artly) - (I) ILRC Jalore including Municipal Board Jalore (II) ILRC Bakra (III) ILRC Mandwala,361
RAJASTHAN,JALORE,143,Bhinmal,,1. Tehsil Bagora 2. Tehsil Bhinmal (Partly) - (I) ILRC Bharoori (II) ILRC Daspan (III) ILRC Modra (IV) ILRC Ramseen (V) ILRC Bhinmal (Partly) - (i) Municipal Board Bhinmal (ii) PC Bhagalbhim (iii) PC Gajipura (iv) PC Si ndhara (v) PC Nimbawas (vi) PC Nimbora (vii) PC Dantiwas (viii) PC Phagotra (ix) PC Punasa (x) PC Thobau,361
RAJASTHAN,JALORE,144,Sanchore,,1. Tehsil Sanchore (Partly) - (I) ILRC Sanchore including Municipal Board Sanchore (II) ILRC Chita lwana (III) ILRC Jhab (IV) ILRC Sarwana (V) ILRC Surachand (VI) ILRC Arnay,361
RAJASTHAN,JALORE,145,Raniwara,,1. Tehsil Raniwara 2. Tehsil Sanchor e (Partly) - (I) ILRC Sarnau 3. Tehsil Bhinmal (Partly) - (I) IL RC Jaswantpura (II) ILRC Bhinmal (Partly) - (i) PC Pawli (ii) PC Sawidar,361
RAJASTHAN,SIROHI,146,Sirohi,,1. Tehsil Sirohi 2. Tehsil Sheoganj,361
RAJASTHAN,SIROHI,147,Pindwara Abu,ST,1. Tehsil Pindwara 2. Tehsil Abu Road (Partly) - (I) ILRC Mount Abu (Partly) - (i) Mount Abu Munici pal Board (ii) PC Oriya (II) ILRC Kiwarli,362
RAJASTHAN,SIROHI,148,Reodar,SC,1. Tehsil Reodar 2. Tehsil Abu R oad (Partly) - (I) ILRC Abu Road including Municipal Board Abu R oad (II) ILRC Mungthala (III) ILRC Mount Abu (Partly) - (i) PC Manpur (ii) PC Morthala.,362
RAJASTHAN,UDAIPUR,149,Gogunda,ST,1. Tehsil Gogunda 2. Tehsil Kotra (Partly) - (I) ILRC Malwa ka Chora (II) ILRC Was 3. Tehsil Girw a (Partly) - (I) ILRC Iswal (II) ILRC Badgaon (Partly) - (i) PC B adgaon (ii) PC Madar (iii) PC Thoor (iv) PC Lakhawali,362
RAJASTHAN,UDAIPUR,150,Jhadol,ST,1. Tehsil Jhadol 2. Tehsil Kotra (P artly) - (I) ILRC Kotra (II) ILRC Bikarni,362
RAJASTHAN,UDAIPUR,151,Kherwara,ST,1. Tehsil Kherwara 2. Tehsil Sarada (Partly) - (I) ILRC Semari,362
RAJASTHAN,UDAIPUR,152,Udaipur Rural,ST,"1. Tehsil Girwa (Partly) - (I) Udai pur Municipal Council (Partly) - Ward No. 6 to 9, 24 to 27 and 39 (II) ILRC Barapal (III) ILRC Bhoiyon ki Pancholi (IV) ILRC Nai (V) ILRC City (Partly) - (i) PC Savina (ii) PC Shobhagpura (iii) PC Teetardi (iv) PC Goverdhan Vilas (v) PC Dheekli (vi) PC Madari Purohitan (vii) PC Bhuwana",362
RAJASTHAN,UDAIPUR,153,Udaipur,,"1. Tehsil Girwa (Partly) (I) Udai pur Municipal Council (Partly) - Ward No. 1 to 5, 10 to 23, 28 to 38 and 40 to 50",362
RAJASTHAN,UDAIPUR,154,Mavli,,1. Tehsil Mavli 2. Tehsil Girwa (P artly) - (I) ILRC Badgaon (Partly) - (i) PC Bedla (ii) PC Chirwa (iii) PC Kailashpuri (iv) PC Sapetiya (II) ILRC Debari (Partly) - (i) PC Bhensda Kalan (ii) PC Bhalon ka Gudha (iii) PC Debari (iv) PC Lakadwas (v) PC Sakroda,362
RAJASTHAN,UDAIPUR,155,Vallabhnagar,,1. Tehsil Vallabhnagar 2. Tehsil Girw a (Partly) - (I) ILRC Bambora (II) ILRC Kurabad (III) ILRC Debari (Partly) - (i) PC Sheeshwi,362
RAJASTHAN,UDAIPUR,156,Salumber,ST,1. Tehsil Salumber (Partly) - (I ) ILRC Salumber including Municipal Board Salumber (II) ILRC Bar oda (III) ILRC Kharka 2. Tehsil Sarada (Partly) - (I) ILRC Sarada (II) ILRC Jaisamand (III) ILRC Palodara (IV) ILRC Sallara,362
RAJASTHAN,UDAIPUR,157,Dhariawad,ST,1. Tehsil Dhariawad 2. Tehsil Salum ber (Partly) - (I) ILRC Jhallara (II) ILRC Bhabrana,362
RAJASTHAN,DUNGARPUR,158,Dungarpur,ST,1. Tehsil Dungarpur (Partly) - (I) ILRC Dungarpur including Municipal Board Dungarpur (II) IL RC Bichhiwara (III) ILRC Dewal (IV) ILRC Thana (V) ILRC Genji (Par tly) - (i) PC Mada (ii) PC Bhehana (iii) PC Galandar (iv) PC Ga mri Ahara (v) PC Mewara (vi) PC Rampur Mewara,362
RAJASTHAN,DUNGARPUR,159,Aspur,ST,1. Tehsil Aspur 2. Tehsil Dungarpur (Partly) - (I) ILRC Antri (II) ILRC Faloj,363
RAJASTHAN,DUNGARPUR,160,Sagwara,ST,1. Tehsil Sagwara,363
RAJASTHAN,DUNGARPUR,161,Chorasi,ST,1. Tehsil Simalwara 2. Tehsil D ungarpur (Partly) - (I) ILRC Genji (Partly) - (i) PC Renta (ii) PC Vikas Nagar (iii) PC Genji (iv) PC Mahuri,363
RAJASTHAN,BANSWARA,162,Ghatol,ST,Tehsil Ghatol,363
RAJASTHAN,BANSWARA,163,Garhi,ST,1. Tehsil Garhi 2. Tehsil Banswara (Partly) - (i) ILRC Talwara,363
RAJASTHAN,BANSWARA,164,Banswara,ST,1. Tehsil Banswara excluding ILRC Talwara,363
RAJASTHAN,BANSWARA,165,Bagidora,ST,Tehsil Bagidora,363
RAJASTHAN,BANSWARA,166,Kushalgarh,ST,Tehsil Kushalgarh,363
RAJASTHAN,CHITTORGARH,167,Kapasan,SC,1. Tehsil Kapasan 2. Tehsil Rashmi 3. Tehsil Bhadesar (Partly) - (I) ILRC Bansen (II) ILRC Bhadsora,363
RAJASTHAN,CHITTORGARH,168,Begun,,1. Tehsil Begun 2. Tehsil Rawatbhat a 3. Tehsil Gangrar excluding area of Municipal Board Chittorgarh,363
RAJASTHAN,CHITTORGARH,169,Chittorgarh,,1. Tehsil Chittorgarh 2. Tehsil Gangrar (Partly) - Area of Municipal Board Chittorgarh 3. Tehsil Bhadesar (Partly) - (I) ILRC Bhadesar,363
RAJASTHAN,CHITTORGARH,170,Nimbahera,,1. Tehsil Nimbahera 2. Tehsil Chhoti Sadri,363
RAJASTHAN,CHITTORGARH,171,Bari Sadri,,1. Tehsil Bari Sadri 2. Tehsil D ungla 3. Tehsil Bhadesar (Partly) - (I) ILRC Asawara 4. Tehsil Prat apgarh (Partly) - (I) ILRC Deogarh (II) ILRC Dhamotar,363
RAJASTHAN,CHITTORGARH,172,Pratapgarh,ST,1. Tehsil Arnod 2. Tehs il Pratapgarh (Partly) - (I) ILRC Pratapgarh including Municipal Board Pratapgar h (II) ILRC Panmori (III) ILRC Awaleshwar (IV) ILRC Suhagpura,363
RAJASTHAN,RAJSAMAND,173,Bhim,,1. Tehsil Bhim 2. Tehsil Deogarh,363
RAJASTHAN,RAJSAMAND,174,Kumbhalgarh,,1. Tehsil Kumbhalgarh 2. Tehsil Amet,363
RAJASTHAN,RAJSAMAND,175,Rajsamand,,1. Tehsil Rajsamand 2. Tehsil Railm agra (Partly) - (I) ILRC Kuraj (II) ILRC Gilund.,363
RAJASTHAN,RAJSAMAND,176,Nathdwara,,1. Tehsil Nathdwara 2. Tehsil Railmagra (Partly) - (I) ILRC Railmagra (II) ILRC Banedian,364
RAJASTHAN,BHILWARA,177,Asind,,1. Tehsil Asind 2. Tehsil Hurda,364
RAJASTHAN,BHILWARA,178,Mandal,,"1. Tehsil Mandal 2. Tehsil Bhilwara (Partly) - (I) ILRC Danthal (II) ILRC Mangrop (III) ILRC Suwana (I V) ILRC Bhilwara excluding Municipal Council, Bhilwara",364
RAJASTHAN,BHILWARA,179,Sahara,,"1. Tehsil Sahara 2. Tehsil Raipur 3. Tehsil Bhilwara (Partly) - (I) ILRC Karoi Kalan (II) ILRC Pur excluding area of Municipal Council, Bhilwara (III) ILRC Hameergarh",364
RAJASTHAN,BHILWARA,180,Bhilwara,,"1. Tehsil Bhilwara (Partly) - (I) Municipal Council, Bhilwara",364
RAJASTHAN,BHILWARA,181,Shahpura,SC,1. Tehsil Shahpura 2. Tehsil Banera,364
RAJASTHAN,BHILWARA,182,Jahazpur,,1. Tehsil Jahazpur 2.Tehsil Kotri (P artly) - (I) ILRC Kotri (II) ILRC Sawaipur (III) ILRC Paroli,364
RAJASTHAN,BHILWARA,183,Mandalgarh,,1. Tehsil Mandalgarh 2. Tehsil Bijoliy a 3. Tehsil Kotri (Partly) - (i) ILRC Nandrai (ii) ILRC Badliyas,364
RAJASTHAN,BUNDI,184,Hindoli,,1. Tehsil Hindoli 2. Tehsil Nainwa (Partly) - (I) ILRC Nainwa including Municipal Board Nainwa (II) ILRC Jajawar (III) ILRC Bansi (IV) ILRC Dei,364
RAJASTHAN,BUNDI,185,Keshoraipatan,SC,1. Tehsil Keshoraipatan 2. Tehs il Indergarh 3. Tehsil Nainwa (Partly) - (I) ILRC Jetpur (II) ILRC Karwar (III) ILRC Bamangaon,364
RAJASTHAN,BUNDI,186,Bundi,,Tehsil Bundi,364
RAJASTHAN,KOTA,187,Pipalda,,1. Tehsil Pipalda 2. Tehsil Digod (Par tly) - (I) ILRC Barod (II) ILRC Sultanpur (III) ILRC Jhargaon,364
RAJASTHAN,KOTA,188,Sangod,,1. Tehsil Sangod 2. Tehsil Digod (Partly) - (I) ILRC Digod (II) ILRC Rel (III) ILRC Seemalya,364
RAJASTHAN,KOTA,189,Kota North,,"1. Tehsil Ladpura (Partly) - (I) Kota Municipal Corporation (Partly) - Ward No. 1, 2, 12 to 32 and 49 to 52.",364
RAJASTHAN,KOTA,190,Kota South,,"1. Tehsil Ladpura (Partly) (I) Kota Municipal Corporation (Partly) - Ward No. 3 to 6, 33 to 42, 53 to 58 and 60.",364
RAJASTHAN,KOTA,191,Ladpura,,"1. Tehsil Ladpura (Partly) - (I) Kota Muncipal Corporation (Partly) - Ward No. 7 to 11, 43 to 48 and 59 (II) ILRC Kaithoon including Municipal Board Kaithoon (III) ILRC Tather (IV) ILRC Mandana (Partly) - (i) PC Kalyakheri (ii) PC Mandana (iii) PC Mandlaya (iv) PC Alniya (v) PC Ranpur (vi) PC Kasar (V) ILRC Ladpura (Partly) - (i) PC Kishanpura Takiya (ii) PC Rangpur (iii) PC Girdharpura.",365
RAJASTHAN,KOTA,192,Ramganj Mandi,SC,1. Tehsil Ramganj Mandi 2. T ehsil Ladpura (Partly) - (I) ILRC Mandana (Partly) - (i) PC Borabans (ii) PC Dharampura (iii) PC Bhanwariya (iv) PC Dolya (v) PC Dobara.,365
RAJASTHAN,BARAN,193,Anta,,1. Tehsil Anta 2. Tehsil Mangrol 3. Tehsil Baran (Partly) - (I) ILRC Koyala (II) ILRC Bamala.,365
RAJASTHAN,BARAN,194,Kishanganj,ST,1. Tehsil Kishanganj 2. Tehsil Shahbad,365
RAJASTHAN,BARAN,195,Baran-Atru,SC,1. Tehsil Atru 2. Tehsil Baran (P artly) - (I) ILRC Baran including Municipal Board Baran (II) ILRC Fatehpur,365
RAJASTHAN,BARAN,196,Chhabra,,1. Tehsil Chhabra 2. Tehsil Chhipabarod,365
RAJASTHAN,JHALAWAR,197,Dag,SC,1. Tehsil Pachpahar 2. Tehsil Gangdhar.,365
RAJASTHAN,JHALAWAR,198,Jhalrapatan,,1. Tehsil Pirawa 2.Tehsil Jhal rapatan (Partly) - (I) ILRC Jhalrapatan including Municipal Board Jhalrapatan (II) ILRC Samrai (III) ILRC Jhalawar (Partly) - (i) Municipal Board Jhalawar (ii) PC Durgpura (iii) PC Gindor (iv) PC Kalmandi Kalan (v) PC Khanpuriya (vi) PC Salotiya.,365
RAJASTHAN,JHALAWAR,199,Khanpur,,1. Tehsil Khanpur 2. Tehsil Jhal rapatan (Partly) - (I) ILRC Mandawar (II) ILRC Ratlai (III) IL RC Salawad (IV) ILRC Bakani (V) ILRC Reechwa (VI) ILRC Jhalawar (P artly) - (i) PC Gagron (ii) PC Govindpura.,365
RAJASTHAN,JHALAWAR,200,Manohar Thana,,1. Tehsil Manohar Thana 2. Tehsil Aklera 3. Tehsil Jhalrapatan (Partly) - (I) ILRC Asnawar.,365
SIKKIM,WEST,1,Yoksam- Tashiding(BL),,"Revenue Blocks: Mangnam, Narkhola, Dhupidara, Kongri, Labdang, Gangyep, Tashiding, Laso, Chongrang, Arithang, Gerethang, Dubdi, Meli, Yoksam, Ts ozo, Melliaching, Khechopheri, Thingling I, Thingling II, Labing, Si nglitam, Topung, Tingbrum and Tashiding and Yoksam Forest Blocks of Gyalshing Sub-Division.",368
SIKKIM,WEST,2,Yangthang,,"Revenue Blocks : Singrangpung, Na mbu, Darap, Sindrang, Singyang, Chongpung, Naku, Bhal uthang, Unglok, Yangten, Yangthang, Kyongsa, Lingchom, Tikjya and Pemayantse Monastery of Gyalshing Sub-Division.",368
SIKKIM,WEST,3,Maneybung- Dentam,,"Revenue Blocks : Sardong, Lungzik, Sapong, Bongten, Srinagi, Liching, Gayten, Karmatar, Sopakha, Maneybung, Begha, Mangmo, Dentam, Sangkhu, Radhukhandu, Hee and Dentam Forest Block of Gyalshing Sub - Division.",368
SIKKIM,WEST,4,Gyalshing-Barnyak,,"Revenue Blocks : Umchung, Gyalsh ing, Hee-Patal, Pecherek, Martam, Barnyak, Barthang, Ba rphok, Chingthang, Megyong, Miyong, Gyalshing and Barnyak Forest Blocks and Gyalshing (NTA) of Gyalshing Sub-Division.",368
SIKKIM,WEST,5,Rinchenpong(BL),,"Revenue Blocks : Tadong, Rinc henpong, Jeel, Hathidunga, Bum, Rishi, Bara-Samdong, Deyt hang, Parrengaon, Sribadam, Takuthang, Chuchen, Tinzerbong, Suldung, Kamling, Suntaley, Khanisherbung and Sangadorji of Soreng Sub-Division.",368
SIKKIM,WEST,6,Daramdin(BL),,"Revenue Blocks : Burikhop(Rumbuk) , Burikhop (Dodak) , Rumbuk, Bhareng, Ribdi, Okhrey, Tikpur, Siktam, Salyangdang, Lungchok, Lower Fambong, Upper Fambong, Dhalam(Daramdin) and Hilley and Sombaria Forest Blocks of Soreng Sub-Division.",368
SIKKIM,WEST,7,Soreng-Chakung,,"Revenue Blocks : Chumbung, Aroobotey, Chota Samdong(Samdong) , Singling, Timberbong, Tharpu, Karthok, Soreng, Malbasey, Mendo-Gaon, Chakung and Soreng Forest Block of Soreng Sub-Division.",368
SIKKIM,WEST,8,Salghari-Zoom,SC,"Revenue Blocks : Mabong, Segeng, Sa msing, Geling, Zoom and Nayabazar Forest Block and Nay abazar (NTA) of Soreong Sub- Division in District West; Jorethang (NTA) and Salghari Revenue Block of Namchi Sub-Division in District South.",369
SIKKIM,SOUTH,9,Barfung(BL),,"Revenue Blocks : Sada, Phamthang, Brong, Poley, Namlung, Lingdong, Ralong, Deythang, Tink itam, Sanganath, Rayong, Zurung, Bakkhim, Kewzing, Dale p, Lingzo, Likship, Hingdam, Lamting, Mangbrue, Tingmo, Barf ung and Ralong Monastery of Ravong Sub-Division.",369
SIKKIM,SOUTH,10,Poklok-Kamrang,,"Revenue Blocks : Damthang, J aubari, Tingrithang, Mamley, Chisopani,Denchung, Poklok(Polok) , Tinik, Dhargaon, Dorop, Shyampani, Sangbung, Assangthang, Sorok, Kamrang, Gom, Chemchey, Pabong(Mamley) , Paje r, Omchu, Chumlok and Wak of Namchi Sub-Division.",369
SIKKIM,SOUTH,11,Namchi- Singhithang,,"Revenue Blocks : Bul, Boomtar, Gumpa-Gurpisey, Saleumbong, Kopchey, Mikkhola, Rong, Palum, Singtam, Maniram, Phalidara, Tinzir, Singhithang and Namchi Forest Block and Namchi (NTA) of Namchi Sub-Division.",369
SIKKIM,SOUTH,12,Melli,,"Revenue Blocks : Manpur, Kitam, Kartikey, Sumbuk, Suntaley (Sumbuk) , Longchok, Kamarey, Panchgharey, Turuk, Ramabong, Kerabari, Paiyong(Kerabari) , Suntaley Sadam, Sukrabarey, Sadam, Rabitar, Melli, Mellidar a and Majhitar and Melli Forest Blocks of Namchi Sub-Division.",369
SIKKIM,SOUTH,13,Namthang- Rateypani,,"Revenue Blocks : Kabrey, Karek, Phong, Chuba, Parbing, Rameng, Nijarmeng, Burul, Rabikhola, T angji, Bikmat, Rateypani, Passi, Paleytam, Nagi, Maneydara, Turu ng, Kanamtek, Pamphok, Kateng- Bokrang, Nalam Kolbong, Donok, Mamring and Mamring Forest Block of Namchi Sub-Division.",369
SIKKIM,SOUTH,14,Temi-Namphing,,"Revenue Blocks : Tokal, Gangchung, Ai faltar, Temi, Tarku, Tanak, Doring, Rashyap, Barnyak, T hangsing, Tshalumthang, Namphing, and Tokdey(Reshep), Temi Tea Estate, Pabong(Gangchung) and Tarku and Temi Forest Blocks of Rabong Sub-Division; and Namphrik, Ben, Deo of Namchi Sub-Division.",369
SIKKIM,SOUTH,15,Rangang-Yangang,,"Revenue Blocks : Satam, Rabong, Namphok, Gagyong, Rangang, Yangang, Sangmo, Kolthang, M angzing, Sripatam and Tokdey(Lingmo), Neh-brum and Rabongla and Lingmo Forest Blocks of Rabong Sub-Division.",369
SIKKIM,SOUTH,16,Tumen-Lingi(BL),,"Revenue Blocks : Sokpay, Lingi, Kau, Lower Paiyong, Upper Pai y on g , Lin g mo, Pe p than g , of Rabon g Sub-Division in District South; Rakdong, Tintek, Kambal, Samdong, Raley-Khese, Tumen, Patuk and Singbel of Gangtok Sub-Division in District East.",369
SIKKIM,EAST,17,Khamdong- Singtam,,"Revenue Blocks : Chadey, Simik, Aritar(Dung-Dung) , Lingzey (Simik) , Dung-Dung, Budang T hangsing, Beng, Khamdong, Sherwani, Sakyong, Chisopani, Rapdang, Namgeythang and Singtam(NTA) of Gangtok Sub Division.",370
SIKKIM,EAST,18,West Pendam,SC,"Revenue Blocks : West Pendam, Central Pendam and Rangpo(NTA) and Rangpo Forest Blo ck of Gangtok Sub-Division.",370
SIKKIM,EAST,19,Rhenock,,"Revenue Blocks : Sajong of Gangtok Sub-Division ; Pachak, Kamarey Bhasmey, East Pendam, Dikling, Amba, Tshalumthang, Pacheykhani(Dikling) , Losing, Pac heykhani(Losing) , Taza, Tarpin and Rhenock in Pakyong Sub-Division.",370
SIKKIM,EAST,20,Chujachen,,"Revenue Blocks : Chujachen, Lingt am, Phadamchen, Premlakha, Singaneybas, Subanedara, North Rhegoh, South Rhegoh, Changeylakha, Dholepchen, Sudunglakha, Tarethang, Biring, Mulukey, Aritar and Phadamc hen, Rongli and Rhenak Forest Blocks of Rongli Sub-Division.",370
SIKKIM,EAST,21,Gnathang- Machong(BL),,"Revenue Blocks : Pachey, Linkey, Parkha, Riwa, Machong, Chochenpheri, Latuk, Gnathang, Kartok, Rolep, Lamaten, Thekabung and Assam Lingjey and Pakyong Forest Blocks of Pakyong Sub-Division.",370
SIKKIM,EAST,22,Namcheybung,,"Revenue Blocks : Lingzey(Sumen) , Mangthang, Sumen, Lingzey(Assam) , Assam and Singtam Forest Block of Gangtok Sub-Division; Samdur, Yangtam, Aho, Chhota Singtam, Changey Senti(Tsaney) and Namcheybung of Pakyong Sub-Division.",370
SIKKIM,EAST,23,Shyari(BL),,"Revenue Blocks : Chandmari, Rongyek, Tathangchen, Upper Tathagnchen, Nandok, Naitam, Namok, Pam, Bhusuk and Shyari of Gangtok Sub-Division.",370
SIKKIM,EAST,24,Martam-Rumtek (BL),,"Revenue Blocks : Shyagyong-Rumtek, Rawate-Rumtek, Chinze, Barbing, Lingdum, Tempyak Mendu, Rey, Samlik-Marchak, Namin, Tshalumthang, Nazitam, Martam , Namli, Tumlabung, Byang, Phengyong, Tirkutam, Chuba and Rumt ek Forest Block and Sang Forest Block of Gangtok Sub-Division.",370
SIKKIM,EAST,25,Upper Tadong,,Revenue Blocks : Tadong and Upper Tadong(CT) of Gangtok Sub- Division.,370
SIKKIM,EAST,26,Arithang,,"Ward Nos 1,2 and 4 of Gangt ok(NTA) and Gangtok Private Estate(Arithang) of Gangtok Sub-Division.",371
SIKKIM,EAST,27,Gangtok(BL),,"Ward Nos. 3,5 to 10 of Gangtok(NTA) of Gangtok Sub-Division.",371
SIKKIM,EAST,28,Upper Burtuk,,"Revenue Blocks : Ranka, Sangtong, Upper Sicheygaon, Parbing, Sicheygaon, Gangtok Private Estate , Burtuk ,Luing ,Upper Burtuk of Gangtok Sub-Division.",371
SIKKIM,NORTH,29,Kabi Lungchuk(BL),,"Revenue Blocks : Tangyek, Ramthang, Rongong, Tumlong, Phodong, Chawang, Phamtam, Men-Rongong, Paney-Phensong, Labi, Kabi, Tingda and Kabi Forest Block in Mangan Sub-Division of District North; Lingdok, Nam pong, Navey, Shotak, Penlong, Upper Chandmari and Kyongnosla, Pangthang and Gangtok Forest Blocks of Gangtok Sub-Division in District East.",371
SIKKIM,NORTH,30,Djongu(BL),,"Revenue Blocks : Lum, Sangtok, Go r, Gnon-Samdong, Lingthem , Lingdem, Tingbong, Lingzah-Tolung, Sakyong-Pentong, Salim Pakel, Hee-Gyathang, Barfok, Lingdong, Zimchung, Tingchim, Upper Mangshila, Lower Mangsh ila, Namok, Sheyam and Upper Djongu and Phodong Forest Blocks in Mangan Sub-Division; Shipgyer in Chungthang Sub.Division.",371
SIKKIM,NORTH,31,Lachen Mangan(BL),,"Revenue Blocks : Lachen, Lachung, Chungthang, Tung, Lachung and Lachen and Chungthang Forest Blocks in Chungthang Sub- Division; Naga-Namgor Singhik, Ringhim, Nampatam, Meyong, Singchit, Pakshep, Kazor, Sent am, Mangan(NTA) and Naga and Mangan Forest Blocks in Mangan Sub-Division.",371
TAMIL NADU,THIRUVALLUR,1,Gummidipoondi,,Gummidipoondi and Uthukkottai Taluks.,373
TAMIL NADU,THIRUVALLUR,2,Ponneri,SC,"Ponneri Taluk (Part) Poongulam, Injur, Seliambedu, Mangodu, Keerapakkam, Kallur, Annamalaicheri, Periaveppathur, Uppunelvoyal, Agaram, Devampattu, Kanganimedu, Umipedu, Seganyam, Periakarumbur, Panapakkam, Kuma ranjeri, Ilupakkam, Kolur, Sirulapakkam, Avurivakkam, Kanavanthurai, Pakkam, Thirupalaivanam, Poovami, Ve mbedu, Avoor, Vidathandalam, Sombattu, Paranambedu, Kilikodi, Kattavur, Medur, Asanabudur, Vanjivakkam, Pralayambakkam, Andarmadam, Pazhaverkadu, Thangalperum balam, Sirupazhaverkadu, Kadapakkam, Thathamanji, Pe rumbedu, Chinnakavanam, Kuduvancheri, Kanagavallipuram , Thirupair, Eliambedu, Lingipaiyanpettai, Somanjeri, Athamananieri, Sirulappancheri, Kattur, Karungali, Kalanji, Kattupa lli, Vayalur, Thiruvellavoyal, Eripillaikuppam, Velur, Aladu, Kumarasirulapakkam, Kaniambakkam, Kadamanjeri, Thinaipakkam, Meratur, Devadanam, Thadaperumbakkam, Vairavankuppam, Peravallur, Durainallur, Vadakkunallur, Sevittupanapakkam, Pondavakkam, Madhavaram, Ma lliankuppam, Chinnambedu, Keelmeni, Thachur, Anuppampattu, Vellambakkam, Thottakadu, Kalpakkam, Neit havayal, Nalur, Vannipakkam, Amoor, Panjetty, Adambakka m, Natham, Ernavakkam, Pandigavanur, Jaganathapuram, Nandiambakkam, Puzhudivakkam, Vallur, Seemapuram, Madiyur, Valudigaimedu, Nayar, Mafaskanpet, Pudupakkam, Periyamullaivoyal, Chinnamullaivoyal, Thirunilai, Kodipallam, Arumandai, Vichoor, Vellivoyal, Edayanchavadi, Arasur, Appalavaram and Andavoyal villages. Arani (TP), Ponneri (TP), Minjur (TP) and Athipattu (CT).",373
TAMIL NADU,THIRUVALLUR,3,Tiruttani,,"Pallipattu Taluk Tiruttani Taluk (Part) Thalavedu, Ponpadi, Alamelumangapuram, Maddur, Krishnasamudram, Sirunguni, Veer aganallur, Suryanagaram, Agoor, Koramangalam, Thadur , Veerakaverirajapuram, Beerakuppam, T.C.Kandigai, V. K.N.Kandigai, S.Agraharam, Cherukkanur, Chinnakadambur, Periyakadambur, Karthikeyapuram, Tiruttani, Murukkambattu, Dharanivaragapuram, Velanjer i, Pattabiramapuram, Sathranjeyapuram, Gollakuppa m, Poonimangadu, Nallattur, Chivvada, Nemili and Santhanagopalapuram villages. Tiruttani (TP).",373
TAMIL NADU,THIRUVALLUR,4,Thiruvallur,,"Tiruttani Taluk (Part) Arungulam, Mamandur, Arum bakkam, Kuppam, Arcot, Nedambaram, Panapakkam, Gulur, Kanchipadi, Muthukondapuram, Illuppur, Nabalur, Ramapuram, Kaverirajapuram, Athipattu, Venugopalapuram, Veeraraghavapuram, Vyasapuram, Thiruvalangadu, Palayanur, Jagirmangalam, Rajapadmapuram, Manavur, Kapulakandigai, Marudavallipuram, Harichandrapuram, J.S.Ramapuram, Perikalakattur, Orathur, Lakshmivilasapuram, Pakasalai, Chinnamandali and Kalambakkam villages. Thiruvallur Taluk (Part) Hudsonpuram, Placepalayam, Gengulukandigai, Allikuzhi, Greenvelnatham, Sendrayanpalayam , Thomur, Thiruppair, Arumbakkam, Rangapuram, Krishnapuram, Poondi, Kannammapettai, Movoor, Neyveli, Ramathandalam, Cheyancheri, Eraiyur, Mo nnavedu, Chithambakkam, Ramanjeri, Karanizampet, K unnavalam, Pattaraiperumbudur, Kanagavallipuram, Pandur, Thirupachur, Tiruvallur, Pirayankuppam, Palliaraikuppam, Karanai, Attupakkam, Nemiliagaram, Keelvilagam, Me lvalagam, Kalianur, Vidaiyur, Venmanambudur, Kadambathur, Egattur, Melnallathur, Koppur, Nayapakkam, Papparambakkam, Valasaivettikadu, Elluppur, Polivakkam, Nungambakkam, Pinjivakkam, Kasavanallathur, Agaram, Panambakkam, Ramankoil, Madathukuppam, Senji, Thenka ranai, Chitrambakkam, Kavankolathur, Pudumavilangai, Satharai, Erayamangalam, Alinjivakkam, Mappedu, K ilacheri, Kondancheri, Perambakkam, Narasingapuram, Irulanjeri, Kumaracheri, Koovam, Pillaiyarkuppam, Govindamedu, Ulundai, Thodukadu, Vayalur, Kottaiyur, Karanai, Kallambedu, Uttarampakkam, Kannur, Pudupa ttu, Selai and Tirupandiyur villages. Thiruvallur (M) and Vengathur (CT).",374
TAMIL NADU,THIRUVALLUR,5,Poonamallee,SC,"Thiruvallur Taluk (Part) Arumbakkam, Thirukanacheri, Vilapakkam, Gerugampoondi, Sembedu, Vengal, Velliyur, A mmanambakkam, Agaram, Sethupakkam, Guruvoyal, Arkkampattu, Singilikuppam, Ayalacheri, Pudukuppam, Koduveli, Karanai, Magaral, Thamaraipakkam, Melakondaiyur, Vathattur, Karikalavakkam, Vishnuvakkam, Kizhanur, Mel anur, Othikkadu, Punnapakkam, Pullarambakkam, Ikkadu, Kalyanakuppam, Chittathur, Perathur, Ayalur, Punnapattu, Sivanvoyal, Nallankavanur, Puliyur, Pakkam, Veppampattu, Ayathur, Sirukalathur, Thottikalai, Kilambakkam, Thandalam, Thaneerkulam, Kakkalur, Putlur, Thozhur, Sirukadal, Sevvapettai, Perumalpattu, Veppambattu, Thiruvur and Aranvoyal villages. Poonamallee Taluk (Part) Gudapakkam, Varadarajapuram , Vellavedu, Nemam, Nochimedu, Meyyur, Padur, Kuthambakkam, Narasingapuram, Parvatharaj apuram, Sembarambakkam, Meppur, Agaramel Nazarathpet, Kannapalayam, Melpakkam, Soranjeri, Amudurmedu, Agr aharamel, Thiruninravur, Korattur, Voyalanallur, Kol appancheri, Banaveduthottam, Pidarithangal, Parivakkam, Senneerkuppam, Korattur, Kilmanambedu, Kattupakkam and Goparasanallur villages. Poonamallee (TP) and Thirumazhisai (TP).",374
TAMIL NADU,THIRUVALLUR,6,Avadi,,"Poonamalle Taluk (Part) Nadukuthagai, Nemilicheri and Ka runakaracheri villages. Thirunindravur (TP), Tiruverkadu (TP) and Avadi (M).",375
TAMIL NADU,THIRUVALLUR,7,Maduravoyal,,"Ambattur Taluk (Part) Ayappakkam, Nolambur, Adayalampattu and Vanagaram villages. Ambattur (M) (Part) Ambattur (M) - Ward No. 35, 36 and 52. Nerkundram (CT), Maduravoyal (TP), Valasaravakkam (TP), Karambakkam (CT), Porur (TP) and Ramapuram (CT).",375
TAMIL NADU,THIRUVALLUR,8,Ambattur,,Ambattur Taluk (Part) Ambattur (M) (Part) Ambattur (M) - Ward No. 1 to 34 and 37 to 51.,375
TAMIL NADU,THIRUVALLUR,9,Madavaram,,"Ambattur Taluk (Part) - Kilkondaiyar, Alathur, Pandeswaram, Arakkambakkam, Morai, Melpakkam, Kadavur, Vellacheri, Palavedu, Vellanur, Pothur, Pammadukulam, Theerthagiriyampattu, Palavoyal, Vilangadupakkam, Sirugavur, Ariyalur, Kadapakkam, Sadayankuppam, Elanthanjeri, Mathur, Manjampakkam, Kosapur, Chettimedu, Vadaperumbakkam, Lyon, Payasambakkam, Grant Lyon, Alinjivakkam, Athivakkam, Vadagarai, Soorapattu, Kadhirvedu and Puthagaram villages. Naravarikuppam (TP), Puzhal (TP) and Madavaram (M). Ponneri Taluk (Part) - Nerkundram, Chekkanjeri, Soorapattu, Sothuperumbedu, Karanodai, Athur (I), Pudu Erumaivettipalayam, Pazhaya Erumaivettipalayam, Sholavaram, Orakkadu, Budur, Kandigai, Marambedu, Kummanur, Angadu, Siruniam, Sembulivaram, Nallur, Alamathi, Attanthangal, Vijayanallur and Perungavoor villages. Padianallur (CT).",375
TAMIL NADU,THIRUVALLUR,10,Tiruvottiyur,,"Ambattur Taluk (Part) Kattivakkam (M), Tiruvottiyu r (M), Manali (TP) and Chinnasekkadu (TP).",376
TAMIL NADU,CHENNAI,11,Dr.Radhakrishnan Nagar,,"Chennai (M Corp.) (Part) Chennai (M Corp.) Ward No. 3 to 8, 10, 11 and 14.",376
TAMIL NADU,CHENNAI,12,Perambur,,"Chennai (M Corp.) (Part) Chennai (M Corp.) Ward No.1, 2 and 32 to 36.",376
TAMIL NADU,CHENNAI,13,Kolathur,,Chennai (M Corp.) (Part) Chennai (M Corp.) Ward No. 50 to 54 and 62.,376
TAMIL NADU,CHENNAI,14,Villivakkam,,"Chennai (M Corp.) (Part) Chennai (M Corp.) Ward No.55 to 58, 63 and 64.",376
TAMIL NADU,CHENNAI,15,Thiru-Vi-Ka-Nagar,SC,"Chennai (M Corp.) (Part) Chennai (M Corp.) Ward No.37 to 41, 59, 60 and 97 to 99.",376
TAMIL NADU,CHENNAI,16,Egmore,SC,"Chennai (M Corp.) (Part) Chennai (M Corp.) Ward No.42, 45 to 47, 61, 71, 72 and 100 to 106.",376
TAMIL NADU,CHENNAI,17,Royapuram,,"Chennai (M Corp.) (Part) Chennai (M Corp.) Ward No.9, 12, 13, 15 to 22 and 31.",376
TAMIL NADU,CHENNAI,18,Harbour,,"Chennai (M Corp.) (Part) Chennai (M Corp.) Ward No.23 to 30, 43, 44, 48, 49 and 80.",376
TAMIL NADU,CHENNAI,19,Chepauk- Thiruvallikeni,,"Chennai (M Corp.) (Part) Chennai (M Corp.) Ward No.79, 81 to 93, 95 and 111.",376
TAMIL NADU,CHENNAI,20,Thousand Lights,,"Chennai (M Corp.) (Part) Chennai (M Corp.) Ward No.76 to 78, 107 to 110, 112 to 114, 118 and 119.",376
TAMIL NADU,CHENNAI,21,Anna Nagar,,Chennai (M Corp.) (Part) Chennai (M Corp.) Ward No.66 to 70 and 73 to 75.,376
TAMIL NADU,CHENNAI,22,Virugampakkam,,"Chennai (M Corp.) (Part) Chennai (M Corp.) Ward No.65, 128 to 131.",376
TAMIL NADU,CHENNAI,23,Saidapet,,Chennai (M Corp.) Part Chennai (M Corp.) Ward No.132 to 136 and 138 to 141.,376
TAMIL NADU,CHENNAI,24,Thiyagarayanagar,,"Chennai (M Corp.) Part Chennai (M Corp.) Ward No. 117, 120 to 127 and 137",376
TAMIL NADU,CHENNAI,25,Mylapore,,"Chennai (M Corp.) Part Chennai (M Corp.) Ward No.94, 96, 115, 116 and 142 to 150.",377
TAMIL NADU,CHENNAI,26,Velachery,,Chennai (M Corp.) Part Chennai (M Corp.) Ward No. 151 to 155.,377
TAMIL NADU,KANCHEEPURAM,27,Shozhinganallur,,"Tambaram Taluk (Part) Nanmangalam, Kovilambakkam, Medavakkam, Karapakkam, Perumbakkam, Vengavasal, Ch ittalapakkam, Ottiambakkam, Arasankalani, Semmanjeri and Uthandi villages. Puzhithivakkam (Ullagaram) (TP), Perungudi (TP), Kottivakkam (CT), Palavakkam (CT), Neelankarai (CT), Injambakkam (CT), Okkiyamt huraipakkam (CT), Pallikaranai (TP), Madipakkam (CT), Jalladianpettai (CT) and Shozhinganallur (TP).",377
TAMIL NADU,KANCHEEPURAM,28,Alandur,,"Sriperumbudur Taluk (Part) - Ayyappanthangal, Thelliaragaram, Koluthuvancher i, Srinivasapuram, Kovur, Chinnapanicheri, Paraniput hur, Periyapanicheri, Moulivakkam, Madanandapuram, Mugalivakkam, Kolapakkam, Gerugambakkam, Thandalam, Tharapakkam and Irandankattalai villages. Manapakkam (CT). Tambaram Taluk (Part) Cowl Bazaar village. Nandambakkam (TP), St.Thomas Mount-cum-Pallavaram (CB), Alandur (M) and Moovarasampettai (CT).",377
TAMIL NADU,KANCHEEPURAM,29,Sriperumbudur,SC,"Sriperumbudur Taluk (Part) Kozhumanivakkam, Malayambakkam, Mevalurkuppam, Valarpuram, Mannur, Kandam angalam, Sengadu, Sivapuram, O.M.Mangalam, Pichivakkam, Thulasapuram, Kandivakkam, Kappankottur, Kottur, Elimiyanko ttur, Kiloy, Ayakolathur, Nemili, Irungattukottai, Thandalam , Katrambakkam, Tharavur, Sirukalathur, Kavanur, Kollacheri, Nandambakkam, Puduppair, Nallur, Amarambedu, Pennalur, Sirukiloy, Padicheri, Ettikuth imedu, Gunagarambakkam, Edayarpakkam, Akkamapuram, Ekanapuram, Mahadevimangalam, Kannanthangal, Vadamangalam, Pillaipakkam, Vengadu, Irumbedu, Somangalam, Poonthandalam, Pazhanthandalam, Thirumudivakkam, Erumaiyur, Naduveerapattu, Puducheri, Chetthuppattu, Karunakaracheri, Kolathur , Navalur, Oddankaranai, Kaduvancheri, Pondur, Irungulam, Mambakkam, Thirumangalam, Molachur, Sogandi, Kanthur, Maduramangalam, Singilipadi, Kodamanallur, Melmaduramangalam, Koothavakkam, Sivankoodal, Ramanujapuram, Keeranallur, Podavur, Nandimedu, Santhavellore, Sirumangadu, Araneri, Vadakal, Sirukalathur, Valathancheri, Gunduperum bedu, Nallamperumbedu, Alagoor, Mahanyam, Vellarai, Ma laipattu, Mahanyam (RF), Manimangalam, Varadharajapuram, Karasangal, Thundalkalani, Padappai, Siru mathur, Salamangalam, Nariyambakkam, Koolangacheri, Perinjambakkam, Vaipoor, Vallam, Mettupalayam, Echoor, Kunnam, Pappankuzhi, Sendamangalam, Vittaveedagai, Jambodai, Selvazhimangalam, Panrutti, Mathur, Panapakkam, Serapanacheri, Karanaithangal, V enjuvancheri, Vellerithangal, Arambakkam, Athanancheri, Korukkanthangal, Adhanur, Madambakkam, Neelamangalam , Orathur, Navalur, Vattambakkam, Oragadam, Sennakuppam, Panaiyyur, Ezhichur, Poondi, Vadakkupattu, Padarvadi, Valayakaranai, Umayalparanancheri, Kanchivakkam, Nattarasampattu, Siruvanjur, Vadamelpakkam, Erivakkam, Keelakalani, Kuthanur, Kavanur and Kattupakkam villages. Mangadu (TP), Sikkarayapuram (CT), Kundrathur (TP) and Sriperumbudur (TP).",377
TAMIL NADU,KANCHEEPURAM,30,Pallavaram,,"Tambaram Taluk (Part) Polichalur (CT), Anakaputhur (T P), Pammal (TP), Tirusulam (CT), Pallavaram (M), Thiruneermalai (TP) and Meenambakkam (TP).",378
TAMIL NADU,KANCHEEPURAM,31,Tambaram,,"Tambaram Taluk (Part) Kadaperi, Tiruvancheri, Mudichur, Kasbapuram, Vengapakkam, Agaramthen, Ko vilancheri, Madurapakkam and Moolacheri villages. Tambar am (M), Chitlapakkam (TP), Sembakkam (TP), Madambakkam (TP), Perungalathur (TP) and Peerkankaranai (TP).",378
TAMIL NADU,KANCHEEPURAM,32,Chengalpattu,,"Chengalpattu Taluk (Part) Mannivakkam, Nedungundram, Puthur, Kolapakkam, Unamancheri, Rattinamangalam, Vengadamangalam, Nallambakkam, Arungal, Kara naipuducheri, Gudalore R.F, Kayarambedu, Perumathunallur, Keerappakkam, Murugamangalam, Kumizhi, Othivakkam, Kannivakkam, Pandur, Appur R.F, Sent hamangalam, Appur, Kalvoy, Hasthinapuram, Karunilam, Karambur, Kolathur, Dasarikunnathur, Guruvanmedu, Melmanapakkam, Palur, Villiambakkam, Sasthirambakkam, Vembakkam, Venkatapuram, Chettipunyam, Kachadimangalam, Kondamangalam, Anjur, Thenm elpakkam, Veerapuram, Paranur, Paranur R.F, Kant halur, Athur, Pulipakkam, Rajakulipettai, Hanumanthai, Kunnavakkam, Echankaranai, Pattaravakkam, Senneri, Thenur, Ammanambakkam (Guduvanchery firka), Porunthava kkam, Vallam, Pazhaveli, Ozhalur, and Ammanambakkam ( Chengalpattu firka) villages. Melamaiyur (CT), Alapakkam (CT), Vandalur (CT) and Urapakkam (CT), Nandivaram-Guduvancheri (TP), Maraimalainagar (TP), Singaperumalkoil (CT) and Chengalpattu (M).",378
TAMIL NADU,KANCHEEPURAM,33,Thiruporur,,"Chengalpattu Taluk (Part) Ponmar, Karanai, Thazhambur, Navalur, Kannathur Reddy Kuppam, Muthukadu, Egattur, Kazhi pattur, Siruseri, Polacheri, Sonallur, Mambakkam, Keel akottiyur, Melakottiyur, Pudupakkam, Padur, Kunnakkadu, Kovalam, Semencheri, Kelambakkam, Sathankuppam, Velichi, Kolathur, Panangathupakkam, Kayar, Thaiyur, Thiruvidanthai, Vadanemmeli, Nemmeli, Sengadu, Illalur, Vembedu, Nellikuppam, Agaram, Kondangi, Maruderi, Hanumanthapuram, Melaiyur RF, Kizhur, Kattur, Krishanankaranai, Thandalam, Kottamedu, Vengur Sirunkundram, Dasarikuppam, Perunthandalam, Pooiluppai, Karumbakkam, Viralpakkam, Mailai, Sembakkam, Chettipatturayamankuppam, Maday athur, Vengaleri, Alathur, Pattipulam, Karunguzhipallam, Sirudavoor, Acharavakkam, Poondi, Edarkundram, Royalpattu, Mullipakkam, Valarkundram, Konerikuppam, Reddikuppam, Kammalampattu, PeriyaIrum bedu, Otteri, Rayamangalam, Manamathy, Agaram, Am oor, Poranthavakkam, Athigamanallur, Salavankuppam, Paiyanur, Panchanthiruthy, Kunnappattu, Dhakshnavarthy, Santhanampattu, Amaiyampattu, Melkanagampattu, Thirunilai, Periyavippedu, Chinnavippedu, Kattakhazhani, Amirthampallam, Chinna Irumbedu, Orathur, Thandarai, Oragadam, Kalanipakkam, Arungundram, Mannavedudevadanam, Valavanthangal, Karanai, Periyaputheri and Thiruvadisoolam villages. Thiruporur (TP), Tirukkalukundram Taluk (Part) - Nemmeli, Nemmeli RF, Pulleri, Thunjam, Keelavedu, Meleripakkam, Thirumani, Thirumani RF, Janakipuram, Alagusamudram, Keerapakkam, Melapattu, Nelvoy, Kuzhippanthandalam, Vadakadumbady, Perumaleri, Kadumbady, Nallanpethal, Melkuppam, Echur, Pulikundram, Irumbuli, Thaz ambedu, Kankeyamkuppam, Sogandy, Adavilagam, Osivakkam, Pudupakkam, Manapakkam, Othivakkam, P.V. Kalathur, Veerakuppam, Edaiyur, Kothimangalam, Puliyur, Egai, Acharavakkam, Pattikadu, Nallur, Manamai, Kokilamedu, Kunnathur, Amaipakkam, Narasankuppam, Nathamkariamcheri, Mullakolathur, Echankaranai, Soorakuppam, Ammanambakkam, Thathalur, Nar apakkam, Salur RF, Salur, Ponpathirkoodam, Venbakkam, U dayambakkam, Punnapattu, Anoor, Korappattu, Mambakkam, Mudaiyur, Kurumughi, Elumichampattu, Sadurangapattinam, Neikuppi, Meiyur, Kalpakkam and Karmarapakkam villages. Tirukalukundram (TP) and Mamallapuram (TP).",379
TAMIL NADU,KANCHEEPURAM,34,Cheyyur,SC,"Cheyyur Taluk Tirukkalukundram Taluk (Part) Kilapakkam, Perumbedu, Amanambakkam RF, Kunnavakkam, Veerapuram, V engabakkam, Arambakkam, Poonthandalam, Kudiperumbakkam, Perambakkam, Aminjikarai, Periayakattupakkam, Nadurvakkarai, Pakkam, Pandur, Vellapandal, Vazhuvodur, Thimmur, Vallipuram, Vilagam, Edayathur, Erumbilicheri, Theppanamapattu, Attavattam, Nerumbur, Chinnak attupakkam, Angamampattu, Chitlambakkam, Punnapattu, Somaspattu, Solaikuppam, Ilayanarkuppam, Vittalapuram I, Vittalapuram II, Merkandai, Lattur, Sooradimangalam, Kondakarikuppam, Panangattucheri, Bommarajapuram, Nallathur, Ayapakkam, Vasavasamudram, Voyalur and Vengadu villages. Pudupattinam (CT).",380
TAMIL NADU,KANCHEEPURAM,35,Madurantakam,SC,Madurantakam Taluk,380
TAMIL NADU,KANCHEEPURAM,36,Uthiramerur,,"Uthiramerur Taluk Kancheepuram Taluk (Part) Valluvapakkam, Poosivakkam, Uthukadu, Kattavakkam, Vilagam, Thalayampattu, Alavur , Varanavasi, Vembakkam, Chinnamadurapakkam, Ambakkam, Thollazhi, Kosapattu, Devariyambakkam, Thonankulam, Ullavur, Palayaseevaram, Nathanallur, Puliyambakkam, Vengudi, Kilottivakkam, Seeyamangalam, Thimmarajampettai, Bavasahibpettai, Thangi, Ekanampettai, Naickenpettai, Villivalam, Koyambakkam, Erivoy, Thimmaiyanpettai, Muthialpettai, Padappam, Chinnaiyankulam, Kottakkaval, Orikkai, Kolivakkam, Iyangarkulam, Punj arasanthangal, Valathottam, Kamugampallam, Kuruvimalai, Vitchanthangal, Kalur, Asoor, Avalur, Angambakkam, Thamm anur, Melputhur, Kolathur, Perumanallur, Vedal, Kalakattur, Thalaiyillaperumbakkam, Arpakkam, Magaral, Kavanthandal am, Nelveli, Kilputhur, Kambarajapuram, Elayanarvelur, Chithaathur, Manjamedu, Suramenikuppam, Ayimicheri, Kovalavedu, Navettikulam, Thiruvenkaranai, Kunnavakkam, Agaram, Thenneri, Madavilagam, Sirupagal, Oddanthangal, Naickenkuppam, Sinnivakkam, Vadaveripattu, Marutham and Puthagaram villages. Thenambakkam (CT), Ayyampettai (CT) and Walajabad (TP).",380
TAMIL NADU,KANCHEEPURAM,37,Kancheepuram,,"Kancheepuram Taluk (Part) Pullalur, Thandalam, Purisai, Valathur, Pullambakkam, Pondavakkam, Moolapattu, Padunelli, Govindavadi, Uveri, Putheri, Maniyachi, Kotta vakkam, Parandur, Thandalam, Nelvoy, Podavur, Siruvallur, Siruvakkam, Veliyur, Pudupakkam, Olakkalpattu, Thaipakkam, Melbangaram, Vathiyur, Kuram, Periyakarambur, Vishakandikuppam, Sembarambakkam, Injambakkam, Karai, Seeyati, Poondithangal, Kuthirambakkam, Thodur, Ariyambakkam, Neervalur, Attuputhur, Illuppapattu, Vedal, Enadur, Chitterimedu, Thulukkant handalam, Ariyaperumbakkam, Sirunaiperugal, Muttavakkam, Da mal, Kilar, Thiruppukuzhi, Melambi, Kilambi, Sirukave ripakkam, Thimmasamudram, Netteri, Achukattu, Karuppadit hattadai, Sittiyambakkam, Sekkankulam, Singadivakkam, Siruvedal, Athivakkam, Nummappattu, Thirumalpattu, Alapakkam, Karur, Murukkanthangal, Olaiyur, Kaliyanur, Vaiyavur, Nallur, Konerikuppam, Arappanacheri, Putheri, Velinkapattadai, Kilkadirpoor, Melkadirpoor, Mettukuppam, Melottivakkam, Musaravakkam, Perumbakkam, Muthavedu, Pitchavadi, Vishar, Sadathangal, Narapakkam, Alavandarmedu and Vippedu villages. Kancheepuram (M), Nattapettai (CT) and Sevilimedu (TP).",380
TAMIL NADU,VELLORE,38,Arakkonam,SC,"Arakkonam Taluk (Part) Sembedu, Chithambadi, Itchi puthur, Kilvanam, Polur, Uliambakkam, Kilandur, Per ungalathur, Krishnapuram, Valarpuram, Mudur, Velur, K onalam, Anaipakkam, Mulvoy, Kilpakkam, Kavanur, Kilkuppam, Vadamambakkam, Kainoor, Thandalam, Perumalrajapet, V edal, Asamandur, Chitheri, Parithiputhur, Melpakkam, Ammanur, Puliyamangalam, Ambarishpuram, Mosur, Seyyu r, Nagarikuppam, Uriyur, Anaikattuputhur, Pudukesavar am, Ananthapuram, Athur, Mangattucheri(Kadambanallur), Arigilapadi, Poyyapakkam, Kilandurai, Melandurai, Negav edu, Ochalam, Arumbakkam, Sillamandai, Melkalathur, Sir unamalli, Illuppaithandalam, Parameswaramangalam, Murungai, Chittoor, Pinnavaram, Attupakkam, Sayanavaram (Jagi r), Kilvenkatapuram, Pallur and Ganapathipuram villages. Arakonam (M), Perumuchi (CT) and Thakkolam (TP).",381
TAMIL NADU,VELLORE,39,Sholingur,,"Walajah Taluk (Part) Somasamudram, Kalpattu, Pandiyanellore, Kallankuppam, Kodakkal, Pulivalam, Kadappanthangal, Thagarakuppam, Sengalnatham, Sekkadikuppam, Rendadi, Venkatapuram (Mel), Kesavanakuppam, Jambukul am, Velam, Kolatheri, Marudalam, Kattarampakkam, Thalangai, Vanghur, Ponnappanthangal, Ozhughur, Chithathoor, Melveeranam, Govindacherikuppam and Govindacheri villages. Sholingur (TP). Arakkonam Taluk (Part) Vengapattu, Paravathur, Akkach ikuppam, Paranji, Nandi Veduthangal, Minnal, Vailambadi, Cuddalore, Thalikkal, Ayipedu, Ariyur, Karikkal, Nandimangalam, Soorai, Ayal, Polipakkam, Tappur, Pazhayapalayam, Kunnathur, Anverthikanpettai, Kattupakkam, Banavaram, Mangalam, Koothambakkam, Velithangipuram, Meleri, Elathur, Kilakalathur, Kizhveedhi, Kodambakkam, Mahendravadi, Karnavoor, Pudur, Kizveeranam, Panniyur, Pudupattu, Siruvalayam, Perapperi, Uliyana llur, Vepperi, Vettangulam, Asanallikuppam, Thirumalpur, Nelvoy, S.Kolathur, Reddivalam, Agavalam, Nedumpuli, Thuraiyur, Peruvalayam, Alapakkam, Thuraiperumbakka m, Maganipattu, Cheri, Kattalai, Eralacheri, Uthirampattu, Dharmaneedhi, Nangamangalam, Melapulam, Poigainallur, Velianallur, Thandalam (Jagir), Melvenbakkam, Kilvenbakkam, Perumbulipakkam, Avalur, Karivedu, Ayarpadi, Ocheri, Sirukarumbur, Athipattu , Vegamangalam, Mamandur, Kalathur and Sankarampadi villages. Nemili (TP), Kaveripakkam (TP) and Panapakkam (TP)",381
TAMIL NADU,VELLORE,40,Katpadi,,"Katpadi Taluk (Part) Thengal, Balekuppam, Kondareddipalli, Ponnai, Paramasathu, Madandakuppam, K eeraisathu, Gollapalli, Ammavaripalle, Mahimandalam, Perumalkuppam, Erukkambattu, Vallimalai, Melpadi, Mutharasikuppam, Vinnampalli, Kodukkanthangal, Elayanellore, Thenpalli, Veppalai, Sripadanallore, Kugaiyanallore, Eranthangal, Serkadu, Oddanthangal, Karigiri, Kandipettu, Puthur, Sembarayanallore, Brahmapuram , Sevur, Arumparuthi, Karnampattu, Ammundi, Vandar anthangal, Karasamangalam, Unnamalaisamudram, Thalayarampattu, Thandalamkrishnapuram, Virudampattu and Dharapadavedu villages. Dharapadavedu (TP), Kalinjur (TP), Katpadi (TP), Kangeyanallur (CT), Gandhinagar (Katpadi Extn) (TP), Thiruvalam (TP), and Senur (CT). Vellore Taluk (Part) Shenpakkam (TP) Walajah Taluk (Part) Vasur, Palleri, Kondakuppam, Marudampakkam, Ekambaranellur, Sikaraj apuram, Mukundarayapuram, Katharikuppam and Lalapettai, villages.",382
TAMIL NADU,VELLORE,41,Ranipet,,"Walajah Taluk (Part) Padiyampakkam, Sengadu, Vanapadi , Maniyambattu, Karai, Manthangal, Pinji, Anandhalai, Musiri, Valluvambakkam, Sumaithangi, Bagaveli, Thenkadappanthangal, Ammananthangal, Vannivedu, Navlock, Thengal, Kilminnal, Arapakkam, Melakuppam, Thimmanacherikuppam, Nandiyalam, Veppur, Gudi mallur, Chennesamudram, Kadapperi, Poondi, Thirumalaicheri, Thalanur, Kathiavadi, Ayilam, Arunkundram, Kilkuppam, Koorambadi, Sathambakkam, Thiruparkadal and Kalmelkuppam villages. Ammoor (TP), Chettithangal (CT) , Ranipet (M), Walajapet (M), Narasingapuram (CT) and Melvisharam (TP).",382
TAMIL NADU,VELLORE,42,Arcot,,"Arcot Taluk Vellore Taluk (Part) Palamadai, Edayansathu, A dukkamparai, Thuttipattu, Sirukalambur, Nelvoy, Sathumadurai, Munjurpattu, Pangalathan, Selamanatham, Kaniyambadi, Veppampattu, Kanikkaniyan, Kathalampattu, Palathuvannan, Singarikoil, Vallam, Kilpallipattu, Mottupalayam, Kammasamudram and Mothakkal villages.",383
TAMIL NADU,VELLORE,43,Vellore,,"Vellore Taluk (Part) Sampanginallore, Venkatapuram, Perumugai and Alamelumangapuram villages. Sathuvacheri (TP), Vellore (M), Allapuram (TP), Thorapadi (TP) and Konavattam (CT).",383
TAMIL NADU,VELLORE,44,Anaikattu,,"Vellore Taluk (Part) Kandaneri, Kalanipakkam, Erayangadu, Okkanapuram, Virinchipuram, Seduvalai, Sath iyamangalam, Poigai, Anpundi, Melmanavur, Kilmanavur, Sadupperi, Sirukanchi, Sembedu, Abdullapuram, Thellur, Puthur , Elavambadi, Vallandaraman, Vasanthanadai, Anaikattu, Unai, Kommalankuttai, Brahmanamangalam, Kilkris hnapuram, Tippasamudram, Odiyathur, Vaniyambadi, G enganallore, Pulimedu, Budur, Sekkanur, Kuppam, Murukkeri, Ariyur, Kattuputhur, Usur, Athiyur, Appukal, Karadikudi, Devichettikuppam, Karunkali, Mahammadapuram, Ongapadi, Varadalampattu, Alleri, Sholavaram, Sathapalaiyam, Palampakkam, Thuttikadu, Thellai, Elluparai, Kilkot hur, Pinnanthurai, Nemandapuram, Athikuppam, Madayapattu, Serpadi, Pudukuppam, Peenjamandai, Katharikuppam, Gengasanikuppam, Vannanthangal, Melarasampattu, Umayampattu, Mullavadi, Periyapanaparai, Palampattu, Jarthankollai and Kil Arasampattu villages Pallikonda (TP), Karugampattur (CT), Palavansathu (CT), Ariyur (CT), Pennathur (T P) Odugathur (TP) and Virupakshipuram (CT).",383
TAMIL NADU,VELLORE,45,Kilvaithinankuppa,,"Gudiyattam Taluk (Part) m (SC) Danakondapalli, Viludonapaliam, Dakshinapathapalayam, Rangasamudram, Paradarami, Pu ttavaripalli, Veerasettipalli (R.F), Veerichettipalli, Va radhareddipalli, Chengundram, Modikuppam, Thattaparai, Chinnalapalli, Mukkundram, Pakkam, Ramalai, Thattimanapalli, Kallapadi, Kondasamudram, Pichanur, Rajakuppam, Nellorepettai, Seruvangi, Thalayatham, Chedukkarai, Melalathur, Melmuttukur, Chettikuppam, Bojanapuram, Sembedu, Singalpadi, Goodanagaram, Ananganallore, Kothakuppam, Pattu, Olakasi and Chithathoor villages. Katpadi Taluk (Part) Thondanthulasi, Chenji, Panamadangi, Maliyapattu, Melmankuppam, Melmoil, Kilmuttukur, Kalambattu, Arumbakkam, Latteri, Vil undakkal, Jaffrapet, Vanjur, Olaiyathur, Annangudi, Bomminayakkanpalayam, Angarankuppam, Alanganeri, Murukkambattu, Kanguppam, Devarishikuppam, Nagal, Kilalathur, Sethuvandai, Ammanankuppam, Veppur, Netteri, Pasumathur, Sennankuppam, Machanur, Palayakrishnapuram, Kavanur, Kilvaithinankuppam, Veppanganeri, Thuthithangal, Melvilachur, Pillanthipattu, Me lur, Kilur, Mudinampattu, Kilvilachur, Vaduganthangal, Vikramachi, Velampattu, Valuvankundram, Vadavirinjipuram, Kothamangalam, Cholamur and Thirumani villages.",383
TAMIL NADU,VELLORE,46,Gudiyattam,SC,"Gudiyattam Taluk (Part) Aravatla, Mordana, Rangampettai, Gundalapalli, Bathalapalli, Erukkampattu, Erikuthi, Se mballi, Katherikuppam, Moongapattu, Perumbadi, Agraharam, Rangasamudram, Erthangal, Morasapalli, Thotti thoraimottur, Pernambut, Kothapalli, Chinnadamal Cheruv u, Masigam, Sarakkal, Kempasamudram, Pallalakuppam , Pugalur, Paravakkal, Pangarishikuppam, Kothamarik uppam, Karkur, Vasanampalli, Paloor, Machampattu, Melkothakuppam, Rajakkal, Reddimankuppam, Chokkarishikuppam, Chendathur, Melmurungai, Alinjikuppam, Melvaithinankuppam, Melpatti, kilpatti, Kulidikai, Chinnathottalam, Valathur, Karuneekasamudram and Ulli villages. Pernampattu (TP), Gudiyatham (M) and Seevur (CT). Vaniyambadi Taluk (Part) Bairapalli, Kailasagiri, Nariambattu, Sathambakkam, Komeswaram Kommeswaram, Somalapuram, Bavaravuthampattadai, Aiyathambattu, Chinnavarikam, Periavarikam, Devalapuram and Labbaimankuppam villages. Thuthipattu (CT).",384
TAMIL NADU,VELLORE,47,Vaniyambadi,,"Vaniyambadi Taluk (Part) Thumberi, Neknamalai, Alangayam R.F, Nimmiyambattu, Vellakuttai, Kothakottai, Valayambattu, Vaniambadi, Chiknankuppam, Thimmampettai, Pullur, Simugampattu, Alasandapuram, Venkataraj apuram, Narayanapuram, Javadhiramasamudram, Kollapalli, Guruvanikunda, Ramanaickenpettai, Vadakkupattu, Kavukkapattu, Devasthanam, Ambalur, Govindapuram, Amburpettai, Vallipattu, Thekkupattu, Mallankuppam Mallangunta, Reddiyur, Narasingapuram, Marimanikuppam, Nachiarkuppam, Poongulam, Naickanoor, Bheemakulam, Andiyappanur, Irunapattu, Perumapattu and Kurisilapattu villages. Uthayendram (TP), Jaffrabad (CT), Vaniyambadi (M) and Alangayam (TP).",384
TAMIL NADU,VELLORE,48,Ambur,,"Vellore Taluk (Part) Agraharam, Thollapalli, Guruvara japalayam, Agaram, Arjathi, Palapadi, Nedumipalayam, Arim alai, Ramanayanikuppam, Kuppambattu, Veppankuppam, Kuppampalayam, Pakkampalayam, Pakkam, Chinnapallukuppam, Melpallipattu, Asanampattu, Thenpudipattu and Kallaparai villages. Vaniyambadi Taluk (Part) Vadapudupattu, Kilmurungai, Vengili, Kulithigi, Thottalam, Madanur, Koothambakkam, Agar amcheri, Gollamangalam, Pallikuppam, Palur, Thirumalaikuppam, Mittalam, Vengatasamudram, Karapattu, Kathavalam, Parasanapalli, Karumbur, Nayakaneri, Periyankuppam, Solur, Kammakrishnapalli, Kumaramangalam, Malayambattu, Thennambattu, Maniyarakuppam, Veerankuppam, Alankuppam, Kannadikuppam, Kammiyambattu, Nacharkuppam, Vinnamangalam, Minnur, Vadakarai, Melsanankuppam, Chinnapallikuppam, Eachampattu, Elayanagaram, Velathigamanibent a, Chinthagambenta, Madanancheri, Gollakuppam, Vadacheri, Bapanapalli, Chengilikuppam, Vellakkal and Girisamudram villages. Ambur (M).",385
TAMIL NADU,VELLORE,49,Jolarpet,,"Vaniyambadi Taluk (Part) Kalendira, Chinnaveppambattu, Peddakallupalli and Kethandapatty villages. Tiruppattur Taluk (Part) Kothur R.F, Kothur, Sora ikayalnatham, Nayanaseruvu, Thoppalagunda, Kathari, Athurk uppam, Kudiyanakuppam, Chinnamottur, Mandalavadi, Jola rpettai R.F., Mangalam R.F., Mangalam Extension, Elagiri Hills, Nagalathu R.F., Nagalathu Extension R.F., Ponneri, Elagiri Village, Katteri, Thiriyalam, Vettapattu, Bandarapalli, Pachoor, Bynapalli, Velakalnatham, Nandibenda R.F., Mandalanayanagunda, Gollankuttai, Paniyandapalli, Mallapalli, Agraharam, Ammanankoil, Mookanur, Achamangalam, Damalerimuthur, Palnankuppam, Pachchal, Kadirimangalam, Periagaram, Puthagaram, Chandrapuram, Virupatchipuram , Thokkiyam, Kandili and Chinnakandili villages. Natrampalli (TP) and Jolarpet (TP).",385
TAMIL NADU,VELLORE,50,Tiruppattur,,"Tiruppattur Taluk (Part) Thathavalli, Madapalli, Tirupattur, Gummidigampatti, Badanavadi, Nariyaneri, Elakkinayakkanpatti, Kasinaickenpatti, Pallipattu, Adiyur, Rachamangalam, Venkatapuram, Konerikuppam, Kadirampatti, Kudappattu, Pungampattunadu, Inner Ja vudu R.F, Pudurnadu, Mambakkam R.F, Bommik uppam, Mottur, Matrapalli, Odayamuthur, Koratti, Elavampa tti, Molagarampatti, Kunichi, Chinnakannalapatti, Periyak annalapatti, Errampatti, Avalnaickenpatti, Krishnapuram, Sundarampalli, Pudupatti, Natham, Karungalipatti, Nara vindampatti, Chokkananpatti, Ganganayakanpatti, Kakangarai, Sevvathur, Chinnarampatti, Perampattu, Vishamangalam, Kurumberi, Simmanapudur, Nellivasalnadu, Govindapuram R. F, Singarapet R.F and Singarapet Extension R.F. villages. Tirupathur (M).",385
TAMIL NADU,KRISHNAGIRI,51,Uthangarai,SC,"Uthangarai Taluk Pochampalli Taluk (Part) Kannandahalli, Bommepalli, Sivampatti, Nagampatti, Pichugoundanhalli, Batrahalli, Sonarahalli, Rengampatti, Kondireddipatti, Gendigampatti, Ba lethottam, Mookkampatti, Marappanaickanpatti, Parandapalli, Thadampatti and Jinglekadirampatti villages.",386
TAMIL NADU,KRISHNAGIRI,52,Bargur,,"Krishnagiri Taluk (Part) Guruvinayanapalli, Oppathavadi, Salinayanapalli, Chinniamttarapalli, Varattanapalli, Chinnathimminayanapalli, Palepalli, Madepalli, Mallapadi, Sigaralapalli, Kondappanayanapalli, Achamangalam, Balinayanapalli, Orappam, Soolamalai, Chenda rapalli, Jagadevipalayam, Pasinayanapalli, Battalapalli, Guttur, Puligunta, Ikondamkothapalli, Majeethgollaha lli, Modikuppam, Balekuli, Thallihalli, Marichettihalli, Mottur, Pennaswaramadam and Thatrahalli villages. Bargur (TP). Pochampalli Taluk (Part) Mahadevagollahalli, Kadappasandampatti, Kattagaram, Veppalampatti, Peddappanpatti, Aler ahalli, Mathinaickenpatti, Vadamalampatti, Thimminaikanpa tti, Veeramalai, Maruderi, Kudimenahalli, Vilangamudi, Jam bukuttapatti, Keelkuppam, Barur, Chellakuttapatti, Pannandur, Dhamodarahalli, Puliyampatti, Vadamangalam, Bendarahalli and Kottapatti villages. Nagojanahalli (TP).",386
TAMIL NADU,KRISHNAGIRI,53,Krishnagiri,,"Krishnagiri Taluk (Part) Polupalli, Kurubarapalli, R agimaganapalli, Junjupalli, Byanapalli, Kothapetta, Kattinayanapalli, Kammaampalli, Boganapalli, Pethathalapalli, Gang aleri, Kondepalli, Kompalli, Sembadamuthur, Gooliam, Bella mpalli, Chikkapoovathi, Thandegoundanahalli, Alapatti, Agaram, Marikkampalli, Bellarampalli, Periyamuthur, Devasamudiram, Agasipalli, Chowttahalli, Sundekuppam, Timmapuram, Katteri, Gundalapatti, Sokkadi, Velakalahalli, Chaparthi, Bannihalli, Mittahalli, Errahalli, Kaveri pattinam, Paiyur, Jagadab, Kallukurukki and Karadihalli villages. Krishnagiri (M), Kattiganapalli (CT) and Kaveripattinam (TP).",386
TAMIL NADU,KRISHNAGIRI,54,Veppanahalli,,"Hosur Taluk (Part) Gollapalli, Selavandoddi, Sapparappalli, Gedalandhoddi, Chinnarendoddi, Malagalakki, Doddagounipalli, Gudisadanapalli, Koollu, Nerigam, Kariyasandiram, Pannapalli, Meenandoddi, Sokkapuram, Kottasadanapalli, Muthunaickanpodur, Ramandoddi, Kumbalam, Peddasigarlapalli, Amut hokondapalli, Athimugam, Venkatesapuram, Bukkasagaram, Doripalli, Pattakurubarapalli, Kodiga Ti mmanapalli, Kalingavaram, Chembarasanapalli, Settipalli, Addakurikki, Nallaganakothapalli, Maranapalli, Marudandapalli, Sorakayalapalli, Sagadevapuram, Thoddur, Mattampalli, Pasthalapalli, Bukkanapalli, Mudipinayanapalayam, Beerapalli, Bedapalli, Shoolagiri, Thiyagarsanapalli, Kamandoddi, Subbagiri, Sanamavu, Holekotta, Samanapalli, Enusonai, Chennapalli, Devarkuttapalli, Gudisalapalli, Errandapalli, Malasandiram, Balagondarayanadurgam, Chinnagidibala, Immidinayakkanapalli, Ullatti, Agaram , Agraharam, Thuppuganapalli, Thiyanadurgam, Uddanapalli, Ayaranapalli, Ulagam, Hosahalli, Se kkalaikottai, Melumalai, Bukkanapalli and Medithepalli villages. Denkanikottai Taluk (Part) Nagamangalam, Udedurgam, Thim ijepalli, Muthanhalli, T.Gollahalli, Karukkanahalli, Sengodachinnahalli, Soolakunda, Rayakotta, Pillari Agraharam, Nellur, Eachinahalli and Odaiyanahalli villages. Krishnagiri Taluk (Part) Bathimadugu, Idipalli, Oddapalli, Idipalli, Sigaralapalli, Kasiruganapalli, Gollapalli, Singiripalli, Ebbirai, Konganapalli, Sigaramaganapalli, Thott aganama, Gangamadugu, Manavarnapalli, Seeranapalli, Ne ralagiri, Balanapalli, Krishnanaickanpudur, Helekrishnnapuram, Theertham, Ettipalli, Ettipallitalav, Pannapalli, Boothimutlu, Undiganatham, Ariyanapalli, Nachikuppam, Thankadikuppam, Ragimanapalli, Kariyasaharamthalav, Alekundani, Nallur, Nimmalvadi, Devarkundani, Edayanapalli, Kathiripalli, Kadavarapalli, Veppanapalli, Thallipalli, Dasigowripalli, Naduvanapalli, Puram, Appinaickankottai, Avalnatham, Kondappanayanapalli, Viruppachandran, Dasiripalli, Madepalli, Thattatharai, Bommarasanapalli, Soolaumalai, Pandikurkki, Chinnakothur, Chennasandiram, Kuppachiparai, Beemandapalli, Kundapalli, Lakkabethalapalli, Marachandiram, Ponnagoundapalli, Kodipalli, Naralapalli, Kothigutalapalli, Pethanapalli, Kundarapalli, Billanakuppam, Gollapalli and Puliyancheri villages.",387
TAMIL NADU,KRISHNAGIRI,55,Hosur,,"Hosur Taluk (Part) Sevaganapalli, Kagganoor, Sokkarasanapalli, Singasadanapalli, Belathur, B ebebalapuram, Deveerapalli, Baliganapalli, Edipalli, Puram, B.S. Thimmasandiram, Vanamangalam, Kattinaickanduddi, Eluvappalli, Mahadevapuram, Suligunta, Beri gai, Amuthugondapalli, Mugalpalli, Vathirapalli, Al ur, Oddapalli, Alasapalli, Muthuganapalli, Thinnapalli, Bagalur, Kodiyalam, Kothapalli, Koosthanapalli, Sokkanathapuram, Egchangoor, Moorthyganadinna, Lingapuram, Battavarapalli, Mallasandiram, Thumanapalli, Koladasapuram, Nariganapuram, Seekkalapalli, Kurubarapalli, Advanapalli, Alenatham, Sudugondapalli, Pala vanapalli, Nandimangalam, Attur, Badathapalli, Nanj apuram, Kembasandiram, Kanimangalam, Zeemangalam, Na llur, Begepalli, Anumepali, Govinda Agraharam, Zuzuvadi, Santhapuram, Viswanathapuram, Eluvapalli, Mara sandiram, Kalasthipuram, Siddanapalli, Thattiganapalli, Karupalli, Peddamuthali, Muthalli, Attur, Dasepalli, Al ur, Peddakullu, Chinnakullu, Kelavarapalli, Punugandoddi, Avalapalli, Mookandapalli, Motham Agraharam, Koth agondapalli, Poonapalli, Naligabetta Agraharam, Chennat hur, Moranapalli, Gollapalli, Thorapalli Agraharam, Onnalvadi, Achettipalli, Nagondapalli, Muthuganapalli, Gopanapalli, Mugal ur and Panchakshipuram villages. Hosur (M) and Mathigiri (TP).",388
TAMIL NADU,KRISHNAGIRI,56,Thalli,,"Denkanikottai Taluk (Part) Komaranapalli, Belagundapalli, Kalugondapalli, Madagondapalli, Saragapalli, Kodi yalam, Anniyalam, Maruthanapalli, Kasi Agraharam, Thandarai, Jagirkarupalli, Nagappan Agraharam, Hosappur am, Kundumaranapalli, Bairamangalam, Bodichipalli, Pachappanatti, Jakkeri, Anekollu, Mallasandiram, Thogarai Agraharam, Devaganapalli, Periamadakondapalli, Kempatti, Sathanur, Ulimaranapalli, Gumlapuram, Un isenatham, Binnamangalam, Doddaubbanur, Kuppatti, Kakkadasam, Ulimangalam, Arasakuppam, Bethireddi, Bevanatham, Bettamugulalam, Hanumanthapuram, Rathinagiri, Sandanapalli, Noganoor, Thavarakarai, Gettur, Ballapalli, Sarandapalli, Daravendram, Thallikothanoor, Kottamaduvu, Arupalli, Thalli, Chudasandiram, Achubalu, Chikkaverapalli, Averipally Agraharam, Nallumaru Ag raharam, Kunchan Agraharam, Marupalli, Jawalagiri, Agalako tta, Settipalli, Palayamkotta, Karandapalli, Andevanapalli, Irudukotta, Belalam, Kolatti, Salivaram, Malligarjunadurgam, Madakkal, Nandimangalam, Thaggatti, Manchukondapalli, Kottaiyur, Urigam, Anchetty, Doddamanchi and Natrapalayam villages. Kelamangalam (TP) and Denkanikottai (TP).",388
TAMIL NADU,DHARMAPURI,57,Palacodu,,"Palacodu Taluk (Part) Panjapalli, Periyanur, Namandaha lli, Chinnagowndanahalli, Chudanur, Gummanur, Jittandaha lli, Mahendramangalam, Maravadi, Themmarayanahalli, Murukkalnatham, Bikkanahalli, Karukkanahalli, Velakalahalli, Jakkasamudram, Giddanahalli, Chikkadornabettam, Samanur, Bodikuttalapally, Athimutlu, Gendanahalli, Mar andahalli, Chennamenahalli, Chikkamarandhahalli, Sengabasuv antalar, P.Settighalli, Dandukaranahalli, Annamalai halli, Hanumanthapuram, Elumichanahalli, Mukkulam, Kum barahalli, Pachchiganapalli, Kerakodahalli, Karimangalam, Bommahalli, Nariyanahalli, Pulikkal, Kondachamanahalli, Ch ikkardanahalli, Jertalar, Karagadahalli, Palacode, Bolabhaguthanhalli, Kottumaranahalli, Naganampatty, Periyanahalli, Adilam, Dindal, Thellanahalli, Bandarahalli, Murukkampatti, Indamangalam, Molappanahalli, Poonathanahalli, Chennarayanahalli, Donnenahalli, Ba isuhalli, Kanavenahalli, Nallur, Budihalli, Belamaranaha lli, Thirumalvadi, Bevuhalli, Sirenahalli, Errakuttahalli, Boppidi, Erudukuttahalli, Erranahalli, Gujjarahalli, Upparahalli, Rengampatti and Sirandapuram villages. Marandahalli (TP), Kariamangalam (TP) and Palacodu (TP).",389
TAMIL NADU,DHARMAPURI,58,Pennagaram,,"Pennagaram Taluk Palacodu Taluk (Part) Settihalli, Papinayakanahalli, P. Gollahalli, Pulikkarai, Jagirburgur, Selliyampatti, Booganahalli, Sekkodi, Kalappanahalli, Begarahalli, Sitiganahalli, Guthalahalli, Kattanahalli, Karukkamaranhalli, Modugulahalli, Neralamarudahalli, Bathalahalli, Pothalahalli, Pumandahalli, Domalahalli and Mallikuttai villages.",389
TAMIL NADU,DHARMAPURI,59,Dharmapuri,,"Dharmapuri Taluk (Part) Mookkanahalli, Palavadi, Kadagathur, A.Reddihalli, Pappinaickanahalli, Adagapadi, Dhalavaihalli, Somenahalli, Pangunatham, Konangihalli, Ku mbalapadi, Nathathahalli, Thadangam, Virupatchipuram, A.Je ttihalli, Adiyamankottai, Balajangamanhalli, Nagarkoodal, Nekkundhi, Errabaiyanahalli, Echanahalli, Elagiri, Pagalahalli, Nallampalli, Laligam, M ademangalam, Dhinnahalli, Mittareddihalli, Budanahalli, Sivadi, Palayam, Dokkubodanahalli, Boalanahalli, Maniathahalli, Kammampatti, Thoppur, T.Kanigar ahalli, K. Thoppur (R.F.), Annasagaram and Vellegoundan Palayam villages. Dharmapuri (M).",389
TAMIL NADU,DHARMAPURI,60,Pappireddippatti,,"Dharmapuri Taluk (Part) K.Naduhalli, Nallanahalli, Konanginaickanahalli, Vellalapatti, Andihalli, Krishnapuram, Pulidik arai, Kondampatti, Kuppur, Haledharmapuri, Settikarai, Naickanahalli, Akkamanahalli, Mookanur, Vellolai, Ungar anhalli, Noolahalli, Mukkalnaickanahalli, Vathalamalai, Thippireddihalli, Veppilaimuthempatti, Kondagarahalli and Kukkalmalai villages. Pappireddippatti Taluk (Part) Maniyabadi, Singirihalli, Kerekodahalli, Chintalpadi, Linginaickenhalli, Bosinaickenhalli, Nallagudlahalli, Gedakarahally, Kadathur, Madat hahally, Buddireddipatti, Basuvapuram, Gurubarahalli, Thinnahalli, Balasamudram, Peddur, Sikkampatti, Gopiche ttipalayam, Papichettipatti, Annamalaipatty, Allalapatty, T enkaraikottai, Thurinjihalli, Rameyanahalli, Pethasamudram, Thadhanur, Obilinayakkanahalli, Thalanatham, Kettureddipatty, Mottankurichi, Sunkarahalli, Unisenahalli, Battalamalai, Regadahalli, Mekalanayakanahalli, Pappambadi, Pudupatti, Alapuram, Menasi, Pudinattam, Gundalamaduvu, Kadiripuram, Kumbarahalli, Bommidi, Vellalapatti, B.Pallipatti, Jangalahalli, Bairanatham, Devarajapalayam, Molayanur, Venkatesamudram, Kolimekkenur, Adigarapatty, Thadampatti, Kavandampatty, Mookkareddipatti, Irulapatty, A. Pallipatti, Naranapuram, Gopalapuram, Bothakkadu, Se mbiyanur, Ajjampatty and Kadaranampatty villages. Kadathur (TP), B.Mallapuram (TP) and Pappireddipatti (TP).",390
TAMIL NADU,DHARMAPURI,61,Harur,SC,"Harur Taluk Pappireddippatti Taluk (Part) Andipatty, Mangade, Kolagampatty, Nambippatti, Pethathampatti, Chinnankuppam, Annamalaihalli, Jammanahalli, Parayapatti, Devarajapalayam, Puludiyur, Kokkarapatty, Malagapadi, Sitteri , Vachathi, Erumiyampatty, Kombur, Chinnamanjavadi, Manjavadi, Kallattupatti, Nadupatti, Nonanganur, Elandaikutt apatty, Pattukonampatty, Nachikutti R.F., Ammapalayam and Kullampatty villages.",390
TAMIL NADU,TIRUVANNAMALAI,62,Chengam,SC,"Chengam Taluk (Part) Kuppanatham, Paramanandal, Theethandapattu, Valayempattu, Pudupattu, Alaput hur, Quilam, Anvarabath, Se.Nachipattu, Kayampattu, Chennasamudram, Pakkiripalayam, Arasankanni, Melchengam, Melchengam RF, Andanur, Melpulidiyur, Pe rumpattam, Manmalai, Kariyamangalam, Pinjur, Vedankuppam, Melpallipattu, Melvanakkambadi, Anandavadi RF, Anandavadi, Kattamaduvu, Naradapattu, Melravandavadi, Karimalaipadi, Andipatti, Thambunaickenpatti, Manandipatti, Porasapattu, Thalayuthu, Arattavadi, Ariyakunju, Sorppanandal, Melpennathur, Uchimalaikuppam, Vinnavanur, Pachal, Nallur, Kannakurukkai, Chinnakolapadi, Paliyapattu, Aswanagasurunai, Periakolapadi, Beemanandal, Melkaripur, Kolundampattu, Sathanur, Sat hanur Dam, Neepathurai, Vellalampatti, Elangunni, Kuruma patti, Kalladavi, Manikkal, Puliyampatti, Karungalipadipatti, Veppurchekkadi, Veeranam, Tharadapattu, Kanakkandal, Nedungavadi, Agaram (se), Perumbakkam, Seranthangal, Kilvanakkambadi, Thandarampattu, Keelravandavandi, Olagalapadi, Keelamanjanoor, Melamanjanoor, T. Velur, Se.Andapattu, Thanipadi, Chinniyampettai, Reddiapalayam, Malaiyanurchekkadi, Kilpachar, Melpachar, Mothakkal, Melmuthanur, Athipadi, Pudurc hekkadi, Jambodai, Bondai, Narayanakuppam, Appunaickanpalayam, Thiruvidathanur, Edathanur, Thenmudiyanur, Agar ampallipattu, Allappanur, Royandapuram, Puthurchekkadi, Beemarapatti, Melmalachi, Akkarapatti, Semmampatti, Pe runkolathur, Thondamanur, Sadakuppam, Unnamalaipalayam, Valavachanur, Kottaiyur, Palamarathur, Vannankuttai, Bandirev, Padapanjamarathur, Melsilambadi, Kilthatiyapattu, Melthathiyapattu, Puliyur, Urgoundanur, Kilaiyur, Erukampattu, Nellivoy, Athipattu, Perumuttam, Kallathur, Melpattu, Chinnakilpattu and Kilpattu villages. Chengam (TP).",390
TAMIL NADU,TIRUVANNAMALAI,63,Tiruvannamalai,,"Chengam Taluk (Part) Melsirupakkam, Kilsirupakkam, Radhapuram, Vakkilapattu, Serpapattu, Se.Gudalur, Varagu r, Kambattu, Vanapuram, Mazhuvampattu, Thenkarimbalur, Perunduraipattu, Kungilinatham, Perayampattu and Edakkal villages. Tiruvannamalai Taluk (Part) Su.Palliampattu, Malappambadi, Drugainammiyandal, Vengikkal, Adaiyur, Devanandal, Ayyam Palayam, Adiannamalai, Kosalai, Nochimalai, Vaniyanthangal, S.O.Kilnachipattu, Chinnakangeyanur, Sammandanur, Nallanpillaipettral, Pallikondapattu, Kilnathur, Melathikan, Kilanakkarai, Samuthiram, Anaipirandan, Athiyandel, Kaveriyampoondi, Pandithapattu, Kananthampoondi, Melchettipattu, Kilchettipattu , Nallavanpalayam, Sevalpundi, Melputtiyandal, Su.Kilnachi pattu, Nedupattu, Kannapandal, Alaganandal, Udaiyanandal, Thenmathur, Kilkachirapattu, Melkachirapattu, Arasudaiyampattu, Manjampundi, Viswanthangal, Meyyur, Nachanadal, Kolakkudi, Su.Andapttu, Aradapattu, Kattampundi, Pavupattu, Paraiyampattu, Nariyapattu, Sakkaratamadai, Talayampallam, Su. Pappambadi, Thatchampattu, Allikondapattu, Athipadi, Palaiyanur, Kandiyankuppam, Valaiyampakkam, Kallottu, Navambattu, Appupattu, Pavithiram, Periyakallapadi and Chinnakallapadi villages. Tiruvannamalai (M).",391
TAMIL NADU,TIRUVANNAMALAI,64,Kilpennathur,,"Tiruvannamalai Taluk (Part) Kilathur, Meppaturai, Siruk ilambadi, Mutharasampundi, Narthampoondi, Nellimedu, VadaPulithiyur, Agaramsippandhi, Nayadumangalam, Porkunam, Salaiyanur, Mallappanaicken palayam, Karkonam, Kovur, Kamalaputhur, Arpakkam, Budhamangalam, Vairaperiyankuppam, Vedandavadi, Mangalam, Palanandal, Velunganandal, Sorakolathur, Vada Karungalippadi, Maruthuvambadi, C. Andapattu, Devanampattu, Periyakilambadi, Udirampundi, Kattuputhur, Kolakkaravadi, Karunthuvambadi, Mallavadi, Sorandai, Koothala Vadi, V adakarimbalore, Medalampadi, Nookampadi, Randam, Ganalapadi, Kothantavadi, Erumpundi, Sevarapundi, Keekklur , Kathalampattu, Mekkalur, Valudalangunam, Kanapapuram, Kazhikulam, Oothampoondi, Namiyandal, Kalasthambadi, Thurinjapuram, Usambadi, Silappandal, Pichanandal, EnamKariyandal, Muniyandal, Velukanandal, Sadaianoodai, Sananandal, Thellanandal, Vallivagai, Vatraputhur, Iyngunam, Karnampoondi, Nariyamangalam, Kalpundi, Sirunathur, Somasipadi, So.Namiyandal, Kunniyandal, Kumarakudi, Aranji, Kalitheri, Sirukot han, Kadambai, Kunnankuppam, Rayampettai, Andalur, Manavaram, Karikilambadi, Kaniyampundi, Vedanatham, Kolathur, Kattumalaiyanur, Kattuvelanandal, Su.Polakonam, Kalingaleri, Sorpanandal, Kiranur, Arumbakkam, Velanandal, Neikuppam, Konalur, Nadazhakanandal, Sanipundi, Erpakkam, Z.Gudalur, Neivanatham, Avur, Vayalur, Ra janthangal, Iluppanthangal, NA.Gangupattu, Cheyyaleri, Sellamkuppam, Thandarai, Isukalikatteri, Kilkaripoor, Kallanai, Venniyandal, Olaipadi, Anukkumalai, Ponnamedu, Kalla yee, Sorathur, Vaippur, Agaram, Panniyur, Andampallam, Su.Nallur, Thiruvarangam Valavetti, Tirukalur Valave tti, Veraiyur, Nayarpattu, Thiruvanaimugam, Angunam, Ananandal, Su.Valavetti, Kalleri, Aruthirapattu, Perumanam, Devanur, Panaiyur, Porikkal, Kadagaman, Madur ampattu, Virudhuvilanginan, Kiliapattu, Kunnumuringi, V.Andapattu, Vengayavellore and Naraiyur villages. Kilpennathur (TP) and Vettavalam (TP).",392
TAMIL NADU,TIRUVANNAMALAI,65,Kalasapakkam,,"Polur Taluk (Part) Amirthi, Neepalampattu, Kalpattu, Irumbili, Kuppam, Kalkuppam, Vazhiyur, Kalasamudram, Ananthapuram, Kanamalai, Nammiyampattu , Mandaparai, Veerappanur, Pudupattu, Eriyur, Kilkanavayur, Puliyankuppam, Padavedu, Senbagathoppu, Seengadu, Kuttaka rai, Odamangalam, Kovilur, Pattarvaikadu, Thumbakkadu, Kidampalayam, Gengavaram, Melchippili, Erum aiyanur, Kilthatiyapattu, MelCholankuppam, Vadakarainammiyandal, Seenandal, Deverayanpalayam, Kandapalayam, Adamangalam, Kettavarampalayam, Sengaputheri, Mel Arani, Anaivady, Kappalur, Vanniyanur, Kachirim angalam, Mel Vilvarayanallur, Ernamangalam, Siruvallur, Arunagirimangalam, Gangalamahadevi, Nallanpillaipetra l, Veeralur, Mattavettu, Mel palur, Kil palur, Kadalady, ThenMathimangalam, Banampattu, Sholavaram, K ilpotharai, Thenagaram, Pazhan koil, Elathur, Priyampattu, Poondi, Pillur, Kalasapakkam, Then Pallipattu, Vinnuvampattu, Kalur, Pathiyavady, Kampattu, Aniyalai, Ladavaram, Genganallur, Alangaramangalam, Padagam, Seetampattu and Padiyamputtu villages. Chengam Taluk (Part) Veeranandal, Munnuramangalam, Pudurchengam, Unnamalaipalayam, Karapattu , Pudupattu, Korattambattu, Kanji, Aridharimangalam, Tham araipakkam, Nayampadi, Mashar, Kallarapadi, Endal, Nammiyandal, Alathur, Oravandavadi, Nandimangalam, P anaiolaipadi, Periyeri, Kottakulam, Muthanur, Thorapadi, Narasinganallur, Padiagraharam, Alliyandal, Japthi kariyandal, Gengampattu, Kilpadur, Voividanthangal, Melpadur, Kulalpadi, Nathavadi, Vadamathur, Melnachipattu, Senthamangalam, Annandal, Melapunjai, Vasudevampattu, Eraiyur and Melmudiyanur villages. Pudupalayam (TP).",392
TAMIL NADU,TIRUVANNAMALAI,66,Polur,,"Vandavasi Taluk (Part) Melanur, Soodrakatteri, An marudai, Avaniyapuram, Mel Sathamangalam, Nariyambadi, Vinayagapuram, Konaiyur, Gengapuram, Kozhappalur, Imapur am, Narayanamangalam, Marakkunam, Alliyandal, Mahadevimangalam, Melpalayam, Thavani, Thellarampattu, Namathodu, Semmambadi, Anadimangalam, Konamangalam, Mela Poondi, Visamangalam, Melathangal, Jagannathapuram, Arasampattu, Nedungunam, Then Kadapanthangal, Peranambakkam, Morakkaniyanur, MelVillivalam, Veppambattu and MelNandiyambadi villages. Polur Taluk (Part) Thulavapushpagiri, Vellore, Sedar ampattu, Parvathiagaram, Alliyabath, Eluppagunam, Narayanamangalam, Kangiranandal, Pushpagiri, Thurunchikuppam, Vilankuppam, Kalvasal, Muniyanthangal, Sandavasal, Kasthambady, Enthuvambadi, Mukkurambai, K ilpattu, Vadamathimangalam, Theppanandal, Chitteri, Kelur, Athuvambadi, Kattipoondy, Palvarthuvendran, Ettivady, Alampoondy, Othiyanthangal, Rayankuppam, Gudalur, Saduperipalayam, Saduperi, Madavilagam, Jambukonampattu, Ariyathur, Thirumalai, Sengunam, Potharai, Periyagaram, Athi moor, Kaliyam, Tindivanam, Renderipattu, Kunnathur, Mur ugapady, Ogur, Karikathur, Kilkarikathur, Vambalor e, Oothur, Othalavady, Veerasambanur, Modanapalayam, Thumbur, Indravanam, Appedu, Ulagampattu, Kothandavady, Kolakkaravady, Narasingapuram, Modaiyur, O danagaram, Arumbalore, Manickavalli, Mandakolathur, Eyakolathur, Venmani, Pappampady, Mampattu, Ezhuvambadi, Jadatharikuppam, Somanthaputhur, Edapirai, Th iruchur, Padiyampattu, Su.Nammiyanthal , Kangayanoor, Pudupalayam, Vasur, Sanikkavady, Karapoondy, Puliv anandal, Otteri, Mattapirayur, Kozhavur, Koralpakkam, C hothukkani, Semmiyamangalam, Alliyalmangalam, Athurai, Thatchampadi, Nambedu, Devimangalam, Cheyyanandal, Chithathurai, Peranambakkam, Randam, Vilapakkam, Pelasur, Kuruvimalai, Mansurabad, Se verapoondi, Edayankulathur, Maruthuvambady and Gangasoodamani villages. Kalambur (TP), Polur (TP) and Chetpet (TP).",393
TAMIL NADU,TIRUVANNAMALAI,67,Arani,,"Arani Taluk Cheyyar Taluk (Part) Kaduganur, Melnagarambedu, Melmattai, Vinnamangalam, Agatheripattu, Maligaipattu, Me lkovalaivedu, Valleripattu, Pudukottai, Navalpakkam, Korukkathur, Munugapattu, Mel Seeshamangalam, Thirumani, Me lputhur, Devanathur and Pillanthi villages.",394
TAMIL NADU,TIRUVANNAMALAI,68,Cheyyar,,"Cheyyar Taluk (Part) Ariyur, Panamugai, Brahmadesam, Seevaram, Sirunavalpattu, Vadailuppai, Cheyyanur, Vengalathur, Umaiyalpuram, Arasankuppam, Chettithangal, Ozhukkavakkam, Thalikkal, Vellakulam, Thirupanangadu, Vembakkam, Kuthanur, Natte ri, Sunaipattu, Pulivalam, Poonthandalam, Sattuvanthangal, Munjurpattu, Siruvanjipattu, Irumaram, Randam, Nayanthangal, Thennampattu, Thandappanthangal R.F., Azhividaithangi, Seleri, Thiruppanamur, Pillanthangal, Namandi, VadaMavanthal, Abdullapuram, Kuranganilmuttam, Pallavaram, Kanikiluppai, Seniyanallur, Kundiyanthandalam, Suruttal, Poonaithangal, Menallur, Girijapuram, Kizhnaickenpalayam, Vadakalpakkam, Vazhavandal, Mamandur, Hariharapakkam, Thir uvadirayapuram, Kilnelli, Karandai, Sumangali, Alanthangal, Kodayambakkam, Perungattur, Perumanthangal, Thandappanthangal, Vedamanapakkam, Melbooderi, Moranam, Talarapadi, Pulinthai, Pullavakkam, Kammanthangal, Pootheri, Arathirivellur, Hasanampetta i, Thenkalani, Kunnathur, Kaganam, Chithathur, Kanagam bakkam, Perumpulimedu, Chellaperumpulimedu, Alinjalpattu, Narasamangalam, Mathur, Sodiyambakkam, Bagavandapuram, Elacheri, Sithalapakkam, Vayalathur, Arasanipalai, Punnai, Dharmacheri, Pavoor, Ukkamperumbakkam, Mangal, Mahajanambakkam, Kunnavakkam, Cholavaram, Karanai, Pandiyambakkam, Palli, Mangalam, Vadapoondipattu, Mariyanallur, Perumpoondi, Nedumparai, Jaderi, Thenpoondipattu, Barathanthangal, Ramakrishnapuram, Sirungattur, Arumparuthi, E ndavadi, Sengattankundil, Pappanthangal, Duli, Periakoil, Vinnavadi, Perungalathur, Thumbai, Vadaelapakkam, Vadagampattu, Madipakkam, Edaval, Akkur, Koolamandal, Ukkal, Nemili, Sirunallur, Pudupalayam, Kil Nethapakkam, Siruvelianalloore, Velianallore, Kaliyur, Puliyarambakkam, Kilpudupakkam, Painkinar, Vadathandalam, Ar ugavoor, Perumpallam, Sundivakkam, Thandarai, Murukkathampoondi, Vadugapattu, Serampattu, Thozhupedu, Eraiyur, Kilathur, Cheyyatraivendran, Vellai, Kilma ttai, Anakkavoor, Anapathur, Vada Alapirandan, Athi, Elaneer kundram, Kilneerkundram, Nedungal, Thethurai, Kurumbur, Narmapallam, Kilkolathur, Erumaivetti, Thenthandalam, Pe rumpalai, Vilaripattu, Thavasi, Nelvoy, Parasur, Madurai, Mukkur, Korukkai, Kizhapalanthai, Vakkadai, Kazhanipakkam, Naval, Irungal, Mulagiripattu, Then Mavandal, Ch ithamur, Arasur, Purisai, Thenilluppai, Veerambakkam, Me lma, Ayyavadi, Vachanur, Melnarma, Soundariyapuram, Vadanangur, Thirumpoondi, Nallalam, Kovilur, Sengadu, Mel Kolathur, Vada Thinallur, Mel Nemili, Kottagaram, Pazhanj ur, Echur, Thenelapakkam, Thenkalpakkam, Paiyur, Alat hurai, Alathur and Venkodu villages. Dusi (CT) and Tiruvethipuram (M).",394
TAMIL NADU,TIRUVANNAMALAI,69,Vandavasi,SC,"Vandavasi Taluk (Part) Cholavaram, Nambedu, Anaibogi , Vilanallur, Ayalavadi, Kilkovalaivedu, Sethupattu, Thellur, Pulivai, Thennangur, Karam, Kosapattu, Ozhapakkam, Ariyathur, Vilangadu, Irumbedu, Kovalai, Kilnarma, Kilpakkam, Sathanoor, Koilkuppam, Vazhur, Vizhuthupattu, Thazhuthazhy, Salukkai, Thazhampallam, Vengunam, Mummuni, Karanai, Thensenthamangalam, Erumbur, Thenalapiranthan, MelSembedu, Urgudi, Vallam, Vadugamangalam, Septankulam, Ariyapadi, Injimedu, Chandirambadi, Kattamangalam, Mosavadi, Thadinolambai, Kothandapuram, Thenkkarai, Vada Vanakkambadi, Melpathi, Thakkandarayapuram, Arasur, Ma mpattu, Kilsathamangalam, Pathiri, Sennavaram, Bir udur, Manganallur, Agaram, MelKodungalur, KilKodungalur, Kavedu, Ulundai, Salavedu, Mangalam, Mamandur, Marudhadu, Kodanallur, Sedarakuppam, Sembur, llangadu, Avanavadi, Vengaram, KilVelliyur, Kadambai, Mazhiy ur, Endal, Manickkamangalam, Reddikuppam, Ragunathasamudram, Kozhipuliyur, Kalyanapuram, Aliyur, Solaiarugavur, Singampoondi, Kandavaratti, Koothampattu, P onnur, Nalleri, Jammampattu, Nadukuppam, Eripattu, Athipakkam, Navalpakkam, KilVillivalam, Mazhuvankaranai, Punnai, Kottai, Veliampakkam, KilSeeshamangalam , Garudapuram, Seeyalam, Ammanampakkam, Badur, Adiyanoor, Adiyankuppam, Osur, Nelliankulam, Sri Rangarajapuram, Kandiyanallur, Ramasamudr am, Sogathur, Embalam, ThenVanakkambadi, Japthikaranai , Soraputhur, KilPuthur, Tirakoil, Sathapoondi, Perunkadaputhur, Ariyampoondi, Madam, Isakolathur, Kottupakkam, Melacheri, Nalladisenai, Thennathur, Seeyamangalam, T henthinnalur, Sivanam, Pappanallur, Thellar, Meesanallur, Nallur, Eramalur, Mudur, Kavaniyathur, Kalpattu Nainankuppam, Eyppakkam, Venmandai, KilSembedu, Am udur, Padur, Theyyar, Kodiyalam, Gudalur, Koot havedu, Agarakorakottai, Goonambadi, Pancharai, Achamangalam, Chitharugavoor, Kizhangunam, Gengampoondi, Ar unthodu, Vayaloor, Poongunam, Vadakkupattu, Mahamay i Thirumani, Vedal, Kunnagampundi, Nerkunam, Kilnamandi, Korakkottai, Senal, Pennattagaram, Irumbili, Pazhav eri, Su.Katteri, Arungunam, Mavalavadi and Sathiyavadi villages. Peranamallur (TP), Vandavasi (M) and Desur (TP).",395
TAMIL NADU,VILUPPURAM,70,Gingee,,"Gingee Taluk (Part) Edapattu, Vailamur (Mel), T eppirampattu, Nandipuram, Paruttipuram, Periyanolam bai, Pinnanur, Kammantangal, Devandavadi, Kaividantangal, Modipattu, Peruvalur, Marakonam, MelNemili, Chinnanolambai, Eyyal, Mel Sevalambadi, Unnamanandal, Naranamangalam, Talankunram, Paraiyanpattu, Kappalambadi, Kottaipoondi, Sangilikkuppam, Paraiyantangal, Palampoondi, Sindagampoondi, Kilavampoondi, Kuduvampoondi, Pappantangal, Chokkapalam, Sevalambadi (Kil), Mel Karanai, Vadavetti, Arukkampoondi, Sathambadi, Sirudalaipoondi, Kodukankuppam, Sindipattu, Nochaloor, Kundalampattu, Kodambadi, Vaduganpoondi, Kadapanandal, Avalurpet, Kovilporaiyur, Tayanu r, Mel Malaiyanur, Valathi, Devanur, Gangapuram, Chitteri, Samathankuppam, Annamangalam, Sathanandal, Kannalam, Sattaputhur, Melmambattu, Torappadi, Siyappundi, Manandal, Puduppattu (Mel.), Vadapalai, Eyyakunnam , Embalam, Turinjippundi, Mannur (Mel.), Porkunam, Kadali, Mavanandal, Vanakkambadi, Melacheri, Seval apurai, Siruvadi R.F., Alampundi, Tenpalai, Chokkanandal, Kalathambattu, Melarangunam, Melathipattu, Kuzhapalur, Pappambadi (Mel), Semmedu, Viramanallur, Satyamangalam, Nayampadi, Bharatantangal, Pasumalaitangal, Perungappur, Muttakadu R.F., Singavaram, Uranitangal, An jancheri, Idayalam (Mel), Ponpatti, Jayankondan, Narasingarayanpettai, Konai, Sennalur, Odiyathur, Chinnaponnampundi, Manalapadi, Periyamur, Devadanampettai, Sorattupperiyankuppam, Pullipattu, Pudupalayam, Pakkam, Pettai (Gingee), Puttagaram, Kamagaram, Tadanguppam, Kattuchittamur, Madappundi, Kanjur, Nagalampattu, Nallampillaipetral, Uliyampattu, Settavarai, Tadagam, Pothuvoy,Palavalam, Malarasankuppam, Malavantangal, Gangavaram, Kanakkankuppam, Tandavasamudram, Padippallam, Tachchampattu, Attiyur, Sittampundi, Sirunampundi, Appampattu, Kavarai, Kadaga mpundi, Minamur, Jambodi, Kommedu, Tenpuduppattu, Mavattam badi, Palappattu, Karai R.F., Karai, Varikkal, Melarungunam, Mullur, Tandavasamudram R.F., Tuttipattu, Ponnankuppam, Konalur, Anaiyeri, Pulivandi, Ma tturTirukkai, Oddambattu, Thiruvadikunnam and Mattaparai villages. Gingee (TP) and Ananthapuram (TP).",396
TAMIL NADU,VILUPPURAM,71,Mailam,,"Gingee Taluk (Part) Udaiyantangal, Kallapuliyur, Irumbuli, Kandamanallur, Cholangunam, Perumpundi, Dam anur, Buderi, Tondur, Chinnagaram, Pennagar, Sandisakshi, Mahadevimangalam, Illodu, Karunguli, Eachur, Mu kkunam, Melolakkur, Viranamur, Neerperuthagaram, Ethanemili, Mela thipakkam, Edaimalai, Bondai, Agalur, Neganur, Kari yamangalam, Chellapiratti, Kalavay (Mel), Perum pugai, Anathur, Virpattu, Seturayanallur, Puttur (Vada), Anangur, Aviyur, Nangiyanandal, Arugavur, Pallikulam, Kuttapakkam (Mel), Indirasankuppam, Chittamur (Me l), Melathur, Panappakkam, Nattarmangalam, Koravanandal, Kalaiyur, Kadambur, Servilagam, Vadavanur, Nangilikondan, Rajampuliyur, Kurinjipai, Tuduppakkam, Moda iyur, Vallam, Maruderi, Kongarappattu, Sevur (Mel), K ilaiyur, Maniyampattu ,Kammandur, Taiyur, Sorattu r, Pappambadi (Kil), Vadataram, Kilmambattu, Thiruv ambattu, Kappai, Kallalipattu, Dalavanur, Vilvamadevi, Erram battu, Anilady, Vowalkunram, Koodaloor (Mel), Kizh Vailamur, Kalladikuppam, Marur, Nagandur, Dalavalappattu, TenPuthur , Perampattu and Amur villages. Tindivanam Taluk (Part) Mambakkam, Sembakkam, Konalur , Siviri (Mel), Attipakkam, Neduntondi, Vellimedupettai, Puttanandal, Dadapuram, Singanikuppam, Kilmalayanur, Meladhanur, Ammanambakkam, Vairapuram, Tengapakkam, Purangarai, Kilkaranai, Evalur, Sattanur, Sitteripattu, Melpakkam, Neykuppi, Pulaiyur, Kodiam, Kilmavilangai, Mel Mavilangai, Nagavaram, Siruvalur North, T aniyal, Puliyanur, Kalpakkam, Kirandipuram, Vadampundi, Perapar i, Karuvapakkam, Ural, Pattanam, T. Panchalam, Mel Palakuppam, Venmaniyathur, Kattusiviri, Pampundi, Naduvanandal, Mannampoondi, Ilamangalam, Vilukkam, Deevanur, Agoor, Mel Peradikuppam, Salai, Kollar, Vempundi, Nettiyur, Peramandur, Asur, Vengandur, Rettanai, Avayakuppam, Muppuli, Kodima, Padamangalam, T. Kenipattu, Nallamur, Kolliyankunam, Chinnanerkunam, Kutteripattu, Chinnavalavanur, Soliasokkulam, Alagrammam, Nedumozhianur, Senjikothamangal am, V. Nallalam, V. Panchalam, Sendiyampakkam, Chendur, Velangampadi, Mailam, Thenkulapakkam, Taludali, Kanniyam, Tennalapakkam, Kuralur, Padira puliyur, Palapattu, Perani, Periathatchur, Chittani, Ezhaoi , Athikuppam, Anganikuppam, Vidur, Konamangalam, Ganapathipattu and Kadur (S) villages.",397
TAMIL NADU,VILUPPURAM,72,Tindivanam,SC,"Tindivanam Taluk (Part) Koochikolathur, Padiri, Kam bur, Karikambattu, Ongur, Annambakkam, Kattupunjai, Vada Kalavoi, Kadavambakkam, Avanipur, Panaiyur, Pangalathur, Nangunam, Nallathur, Saram, Salavadi, Melpettai, Vittalapuram, Kilgudalur, Ichcheri, Nolambur, Mangalam, Kiladanur, Pallipakkam, Eppakkam, Andapattu, Kilpasar , Atchipakkam, Naramagani, Sendamangalam, Nallur, Pantodu, Nagalpakkam, Rayanallur, Nagar, Asappur, Kuramparam R.F., Kandadu, Vada Agaram, Pudupakkam, Kurumparam, Al athur, Vada Kodipakkam, Siruvadi, Vaidapakkam, Vada Nerkunam, Kilnemili, Vandarampundi, Keezh mannur, Karu ppur, Kilsevur, Kilsevur R.F., Kattalai, Endiyur, Attu r, Vada kulapakkam, Manur, Molasur, Guruvammapettai, Janakipettai, Perumukkal, Kilarungunam, Kulapakkam (Vada), Senalur, Keel Buderi, Kunnappakkam, Tennampundi, Mandaperumpakkam, Madavantangal, Endur, Kurur, Vepperi, Murukeri, Kulathur, Nadukuppam, Kesavanayakkampalayam, Tirukanur, Urani, Alapakkam, Atchikadu, Panicham edu, Kilpettai, Anumandai, Omipper, Adasal, Adavallikuttam, Sattamangalam, Singanandai, Alanguppam, Manoor, Vanniper, Bramaddesam, Ariyantangal, Chokkantangal, Nalmukkal, Alagaipakkam, T. Nellalam, Kilsiviri, Palamukkal, Elavalapakkam, Then Nerkunam, Kovadi, Ommandur, Annamputhur, Varagapattu, Iraiyanur, Karanavur, Jaggampettai, Singanur, Then Pasiyar, Avanampattu, Then Kalavay, Vengai, Kilsithamur, Sorapattu, Seyyankuppam, Chettikuppam, Koonimedu, Ariyankuppam, Veliyanur, Kallakolathur, KilPeradikuppam, Kiledayalam, Kilpudupattu, Olakkur Kilpadi and Olakkur Melpadi villages. Tindivanam (M) and Marakkanam (TP).",398
TAMIL NADU,VILUPPURAM,73,Vanur,SC,"Vanur Taluk Viluppuram Taluk (Part) Kodukkur, Chittalambattu, Tirumangalam, Muttarampattu, Kaliingamalai, Valudavur, Pakkiripalayam, Nerkunam, Kurampalaiyam, Vadanur, Mathur, Seshanganur, Kalittirambattu, Ammanankuppam, Periyababusamudram, Chinnababusamudram, Pallittennal, Navamalkapper, Kandamangalam, Aazhiyur, Palli neliyanur, Kotthampakkam, Pallicherry, Pallippuduppattu, Mitta Mandagappattu, Navamal Marudur, Kondur, Chokkambattu, Mettupalaiyam, Kongambattu, Sorappur, Viranam, Pakkam, Krishnapuram, Rampakkam, Sornavur (Kilp adi), Sornavur (Melpadi), Kalanjukuppam and Perichchambakkam villages.",398
TAMIL NADU,VILUPPURAM,74,Viluppuram,,"Viluppuram Taluk (Part) Ayyankovilpattu, Kakuppam, Poyyapakkam, Madirimangalam, Sengadu, Vaduganathankuppam, Melpadi, Maharajapuram, Erumanthangal, Salaiagaram, Koliyanur, Kallappattu, Peddureddikuppam, Illangadu, V.Pudur, Mudaliyarkuppam, Kumulam, Manakkuppam, Malarajamkuppam, Kudumiyankuppam, Naraiyur, Pananguppam, Todandanur, Panampattu, V. Marudur, Puntottam, Nannadu, Vedambattu, Perumbakkam, Konur, Teli, Venmaniyathur, Kottammangalam, Venkatesapuram, Sattipattu, Orukodi, Tokav adi, Kondangi, Valudureddi, Salamedu, Anangur, Nannattampal aiyam, Malavarayanur, Salayampalayam (East), Gangarampalaiyam, Arpisampalaiyam, Vengatadriagar am, Pillur, Kavanippakkam, Kulathur, Kandamanadi, Kandambakkam, Kappur, Maragathapuram, Kandiyamadai , Pedagam, Ariyalur (Villupuram), Chittatur (Tiru kkai), Athiyur (Tiruvadi), Veliyambakkam, Kongarakondan, Dalavanur (Tiruvadi), Tiruppachchanur, Serndanur, P anchamadevi, Siruvandadu, Mokshakulam, Parasureddipalaiyam, Puvarasamkuppam, Arasamangalam, Then Kuchipalaiyam, Kallippattu and Vadavambalam villages. Viluppuram (M) and Valavanur (TP).",399
TAMIL NADU,VILUPPURAM,75,Vikravandi,,"Viluppuram Taluk (Part) Nallapalayam, Kadayam, Karuvakshi, Chennappanayakkanpalayam, Panamalai, Sangitamanagalam, Nangathur, Na gar, Senjipudur, Senji kunnathur, Thirunandipuram, Pidaripattu, Ennayiram, Brahmadesam, S. Kolapakkam, Muttatur, Salavanur, Vellayaimbattu, Kulirsunai, Udaiyanatham, Vengamur, Hanumanthapuram, Thirukkunam, Anniyur, Perunkalapundi, Kannandal, Kaliyanampundi, Arasalapuram, Mandagapattu, Echchanguppam, Esalam, Tenpair, Nandivadi, Nemur, Melkaranai, Porur, Attiyur Thir ukkai, Velleripattu, Sitheri, Elusembon, Koralur, Vengayakuppam, Narasinganur, Chinnatachachur, Konkarambundi, Salai (Vikravandi), Kuttampundi, Melkondai, Asur, Vembi, Kanjanur, Veliyandal, Pundi, Olagalampundi, Pungunam, Kundalappuliyur, Kunnathur Thangal (I), Siruva lai, Semmedu, Kakkanur, Ariyalur Thirukkai , Vi ramur, Arumbuli, Adanur, Kasbakaranai, Thumbur, Kottiyampundi, Sattanur, Avadaiyarpattu, Reddikuppam, Pillaiyarkuppam, Kayattur, Vettukkadu, Toravi, Panappakka m, Pappanapattu, Orathur, Surappattu, Valappattu, Kedar, Palliyandur, Kolippattu, Malligappattu, Kangiyanur, Agaram Chittamur, Vengandur, Asarakuppam, Cholaganur, Tennamadevi, Ayyur Agaram, Mundiyambakkam, Panaiyapuram, Radhapuram, Maduraipakkam, Seyyaduvinnan, Siruvallikuppam, Kappiyampuliyur, Vada Kuchchippalaiyam, Thiruvamattur, Cholampundi, Ariyur, Kuppam, Mambalapattu, Kalpattu, Siruvakkur, Karingalippattu, K anai, Vailamur, Idappalaiyam, Alathur, Virattikuppam, V illupuram, Vakkur, Pagandai, Tennavarayanbattu and Mungilpattu villages. Vikravandi (TP).",399
TAMIL NADU,VILUPPURAM,76,Tirukkoyilur,,"Tirukkoyilur Taluk (Part) T. Athipakkam, Kodukkapattu, Velakulam, Vasanthkrishnapuram, Adhichanur, Veerapandi, Puzhikal, Kallandal, Arunapuram, Oddampattu, Thandarai, Adukkam, Thruinjikadu RF, Veerangapuram, Kandachipuram, Melvazhai, Kilvazhai, Othiyat hur, Oduvankuppam, Sithathur, Sengamedu, Madavilagam, Pudupalaiyam, Vedalam, Appanandal, Pulrampattu, Thirumalaipattu, Vellamputhur, Arasankuppam, Nayanur, Kottamarudur, Alur Kolapakkam, Sadaikatti, Nedungampattu, Kol undriampattu, Sorayapattu, Kottagam, Kalumalam, Vizhandai, Agastiyarmoolai, Kuladeepamangalam, Kudamurutti, Manampoondi, Devanur, Vadagaraithayanur, Kollur, A ndili, Nerkunam, Emapper, Arumalai, Melakondur, V.Pu thur, Kadaganur, Kingilivadai, V.Chithamur, Thanikelampattu, Alambadi, Sathiyakandanur, Kasbakaranai, Perichanur, Si theripattu, Sennakunam, A. Gudalur, Ayandur, Kodungal, Mugaiyur, Paranur, Keelakondur, Athandamarudur, Vadakkunemili, Aviyur, Deviagaram, Kolapakkam (Aviyu r), Mudalur, Vadamarudur, Sithalingamadam, C. Meyyur, Veerashozhapuram, Arcadu, Arulavadi, Kongarayanur, Paiyur, Andarayanur, T.Pudupalayam, Veeranampattu, Kodiyur, T. Kunnathur, Elrampattu, Kattupaiyur, Vadamalaiyanur, Villivalam, Arungurukkai, T. Konalavadi, Pennaivalam, Akkanur, Pavandur, Panapakkam, Elandurai, Manakkuppam, T.Edaiyur, Chinnasevlai, T. Mazhavarayanur, Siruvanur, Sirumadurai, Marangiyur, Enathimangalam, Eralur, Valaiyampattu, Melamangalam, Semmar, T. Sathanur, Emappur, Malaiyampattu and Thaduthatkondur villages. Arakandanallur (TP), Tirukkoyilur (TP) and Thiruvennainallur (TP).",400
TAMIL NADU,VILUPPURAM,77,Ulundurpettai,,Ulundurpettai Taluk,401
TAMIL NADU,VILUPPURAM,78,Rishivandiyam,,"Tirukkoyilur Taluk (Part) Melendal, Kangaiyanur, Pallichchandal, Jambai, Athiyandal, Murukkambadi, Konganamur, Devaradiarkuppam, Sellankuppam, Chithapattinam, S angiyam, Ja. Sithamur, Koovanur, Melaripattu, Arumbappakkam, Keelathayanur, Melathayanur, Kanakanandal, T.K eeranur, Karadi, Poomari, Mudianur, Thagadi, Edaiyur, Aruthangudi, Madampoondi, Irumbalakkurichi, Deviyandal, Nariyandal, Tirupalapandal, Thurinjipattu, Nedumudaiyan, Thanakanandal, Vinmar, Eravalam, Periyanur, Veng ur, Ariyur, Thimmachur, Sivanarthangal, Kolaparai, Paradapattu, Swamimalai RF, Padiyandal, Po.Meyyur, P onniyandal, Komalur, Panapadi, Konnakkalavadi, Thathanur, Sholavandipuram, Senganankollai, Memalur, Kadiya r, Palangur, Alur, Mohalar and Kachikkuvachan villages. Manalurpet (TP). Sankarapuram Taluk (Part) Lakkinayakkanpatti, Pavunjipa ttu, Manalur, Vadakeeranur, Ulagalappadi, Melsiruvalur, Moongilthuraippattu, Poruvalur, Erudayampattu, Mangalam, Adanur, Porasapattu, Suthamalai, Arkkavadi, Sripadanallur, Jambadai, Tiruvarangam, Kallippadi, Maniyandal, Sirupanaiyur, Sirpanandal, Arumbarambattu, Vadamamandur, Arulambadi, Vadaponparappi, Rayasamudram, Bramakundam, Ravathanallur, Puduppattu, Rangappanur, Pakkam, Tholuvanthangal, Kanankadu, Periakolliyur, Chinnakolliyur, Eduthanur, Kadambur, Odiyanthal, Vanapuram, Nagalkudi, Athiyur, Kaduvanur, Ariyalur, Endal, Marur, La-Gudalur, Aviriyur, Porppalampattu, Yal, Periyapagandai, Maiyanur, Melapalangur, Noorolai, Kilp adi, Pasar, Munivalai, Pirividayampattu, Aliapat h, Mandagappadi, Muttiyam, Vengalam, Pavandur, Sathaputhur, Peral, Chithal, Chitherippattu, Palayasiruvangur, Soolankurichi, Pallippattu, Velanandal, Peelamedu, Rishivandiyam, Kalaiyanallur and Pallagachcheri villages.",401
TAMIL NADU,VILUPPURAM,79,Sankarapuram,,"Sankarapuram Taluk (Part) Gudaram, Alannur, Kurmbalur, Moolakkadu, Vazhakuli, Vanjikkuli (P), Sirukkalur (P), Serapattu, Perumanatham (P), Kilakkadu (P), Kalliparai, Vilvathi, Pacheri, Perumbur, Purthirampattu, Mookkanur, Sivapuram, Ulagudaiyambattu, Sittanthangal, Urangani, Poottai, Poottai RF, Arasambattu, Pudupalapattu, Vellarikkadu, Vengodu (P), Keelnilavur, Melnilavur, Aravankadu, Maniyar palayam (P), Keelathukkuli, Melathukkuli, Innadu (P), Erukka mbattu (P), Pannipadi (P), Kallipattu, Kosappadi, Sembarampa ttu (P), Thyagarajapuram, Soundaravallipalayam, Devapandalam, Agraharapandalam, Kulathur, Varagur, Arasarambattu, Viriyur, Sellakkakuppam, Timmanandal, Arur, Kidangudaiyambattu, Vadasiruvalur, Poykkunam, Karuvelampadi(P), Nochchimedu (P), Mavadipattu, Kariyalur(P), Mozhipattu, Vellimalai, Vezhappadi, Kondiyanatham, Se shasamudram, Nedumanur, Cholampattu, Vadachetti yandal, Ramarajapuram, Manjaputhur, Valaiyampath, Palaiyanur, Kallerikuppam, Keelapattu, Melapattu, Paramanatham, Murarbad, Malliampadi, Kandikkal, Mo . Vannanjur, Arampundi(P), Uppur (P), Erukkambattu, Vandagappadi (P), Thoradipattu(P), Mundiyur, Po ttiyam (P), Tirukkanangur, Ponbarapattu, Alathur, Agarakotta lam, Anaikkaraikkottalam, Thandalai, Vaniyanthal, Ar iyaperumanur, Vannanjur, Somandarkudi, Mohur, Alambalam (Kallakurichi), Sembadakurichi, Naranampattu (P), (Mel) Pacheri, Ezhuthur, Thorangur, Mallapuram and Varam (P) villages. Sankarapuram (TP) Kallakkurichi Taluk (Part) Sellampattu, Karadichittur, Manmalai, Eduthavoinatham, Parigam, Mathur, Palrampattu, Thavadippattu, Madavachcheri, Eruvaipatt anam, Kadathur, Padarampallam (I), Thengiyanatham, Thagarai, Paithanthurai, Eliyathur, Thottiyam, Thenchettiyandal, Kallanatham, Timmapuram, Pandiyankuppam, Maravanatham and Vettiperumalagaram villages. Vadakkanandal (TP) and Chinnasalem (TP).",401
TAMIL NADU,VILUPPURAM,80,Kallakurichi,SC,"Kallakurichi Taluk (Part) Anthiyur, Kunniyur, Melvizhi, Thennerikuppam, Thimmalai, Vadathorasalur, Siruvangur, Ka. Mamanandal, Sadaiyampattu, Mattigaikurich i, Nallathur, Kudiraichandal, Karanur, Peruvangur, Neelamangalam, Madur, Veeracholapuram, Pridiv imangalam, Vilakkur, Chinnamampattu, Valavandankuppam, Sirunagalur, Poraiyur, Siruval, Thiyagai, Chithalur, Virugavur, Mudiyanur, Madam, Kurur, Niraimathi, Thenkir anur, Thachur, Ulagamkathan, Namasivayapuram, Bangaram, Indili, Porpadakurichi, Vilambar, Malaikottalam, Kanangur , Porasakurichi, Nagalur, Vadapoondi, Vengaivadi, Kudiyanallur, Somanathapuram, Ninnaiyur, Kottaiyur, Chi ttathur, Gurupeedapuram, Koondalur, Kachakudi, Eranji, Koothakudi, Udaiyanachi, Konagarayapalaiyam, Kandachi mangalam, Varanjaram, Velakurichi, Chitteri, Sa thanur (P), Vanavaretti, Thenthorasalur, Kattananthal, Lachiyam, Eravar, Melur, Kilpoondi, Vinaitheerthapuram, Kaniyamur, Moongilpadi, Elavadi, Poosappadi, Thenponparappi, Melnariyappanur, Rayappanur, A. Vasudevanur, Ammaiyagaram, Poondi, Thottapadi, Rayarpalayam, Pethanur, Siruvathur, Varadappanur, Pukkiravari, Sirumangalam, Kilnariyappanur, Ogaiyur, Eyyanur, Asakalat hur, Magarur, Perumangalam, Nallasevipuram, Eriyur, Karunguli, Ammakalathur, Ulagiyanallur, Nattarmangalam, Thensiruvalur, Esandai, Nainarpalaiyam, Pethasam udram, Thathathiripuram, Kalasamudram, Thagamtheert hapuram, Kural, Alambalam (Vridhachalam), V.Krishnapuram, Kilkuppam, Anumanandal, Sembakurichi, Karunthalakurichi, Virabayankaram, Pakkampadi, Koogaiyur and V. Mamandur villages. Thiagadurgam (TP) and Kallakkurichi (TP).",402
TAMIL NADU,SALEM,81,Gangavalli,SC,"Gangavalli Taluk Attur Taluk (Part) Unathur, Veppanatham, Varagur, Siruvachur, Maniviluthan, Kattukkottai, Sadasivapuram, Sarvoy, Deviakkurichi, Talaivasal, Pattuthurai, Navakku rchi, Puthur, Nathakkarai, Periyeri, Aragalur, Thiyaganur, Arathi Agraharam, Mummudi, Kamakkapalayam, Vadakumarai, Thenkumarai, Sathapadi, Panavasal, Navalur, Sitheri, Govindampalayam and Pallipalayam villages.",403
TAMIL NADU,SALEM,82,Attur,SC,"Attur Taluk (Part) Edaiyappatti, Panaimadal, Sekk adipatti, Kumarapalayam, Kalyanagiri, Kalleripatty, Mannur RF, Mannur, Koilputhur, Kariakoilvalavu, Kunnur, Soolankurichi, Adiyanur, Ramanayakkampalayam, Kottavadi, Belurkaradipatti, Mettudaiyampalayam, Periakriashnapuram, Chinnaksrishnapuram, Vadakuttampatti, Puthiragoundampalayam, Veeragoundanur, Olaipadi, Kalpaganur, Mettupalayam, Jarikothambadi, Attavanai Kothambadi, Alagapuram, Appamas amudram, Kilavarai, Pattimedu , Extension RF, Muttal, Ammampalayam, Kallanatham, Thenmangudipalayam, Akkichettipalayam, Palaniyapuri, Thalavaipatty, Oddapatty, Thennampillaiyur, Muthagoundanur, Ariyapalayam, Umayalpuram, Ettapur Karadipatti, Thamayanur, West Rajapalayam, Kalarampatty, Rangappanaickenpalayam, Gopalapuram, MalliakKarai, Echampatty, Chockkanathapuram, Thandavarayapuram, Thulukkanur, Manjini, Pungav adi, Paithur, Seeliampatty, Arasanatham and Valayamadevi villages. Keeripatti (TP), Ethapur (TP), Pethanaickenpalayam (TP), Attur (M) and Narasingapuram (TP).",403
TAMIL NADU,SALEM,83,Yercaud,ST,"Yercaud Taluk Vazhappadi Taluk Salem Taluk (Part) Udayapatti, Vedapatti, D.Peru malpalayam, Sukkampatti, Thathanur, Mookkanur, Kathiripa tti, Achanguttapattipudur, Aramanur, Achanguttaipatti, Kuppanur, Vellaiyampatti, Valasaiyur, Pallipatti, Dasanayakkanpatti, Valaiyakkaranur, Mettupattithathanur, Chinnanur, Tailanur, Athikarapatti, Veeranam, Korathupatti and Karpagam villages. Attur Taluk (Part) Neyyamalai, Tumbal, Malayalapatti, Aruna RF, Chinnakalrayan Hills Therkk unadu, Chinnakalrayan Hills Vadakkunadu, Tumbal, Extension RF and Tumbal RF villages.",403
TAMIL NADU,SALEM,84,Omalur,,"Omalur Taluk (Part) Sekkarapatti, Veppilai, Kedunaickenpatty pudur, Kanavaipudur, Lokkur R.F., Gundikkal, Kongupatti, Mookanur, Elathur, Naduppatti, Kadayampatti, Yerimalai R.F., Palappallikombai, Danishpet, Karuvattuparai R.F., Deevattipatti, Dasagasamudram, Poosaripatti, Marakkottai, Kanjanayachanpatti, Pannapatti, Kookuttapatti, Kaniyeri R.F., Tumbipadi, Pottipuram, Sikkanampatti, Darapuram, Semmandapatti, Thathayampatti, Kamalapuram, Gobinathapuram, Sakkarachettipatti, Thathayangarpatti, Kaminaickanpatti., Jagadevampatti, Vellalapatti, Mailapalaiyam, Naranampalayam, Kottaimettupatti , Balbakki, Karuppanampatti, Panjakalipatti, Kattaperiyampatti, Umbilikamaramangalam, T.Maramangalam, Manathal, Mallikuttai, Amarakundhi, Tholasampatti, Thondumaniyam, Vedappatti, Periyerippatti, Reddipatti, Tindamangalam, Pachanampatti, Omalur , Kullamanickenpatti, Sekkarapatti , Ettikuttapatti, Collappatti, Thenkkampatti, Mungilpadi, Sangitapatti, Puliyampatti, M.Cheetipatti, Sikkampatti, Arurpa tti, Ramireddipatti, Ariyampatti and Selavadi villages. Karuppur (TP), Kadayampatti (TP) and Omalur (TP).",404
TAMIL NADU,SALEM,85,Mettur,,"Mettur Taluk (Part) Kaveripuram, Singiripatti, Th innappatti, Konur, Koonandiyur, Pallipatti, Mallikundam, Thethagiri patti, Vellar, Pukkampatti, Amaram, M.Kallipatti, Po ttaneri, Virudasampatti, Alamarathupatti, Lakkampatti, Kannamuchi, Moolakkadu, Samballi, Palamalai, Navappatti, Koppam, Koppampatti, Panapuram, Periyasattappadi, Chinnasathappadi, Aranganur, Olaipatti, Manathal, Nallakavundampatti and Kulanayakkanpatti villages. Mecheri (TP), Kolathur (TP), Veerakkalpudur (TP), Mettur (M) and P.N.Patti (TP).",404
TAMIL NADU,SALEM,86,Edappadi,,"Edappadi Taluk Mettur Taluk (Part) Veerakkal, Kuttapatti, Mallikuttappatti, Chinnasoragai, Periyasoragai, Dasagappatti, Vanavasi, Soorappalli, Thoramangalam and Karikkapatti villages. Nangavalli (TP), Vanavasi (TP), Avadattur (CT) and Jalakandapuram (TP).",404
TAMIL NADU,SALEM,87,Sankari,,"Sankari Taluk Omalur Taluk (Part) Illavampatti, Panikkanur , Idaiyapatti, Pappambadi, Desavilakku and Kurukkapatti villages. Tharamangalam (TP).",405
TAMIL NADU,SALEM,88,Salem (West),,"Omalur Taluk (Part) Muthunaickenpatti, Chellapillaik uttai, Pagalpatti, Manguppai, Saminayakkanpatti, Kottagoundam patti, Anaigoundampatti, Vellakkalpatti, T.Konagapadi, Alagusamudram and Karukkalvadi villages. Salem Taluk (Part) Sarkar Gollappatti, A.Ayyamper umalpatti, Chettichavadi, Kondappanayakkanpatti, M.Palapatti and Selathampatti villages. Thalavaipatti (CT) and Mallamooppampatti (CT). Salem (M Corp.) Ward No.1 to 5 and 17 to 25.",405
TAMIL NADU,SALEM,89,Salem (North),,Salem Taluk (Part) Salem (M Corp.) Ward No.6 to 16 and 26 to 36. Kannankurichi (TP).,405
TAMIL NADU,SALEM,90,Salem (South),,Salem Taluk (Part) Salem (M Corp.) Ward No.37 to 60,405
TAMIL NADU,SALEM,91,Veerapandi,,"Salem Taluk (Part) Keeraipappambadi, Majaragoll appatti, Vattamuthampatti, Mallaravuthampatti, Pumandapatti , Muduthurai, Kullanpatti, Sittanur Gollapatti, Ariyak oundanpatti, Murungapatti, Nayakkanpatti, Nallampatti, Ti rumalagiri, Vedugathampatti, Andipatti-Sowdapuram, Erumapalayam, Puthur Agragaram, Kottanur, Perumampatti, Thum bathulipatti, Pethampatti, Luguvanpatti, Perumakkavundampatti, Ramapuram, Reddipatti, Kalparaipatti, Sava mpalayam, Periyaseeragapadi, Chinnaseeragapadi, Veerapandi, Ariyampalayam, Uthamasolapuram, Agraharapoolaver i, Attavanaipoolaveri, Thammanayakkanpatti, Nilavarapatti, Jerugumalai, Jalluthuppatti, Gajallnayakkanpatti , Nallikkalpatti, Parappatti, Erruchannampatti, Sittaneri, Akka raipalaiyam, Palampatti, Nallarayampatti, Kombadi patti, Anaikuttaipatti, Vembadithalam, Selliampalayam, Senaipalayam, Ettimanaickampatti, Rakkipa tti, Kadathur Agraharam, Pethempatti, Rajapalayam, Nayinampatti, Marulayampalayam, Chennagiri, Bairoji, Vaniyampadi, Eruvadipettampatti, Pasuvanat hampatti, Valakuttapatti, Erumanayakanpalayam, Mukkuthipalayam, Ammapalayam, Sandiyur, Sandiyur Attayampatti , Pallitherupatti, Tippampatti, kuralnatham, Konamaduvu, Vadapatty, Noolathukombai, Sambakuttaipatti, Adimal aipatti, Thumbalpatti and Kammalapatti villages. Maramangalathupatti (CT), Kondalampatti (CT), Neykkarappatti (CT), Panaimarat hupatti (TP), Ilampillai (TP), Attayampatti (TP), Papparapa tti (CT) and Mallur (TP).",405
TAMIL NADU,NAMAKKAL,92,Rasipuram,SC,"Rasipuram Taluk (Part) Ponparappipatti, Minnakkal Agraharam, Anandagoundampalayam, Kumarapalayam, Annamalaipatti, Keeranur, Pallavanaickenpatti, Malayampalayam, Kuttaladampatti, Melur, Keel ur, Kidamalai, Ayilpatti, Navalpatti, Mangalapuram, Eswaramoorthipalayam, Thimmanaickenpatti, Naraikinar u Block IRF, Muthuruttu, Ayiepatti, Naraikinaru, Naraiki nar South R.F., Karkoodalpatti, Moolapallipatti, Malayampa tti, Pudur Malayampatti, Kallankulam, Pudupalayam, Thengalpalayam, Alampatti, Alavaipatti, Nachipatti, M adiampatti, Porasalapatti, Akkaraipatti, Semmandapatti, Nadupatti, Sowdapuram, Mattuvelampatti, Palanthinnipatti , Mulakkadu, Muthukalipatti, Kattanachampatti, Koneripatti , Kakkaveri, Vadugam, Muniappampalayam, Pattanam Muniappampalayam, Vadugam, Mulakkadu, Kariyampatti, Unanthangal, Moolakurichi, Periakurichi, Mavar, Perappansolai, Periakombai, Pudupallapatti, Mulaikurichi, Periasekkadi, Varagurkombai, Pachagoundampatti, Kolakkamedu, Thottiampatti, Chandrasegarapuram Agraharam, Rasipuram, Andagalore, Anaikattipalayam, Koonavelampatti, Ellapalayam, Ponkurichi, Koppampatti, Ayeepalayam, Komarapalayam, Kurukkapuram, Anaipalayam, Murungapatty, Singalandapuram, Molapalayam and Chinnasekkadi villages. Vennanthur (TP), Athanur (TP), R.Pudupatti (TP), Pattanam (TP), Rasipuram (M) and Pillanallur (TP).",406
TAMIL NADU,NAMAKKAL,93,Senthamangalam,ST,"Rasipuram Taluk (Part) Pachudayampalayam, O.Jedarpalayam, Perumagoundampalayam, Chinnakkapalayam, Thoppapatti, Tho.Jedarpalayam, Tho. Pachudayampalayam, Perakkarinadu, Bailnadu, Ch ithurnadu, Edappulinadu, Thiruppulinadu, Pelappadinadu, Alathurnadu, Gundaninadu and Adakkampudukombai villages. Seerapalli (TP) and Namagiripettai (TP) Namakkal Taluk (Part) Kalkurichi, Eachampatti, Valay appatti, Pallipatti, Belukkurichi, Kalappanayakkanpatti, Uthirakadikaval, Nadukombai, Vazhavandikombai, Gundurnadu, Valappurnadu, Ariyurnadu, Valavanthinadu, Pallamparai, Akkiyampatti, Periyakulam, Pachudayampatti, Kondamanayakkanpatti, Pudukombai, Thinnanurnadu, Devanurnadu, Se lurnadu, Selur R.F., Gajakombai, Bodinayakkanpatti, Sarkarpalayapalayam, Muthugapatti, Reddipatti, Perumapatti, Thusur, Pottireddipatty, Thottamudayampa tti, Pavithiram, Varagur, Ponneri, Pudukkottai, N.Puduppatti, Vasanthapuram, Valaiyapatti, Thipramadevi, Ka vakkarampatti, Muttanchetti, Varadarajapuram, Sevindipatti, Vadavathur, Agrahara Valavanthi and Mettupatti villages. Kalappanaickanpatti (TP), Senthamangalam (TP) and Erumapatti (TP).",406
TAMIL NADU,NAMAKKAL,94,Namakkal,,"Namakkal Taluk (Part) Sarkarnattamangalam, Agrahara Nattamangalam, Kalyani, Ananthakrishnarayasamudram, Gejalnayakkanpatti, Pachal, Pidaripatti, Kadanthapatti, Ram anayakkanpatti, Kadiranallur, Thirumalaipatti, Kannurpatti, Podangam, Thattaiyangarpatti, Navani, Lakkapuram, Elur, Thathathiripuram, Thathathiripuram Karadipatti, Karadipatti Thanathampatti, Karadippatti, Thanathampatti, Agrahara Uduppam, Kalangani, Karaikurichi, Minnampalli, Pottanam, Sellappampatti, Thalambadi, Sarkar Uduppam, Aniyar, Seiluvampatti, Kadappalli, Pappi nayakkanpatti, Marurpatti, Vettampadi, Veesanam, Nallipalayam, Thummankurichi, Eranapuram, Thaligai, Naravalur Thottipalayam, Thindamangalam, Keerambur, Vallipuram, Periyapatti, Kondichettipatti, Namakka l, Vagurampatti, Ladduvadi, Thottippatti, Rasampalayam, Konur, Kilsathambur, Tholur, Aniyapuram, Parali, Arur, Andapuram, Arasanatham, Kumaripalayam, Ariyur, Pettaipalayam, Rasipalayam and Oruvandur villages. Namakkal (M), Periyapatti (CT) and Mohanur (TP).",407
TAMIL NADU,NAMAKKAL,95,Paramathi-Velur,,"Paramathi-Velur Taluk Tiruchengodu Taluk (Part) Agaram, Konnayar, Periyamana li, Kokkalai, Illuppili, Punjaipudupalayam, Koothampoondi Agraharam,Pullagound ampatti, Koothampoondi, Lattivadi , Manathi, Mavureddipatti, Thondipatti, Musiri, Puthur Ea st and Bommanpatti villages. Namakkal Taluk (Part) Illaiyapuram village.",407
TAMIL NADU,NAMAKKAL,96,Tiruchengodu,,"Tiruchengodu Taluk (Part) Karuveppampatti, Rajapalayam, Karuppagoundampalayam, Thirumangalam, Karumapur am, Koothanatham, Shenbagamadevi, Pallakkuli Agraharam, Mangalam, Sappayapuram, Mamundi Agraharam, Mallasamudram (West), Kolankondai, Goundampalayam, Sembampalayam, Karumanur, Pillanatham, Vattur, Kottapalayam, Thirumangalam Pudupalayam, Andarapatti, Chinnathambipalayam, Neikkarappatti, Kailasampalayam, Thokkavadi, Varagurampatti, Goundampalayam, Sathinayakkanpalayam, Kuppandapalayam, Oduvampalayam, Kovilpalayam, Elaiyampalayam, Goundampalayam, Vandinatham, Avinashipatti, Ramapuram, Paruthipalli, Kottaipalayam, Palamedu, Karungalpatti, Morangam, Sundangipalayam, M unjanur, Kallupalaiyam, Minnampalli, Mettupalayam, Kilapal ayam, Molipalli, Unjanai, Pokkampalaiyam, Athipalaiyam, Andipalaiyam, Thottiyapalayam, Emappalli, T.Goundampalayam, Patlur, Attavanai Iraiyamangalam, Molasi, Sengodampalayam, Elaiyampalayam, Kumarapal ayam, Pirithi, Animur, Sirumolasi, Vettuvampalayam, Vattapparappu, Puduppuliyampatti, Chittalandur, Marapparai and Nallipalayam villages. Mallasamudram (TP), Tiruchengode (M) and Devanankurichi (CT).",407
TAMIL NADU,NAMAKKAL,97,Kumarapalayam,,"Tiruchengodu Taluk (Part) Kumarapalaiyam Agraharam, Komarapalayam, Pallakkapalaiyam, Sowdapuram, Modamangalam, Modamangalam Agraharam, Anangur, Elandakuttai, Kalaiyanur, Kalaiyanur Agraharam, Samayasangili Agraharam, Pallipalaiyam Agr aharam, Odappalli Agraharam, Kadachanallur, Pappampalayam and Kokkarayanpettai villages. Kumarapalayam (M), Padaiveedu (TP), Pallipalayam Agraharam (CT), Alampalayam (TP), Pallipalayam (TP) and Pudupalayam Agraharam (CT).",408
TAMIL NADU,ERODE,98,Erode (East),,"Erode Taluk (Part) Brahmana Periya Agraharam (TP), Erode (M) and Veerappanchatiram (TP).",408
TAMIL NADU,ERODE,99,Erode (West),,"Perundurai Taluk (Part) Vadamugam Vellode, Pungampadi, Kavundachipalayam, Thenmugam Vellode and Mukasi Pulavampalayam villages. Erode Taluk (Part) Karai Ellapalayam, Elavamalai, Mettunasuvanpalayam, Perodu, Nochipalayam, Gangapuram, Ellapalayam, Villarasampatti, Thindal (Mel), Thindal (Kil), Kadirampatti, Rayapalayam, Modakarai, Koor apalayam, Thottani, Puthur Pudupalayam, Nanjanapuram, Pavalathampalayam, Veppampalayam and Muthampalayam villages. Suriyampalayam (TP), Chithode (TP), Nasiyanur (TP), Periyasemur (TP), Surampatti (T P) and Kasipalayam (E) (TP).",408
TAMIL NADU,ERODE,100,Modakkurichi,,"Erode Taluk (Part) Punjailakkapuram, Pudur, Thuyyampoondurai, Kanagapuram, Velampalayam, Punduraisemur, Avalpoondurai, Modavandi Sathyamangalam, Nanjaiuthuk uli, Kangayampalayam, Nanjaikalamangalam, Punjai Kalamangalam, Injampalli, Thanathampalayam, Elumathur, Velampalayam, Mukasi Hanuman Palli, Attavanai Hanum an Palli, Kagam, Kulavilakku, Palamangalam, Nanjaikolanalli, Kolathupalayam, Kondalam, Ellaikadu, Vilakethi, Kongudayampalayam, Murungiyampalayam, Anjur, Vallipuram, Ichipalayam, Vadivullamangalam, Ayyampal ayam, Elunoothimangalam, Devakiammapuram, Avudayaparai and Nagamanaickenpalayam villages. Avalpoondurai (TP), Modakkurichi (TP), Pasur (TP), Arachalur (TP), Vadugapatti (TP), Kilampadi (TP), Vellottamparappu (TP), Sivagiri (TP), Kollankoil (TP), Unjalur (TP), Vengampudur (TP), Kodumudi (TP) and Chennasamudram (TP).",409
TAMIL NADU,ERODE,101,Dharapuram,,(SC) Dharapuram Taluk,409
TAMIL NADU,ERODE,102,Kangayam,,"Kangayam Taluk Perundurai Taluk (Part) Murungatholuvu, Pudupalayam, Nanj ai Palatholuvu, Punjai Palatholuvu, Kodumanal, Orathupalayam, Ellaigramam, Ekkattampalayam, Basuvapatti and Kuppuchipalayam villages. Mukasipidariyur (CT), Ottapparai (CT) and Chennimalai (TP).",409
TAMIL NADU,ERODE,103,Perundurai,,"Perundurai Taluk (Part) Pudupalayam, Mettupalayam, Nalligoundanpalayam, Komaragoundanpalayam, Kurichi, Nettichipalayam, Setti Kuttai, Valayapalayam, Ganapathipalayam, Thoranavavi, Madathupalayam, Vettaiankinaru, Sungakarampalayam, Thingalur, Karukkapalayam, Nichampalayam, Pandiampalayam, Singanallur, Olapalayam, Mullampatti, Kandampalayam, Periyavilamalai, Sinnavilamalai, Thiruvachi, Poovampalayam, Palakarai, Chinnamallanpalayam, Nimittipalayam, Unjapalayam, Ka llakulam, Sellappampalayam, Talayampalayam, Polanaickampalayam, Karandipalayam, Pappampalayam, Chinnavirasang ili, Periyaveerasangili, Velliravalli, Sinniampalayam, Velampalayam, Navakkadu, Karumanchirai, Kammalakuttai, Edayapalayam, Chinnagoundanvalasu, Vattalapathy, Velliampathy, Sundakkampalayam, Virumandampalayam, Muthampalayam, Chengappalli, Thenmugam Kangay apalayam, Vadamugam Kangayapalayam, Sengalipalayam, Kavuthampalayam, Erumaikkarampalayam, Koonampatti, Attavanai Pallagoundanpalayam, Mukasipallagoundanpalayam, Marappanaickampalayam, Moongilpalayam, Mettupudur, Ayegoundanpalayam, Seenapuram, Thuduppathi, Sullipalayam, Pattackaranpalayam, Kullampalayam, Ponmudi, Ingur, Kambiliampatti, Varapalayam, Kongampalayam, Nadupatti, Puthur Pallapalayam, Punjaithalavaipalayam, Reddipalayam, Vadugapalayam, Kavandampalayam, Morattupalayam, Agraharaperiapalayam, Sircar Periapalayam, Anaipalayam, Pallavarayanpalayam, Agrahara Kathaganni, Ichipalayam, Sircar Kathaganni, Sirukkalanchi, Kuthampalayam, Voipadi and Chennimalai villages. Pethampalayam (TP), Pallapalayam (TP), Kanjikoil (TP), Karumandi, Chellipalayam (TP), Nallampatti (TP), Kunnathur (TP), Vijayapuri (CT), Perundurai (TP) and Uthukuli (TP).",409
TAMIL NADU,ERODE,104,Bhavani,,"Bhavani Taluk (Part) Illippili, Kannapalli, Attavanaipudur, Mukasipudur, Patlur, Oddapalayam, Paruvachi, Punnam, Mylambadi, Kalbavi, Kurichi, Poonachi, Boothapadi, Singampettai, Padavalkalvai, Kadappanallur, Kesarimangalam, Sanyasipatti, Varadanallur, Thalakulam, Bhavani, Oricher i, Vairamangalam, Alathur, Kavandapadi, Odathurai, Andikulam, Urachikottai, Chinnapuliyur, Periyapuliyur and Settipalayam villages. Nerunjipettai (TP), Ammape ttai (TP), Olagadam (TP), Appakudal (TP), Jambai (TP), Bhavani (M) and Salangapalayam (TP).",410
TAMIL NADU,ERODE,105,Anthiyur,,"Gobichettipalyam Taluk (Part) Punjaithoraiyampalayam, Kondayampalayam, Kanakampalayam, Perumugai, Savandapur, Ammapalayam, Mevani, Perundalaiyur, Kugalur, Puthukkarai, NanjaiPuliampatti, Polavakalipalayam, Kadukkampalayam and Chandrapuram villages. Vaniputhur (TP), Kuhalur (TP) and P.Mettupalayam (TP). Bhavani Taluk (Part) Burgur, Komarayanur, Pudur , Chennampatti, Ennamangalam, Sankarapalayam, Anthiyur, Nagalur, Kuppandampalayam, Brammadesam, Pachampalayam, Gettisamudram, Mathur, Vellithiruppur, Vembathi, Moongilpatti, Kilwani and Kuthampoondi villages Anthiyur (TP) and Athani (TP).",410
TAMIL NADU,ERODE,106,Gobichettipalaya,,"Sathyamangalam Taluk (Part) m Karapadi, Kavilipalayam, Var apalayam and Sellapampalayam villages. Gobichettipalyam Taluk (Part) Pullappanaickenpalayam, Arrakkankottaigramam, Kongarpalayam, Kavandampalayam, Akkaraikodiveri, Singiripalayam, Alukuli, Kalingiam, Kottupullampalayam, Karattupalayam, Odayagoundanpalayam, Kadathur, Sundakkampalayam, Gudakkarai, Andipalayam, Kurumandur, Ayalur, Vellankovil, Siruvalur, Talguni, Koshanam, Irugalur, Anjanur, Lagampalayam, Vemandam palayam, Polavapalayam, Mottanam, Emmampoondi, Olalakovil, Kadasellipalayam, Sinnaripalayam, Santhipalayam, Avalampalayam, Pariyur, Vellalapalayam, Nanjaigopi, Kullampalayam, Nathipalayam, Modachur, Nagadevampalayam and Nichampalayam villages. Periyakodiveri (TP), Lakkampatti (TP), Kasipalayam (G) (TP), Gobichettipalayam (M), Elathur (TP), Kolappalur (TP) and Nambiyur (TP).",410
TAMIL NADU,ERODE,107,Bhavanisagar,SC,"Sathyamangalam Taluk (Part) Arulavadi, Mallankuli, Dhoddahaj anur, Chikkahajanur, Talavadi, Marur, Iggalore, Thingalur , Koothampalayam, Gundri, Guthiyalathur, Hassanur, Ne ithalapuram, Theiginarai, Karalavadi, Madahalli, Byannapuram, Panahahalli, Erahanahalli, Dhoddamudukkarai, Gettavadi, Kongahalli, Talamalai, Dasaripalayam, Chikkarasampalayam, Pattavarthiayyampalayam, Rajan Nagar, Pudupeerkadavu, Punkar, Kothamangalam, Ikkaraithathapalli, Baguthampalayam, Ikkarainegamam, Komarapalayam, Malayadipudur, Alathucombai, Sadamugai, Konamoolai, Akkarainegamam, Boosaripalayam, Akkaraithathapalli, Dhoddampalayam, Mudukkanthurai, Thoppampalayam, Karidoddampalayam, Shenbagapudur, Indiampalayam, Makinancombai, Arasur, Ukkaram, Vinnappalli, Kurumbapalayam, Ayyampalayam, Periyakallipatti, Panayampalli, Sunkakaran palayam, Pungampalli, Thatchuperumapalayam, Nallur, Marayeepalayam, Madampalayam and Punjaipuliampatti villages. Kembanaikkenpalayam (TP), Sathyamangalam (M), Ariyappampalayam (TP), Bhavanisagar (TP) and Punjaipuliampatti (TP).",411
TAMIL NADU,THE NILGIRIS,108,Udhagamandalam,,"Kundah Taluk Udhagamandalam Taluk (Part) Kadanad, Ebbanad, Kukkal, Kaggu chi, Thuneri, Hullathi, Nanjanad, Udhagamandalam and Thummanatti villages. Sholur (TP) and Udhagamandalam (M). Coonoor Taluk (Part) Ketti (TP).",411
TAMIL NADU,THE NILGIRIS,109,Gudalur,SC,Panthalur Taluk Gudalur Taluk Udhagamandalam Taluk (Part) Masinagudi village. Naduvattam (TP).,411
TAMIL NADU,THE NILGIRIS,110,Coonoor,,"Kotagiri Taluk Coonoor Taluk (Part) Eddapalli, Burliyar, Coonoor and Melur villages. Aravankad (TS), Wellington (CB), Coonoor (M), Hubbathala (CT), Adikaratti (TP) and Hullickal (TP).",412
TAMIL NADU,COIMBATORE,111,Mettuppalayam,,Mettuppalayam Taluk Coimbatore North Taluk (Part) Bilichi village. Veerapandi (TP) and Gudalur (TP).,412
TAMIL NADU,COIMBATORE,112,Avanashi,SC,Avanashi Taluk,412
TAMIL NADU,COIMBATORE,113,Tiruppur (North),,"Tiruppur Taluk (Part) Pattampalayam, Sokkanur, Merkupathi, Thoravalur, Vallipuram, Perumanallur, Ettiveerampalayam, Pongupalayam, Kanakkampalayam, Kalipalayam and Mannarai villages. Chettipalayam (CT), Neripperichal (CT), Thottipalayam (CT) and Velampalayam (TP). Tiruppur (M) Ward Nos.1 to 20.",412
TAMIL NADU,COIMBATORE,114,Tiruppur (South),,Tiruppur Taluk (Part) Tiruppur (M) Ward Nos. 21 to 52. S.Nallur (TP).,412
TAMIL NADU,COIMBATORE,115,Palladam,,"Tiruppur Taluk (Part) Mudalipalayam, Nachipalayam, Peruntholuvu, Muthanampalayam, Iduvai, Ugayanur, Thonguttipalayam, North Avanashipalayam, Alagum alai, Kandiankoil, South Avanashipalayam, Pongalur, Madappur, Kattur, V. Kallipalayam, Elavanthi, Ket hanur, Vavipalayam and V. Vadamalaipalayam villages Andipalayam (CT), Mangalam (CT), Muruganpalayam (CT) and Veerapandi (CT) Palladam Taluk (Part) Poomalur, Velampalayam, Naranapuram, Karaipudur, Ganapathipalayam, Palladam, Sukkampalayam, Ichipatti, Kodangipalayam, Panickkampatti, Vadugapalayam, Chittambalam, Anuppatti, Kasba Ayyampalayam, Karadibavi, Paruvai, Mallegoundenpalayam, Puliampatti and K.Krishnapuram villages. Semmipalayam (CT) and Palladam (TP).",412
TAMIL NADU,COIMBATORE,116,Sulur,,"Palladam Taluk (Part) Paduvampalli, Kaduvettipalayam, Giddampalayam, Semmandampalayam, Kaniyur, Arasur, Nilambur, Mylampatti, Irugur, Rasipalayam, K.Madapur, Kadampadi, Appanaickenpatti, Kalangal, Peedampalli, Pattanam, Kallapalayam, Pappampatti, Eday ampalayam, Sellakkarichal, Vadambacheri, Varapatti, Vadavalli, Bogampatti, Pachapalayam, Poorandampalayam, Kumarapalayam, Vadavedampatti, Kammalapatti, Jallipatti, Senjeripudur, Senjeri Ayyampalayam, Malappalayam, Thalakkarai and J.Krishnapuram villages. Moppiripalayam (TP), Karumat hampatti (TP), Irugur (TP), Samalapuram (TP), Kangayampalayam (CT), Sulur (TP), Pallapalayam (TP) and Kannampalayam (TP)",413
TAMIL NADU,COIMBATORE,117,Kavundampalayam,,"Coimbatore North Taluk (Part) Vellamadai, Kondayampalayam, Agraharasamakulam, Naickenpalayam, Thadagam R.F., A naikatti (North), Anaikatti (South), Veerapandi, Chinnat hadagam, Nanjundapuram, Somayampalayam, Pannimadai, Keeranatham, Kallipalayam and Vellanaipatti villages. Periyanaicken-palayam (TP), Narasimhanaicken-palayam (TP), Idigarai (TP), Sarcarsa makulam (TP), Kalapatti (TP), Vilankurichi (CT), Saravanampa tti (TP), Chinnavedampatti (TP), Vellaikinar (TP), Ashok apuram (CT), Kurudampalayam (CT), Thudiyalur (TP) and Kavundampalayam (TP).",413
TAMIL NADU,COIMBATORE,118,Coimbatore (North),,Coimbatore North Taluk (Part) Veerakeralam (TP). Coimbatore South Taluk (Part) Vadavalli (TP). Coimbatore (M.Corp.) Ward Nos. 57 to 72.,413
TAMIL NADU,COIMBATORE,119,Thondamuthur,,"Coimbatore South Taluk (Part) Boluvampatti (Block I), T hennammanallur, Devarayapuram, Jagirnaickenpalayam, Vellaimalaipattinam, Narasipuram, Madvarayapuram and Ikkaraiboluvampatti villages. Vedapatti (TP), Dhaliyur (TP) , Thondamuthur (TP), Alanthurai (TP), Puluvapatti (TP), Thenkarai (TP), Perur (TP) and Kuniyamuthur (TP). Coimbatore (M.Corp.) Ward Nos. 48 to 56.",413
TAMIL NADU,COIMBATORE,120,Coimbatore (South),,Coimbatore South Taluk (Part) Coimbatore (M.Corp.) Ward Nos. 21 to 47.,413
TAMIL NADU,COIMBATORE,121,Singanallur,,Coimbatore South Taluk (Part) Coimbatore (M.Corp.) Ward Nos. 1 to 20.,413
TAMIL NADU,COIMBATORE,122,Kinathukadavu,,"Coimbatore South Taluk (Part) Madampatti, Theethipalayam, Perur Chettipalayam, MhhiPih Plhi Mavuthampathi, Pichanur, Palathurai, Thambagoundenpalayam, Karunchamigoundenpalayam, Seerappalayam, Malamachampatti, Myleripalayam, Nachippalayam, Arasipalayam and Valukkupparai villages. Kurichi (TP), Vellalur (TP), M adukkarai (TP), Ettimadai (TP), Thirumalayampalayam (TP) , Othakalmandapam (TP) and Chettipalayam (TP). Pollachi Taluk (Part) Solavampalayam, Vadaputhur, Kuthiraialampalayam, Pottaiyandiporambu, Sokkanur, Sangarayapuram, Muthur and Kodangipalayam villages. Kinathukadavu (TP).",413
TAMIL NADU,COIMBATORE,123,Pollachi,,"Pollachi Taluk (Part) Arasampalayam, Panappatti, Mettubavi, Vadasithur, Kondampatty, Kothavadi, Kurunallipalayam, Periakalandai, Kattampatti, Andipalayam, Chettiakkapalayam, Nallattipalayam, Devarayapuram, Govindapuram, Sulakkal, Poravipalayam, Servakaranpalayam, Vadakkipalayam, Mettupalayam, Mullipadi, Kaniyalampalayam, Devanampalayam, Kappalankarai, Sirukkalandai, Chandrapuram, Sinna Negamam, Vaguthampalayam, Kakkadavu, Sholanur, Santhegoundanpalayam, Kullichettipalayam, Poosanaickendhali, Devambadi, Ramapatinam, Thalakkarai, Chi kkarayapuram, Kabilipalayam, Okkilipalayam, Kurumbapalayam, Kulakkalpalayam, Varadanur, Vellalapalayam, Thoppampatti, Rasakkapalayam, Puliampatti, R. Ponnapuram, Kittasuarampalayam, Anupparpalayam, Z. Muthur, Ayyampalayam, Nallathukuli, Kumarapalayam, Manur, Thimmanguthu, Rasichettipalayam, Bodipalayam, Kulathur and Servaikaranpalayam villages. Periya Negamam (TP), Achipatti (CT) and Pollachi (M).",414
TAMIL NADU,COIMBATORE,124,Valparai,SC,"Valparai Taluk Pollachi Taluk (Part) Naickenpalayam, Ambarampal ayam, Athupollachi, Marchinaickenpalayam, Singanallur, Vekkampalayam, Pethanaickanur, S. Nallur, P illchinnampalayam, Somandurai, Thensithur, Periapodu, Kaliyapuram, Thensangampalayam, Kariyanchettipalayam, Kambalapatti, Arthanaripalayam, Jallipatti, Thorayur and Angalakurichi villages. Anaimalai (TP), Odaiyakulam (TP), Vettaikaranpudur (TP) and Kottur (TP).",414
TAMIL NADU,COIMBATORE,125,Udumalaipettai,,"Udumalaipettai Taluk (Part) Kosavampalayam, Veedampatti, Moongiltholuvu, Amandakadavu, Kuppampalayam, Periapatti, Poolavadi, Athukinathupatti, Kondampatti, An ikkadavu, Virugalpatti, Iluppanagaram, Kongalnagaram, Pudupalayam, Pannaikinar, Dhoddampatti, Gudimangalam, Somavarapatti, Vadugapalayam, Periakottai, Udumalpet, Kurunjeri, Chinnaveerampatti, Kottamangalam, Ponneri, Vagatholuvu and Pukkulam villages. Udumalaipettai (M). Pollachi Taluk (Part) Seelakkampatti, Nallampalli, S. Malayandipatnam, Gomangalam, Gomangalampudur, Sinjuvadi, Koolanaickenpatti, Kolarpatti, Kanjampatti, Thenkumarapalayam, Veeralpatti, Thondamuthur, Dhalavaipalayam, S. Ponnapuram, Unjavelampatti, Solapalayam, Z. Kottampatti, Kondegoundenpalayam, Mulanur, Avaleppampatti, Gollapatti , A. Nagoor, Poosaripatti, Boligoundenpalayam, Eripatti, Thippampatti, Kallipatti, Makkinampatti, Nathukkalpalayam and Palayur villages. Samathur (TP), Chinnampalayam (CT), Suleeswaranpatti (TP) and Zamin Uthukuli (TP).",414
TAMIL NADU,COIMBATORE,126,Madathukulam,,"Udumalaipettai Taluk (Part) Sellappampalayam, Pungamuthur, Udukkampalayam, Periapappanuthu, Sinnapappanuthu, Pappankulam, Andigoundanur, Thumbalapatti, North Boothinatham, R. Velur, Periavalavadi, Sarkarpudur, Thinnapatti, Devanurpudur, Ravanapuram, Erisinampatti, Kodingiam, Jilobanaickampalayam, Arasur, Reddipalayam, Chinnavalavadi, South Boothinatham, Bogigoundendasarapatti, Kolumam, Elayamuthur, Guruvappanaickanur, Alampalayam, Pallapalayam, Modakkupatti, Deepalapatti, Krishnapuram, Valayapalayam, Jallipatti, Lingamavoor, Venkitapuram, Chinnakumarapalayam, Kurichik ottai, Manupatti, Kallapuram, Amaravathi R.F., Anamalai R.F., Kudiraiar & Kukkal R.F., Manjampatti R.F., Sholamadevi, Vedappatti, Kannamanaickanur, Kuralkuttai, Bodipatti, Myvadi, Jothampatti, Kadathur, Karat holuvu, Thungavi, Metrathi, Thanthoni, Mukkudu-Jallipatti, Venasapatti, Ganapathipalayam, Poolankinar, Anthiyur and Ragalbavi villages. Kanakkampalayam (CT), Kaniyu r (TP), Madathukulam (TP), Sankaramanallur (TP), Komaralingam (TP) and Dhali (TP).",415
TAMIL NADU,DINDIGUL,127,Palani,,"Kodaikanal Taluk Palani Taluk (Part) Ayyampalayam, Thathanaickenpatti (N), Sithraikulam, R.Vadipatti (North), Pappampa tti, Velasamudram, Andipatti, Chinnammapatti, Reddiampadi, Ka valapatti, R. Vadipatti (South), Sitharevu, Thathanaickenpatti (S), Sukkamanaickenpatti, Pethanaickenpatti, A-Kalayamputhur, Neikarapatti, Chinnakalayamputhur, Iravimangalam, Periyammapatti, Thamaraiku lam, Kalickanaickenpatti, Kothaimangalam, Pachalanaickenpa tti, Kombaipatti, Palani, Sivagiripatti and Tattankulam villages. Palani (M), Balasamudram TP , Ayakudi TP and Niekarapatti TP.",415
TAMIL NADU,DINDIGUL,128,Oddanchatram,,"Oddanchatram Taluk Palani Taluk (Part) Vembanvalasu, Melakottai, Amarapoondi, Erramanaickenpatti, Kanakka mpatti, Marichilambu, Thumbalapatti, Pudur, Akkaraipa tti, Mettupatti, Velampatti, Thoppamapatti, Vagarai, Manoor, Vilvathampatti, Puliampatti, Mollampatti, Kottathurai, Me lakaraipatti, Rajampatti, Muthunaickenpatti, Midapadi, Pushpathur, Kolumakondan, Kovilammapatti, Korikadavu and Thalaiyuthu villages. Keeranur (TP).",416
TAMIL NADU,DINDIGUL,129,Athoor,,"Dindigul Taluk (Part) Sullerumbu, Gurunathanaickenur, Palakkanuthu, Nilamalakottai, K.Pudukottai, Alagupatti, Silvarpatti, Kothapulli, Kamachipuram, Te ttupatti, Mangarai, Ammapatti, Kuthathupatti, Anaipatti, Sindalagundu, Tamaraikulam, Kasavanampatti, Panrimalai , Adalur, Chattirapatti, Palayakannivadi, Virakkal, Kummampatti, Pithalaipatti, Pillayarnatham, Alamarathupatti, Vakkampatti, Munnilakottai, Panjanpatti (N), Paraipatti, Manalur, Attur, Jivalsaragu, Kalikkampatti, Palayamkottai, Bodikamanvadi, Sitharevu, Kilakottai, Toppampatti, Ambat hurai, and Aiyampalayam villages. Agaram (TP), Thadikombu (TP), Sriramapuram (TP), Kannivadi (TP), Chinnalapatti (TP), Sithayankottai (TP) and Ayyampalayam (TP).",416
TAMIL NADU,DINDIGUL,130,Nilakkottai,SC,Nilakkottai Taluk,416
TAMIL NADU,DINDIGUL,131,Natham,,"Natham Taluk Dindigul Taluk (Part) Tottanuthu, Rajakkapatti, Madur, Siluvathur, Vanganmanuthu, Markkampatti, Vajraservaikarank ottai, Vathilathoppampatti, Thetthampatti, Ragalapuram, Koovanuthu, Adiyanuthu, A.Vellodu, Viralipatti, V adakattupatti, Shanarpatti, Virasinnampatti, Avilipatti, Mar anuthu, Jothampatti, Pudupatti, Sakkiliankodai, Timmananallur, Ve mbarpatti, Anjukulipatti, Konapatti, Emakkalapuram, Tavasimadai, Sirumalai, Kombaipatti, Sengurichi, Kambiliampatti, and Kanavaipatti villages. Panjampatti (TP).",416
TAMIL NADU,DINDIGUL,132,Dindigul,,"Dindigul Taluk (Part) Settinaickenpatti, Alukkuvar patty, Silapadi, Mullipadi, Ammakulathupatti, Tamaraipadi, Kovilur, Periyakottai and Kurumbapatti villages. Pallapatti (CT), Dindigul (M) and Balakrishnapuram (CT).",416
TAMIL NADU,DINDIGUL,133,Vedasandur,,Vedasandur Taluk,417
TAMIL NADU,KARUR,134,Aravakurichi,,"Aravakurichi Taluk Karur Taluk (Part) Vettamangalam (West), Vettamangalam (East), Kombupalayam, Thirukkaduthurai and Nanjaipugalur villages. TNPL Pugalur (TP), Punjai pugalur (TP) and Punjai Thottakurichi (TP).",417
TAMIL NADU,KARUR,135,Karur,,"Karur Taluk (Part) Nanjai Kadambankurichi, Punjai Kadambankurichi, Nanniyur, Kuppuchipalayam, Vangal, Neru r North, Nerur South, Achamapuram, Somur, Panc hamadevi, Minnampalli, Manmangalam, Athur, Andankoil (West), Kadaparai, Thirumanilaiyur and Andankoil East villages. Inam Karur (TP), Karur (M) and Thanthoni (TP).",417
TAMIL NADU,KARUR,136,Krishnarayapuram,SC,"Karur Taluk (Part) Koyampalli, Sanapiratti, Melapalayam, Emur, Karuppampalayam, Appipalayam, Pallapalayam, Thalapatti, Puthampur, Kakkavadi, Manavadi, Jegadabi, Vellianai (North), Mookanankurichi, Paganatham, K.Pichampatti and Vellianai (South) villages. Puliyur (TP) and Uppidamangalam (TP). Krishnarayapuram Taluk (Part) Balarajapuram, Renganathapuram (North), Renganathapuram (South), Mayanur, Thirukkampu liyur, Manavasi, Chithalavai, Kammanallur, Mahadhanapuram (North), Sengal and Muthurengampatti villages. Krishnarayapuram (TP) and P.J. Cholapuram (TP). Kulithalai Taluk (Part) Pappayambadi, Vadavambadi, Manjanaickenpatti, Pannapatti, Vellapatti, Keeranur, Thennilai, Varavanai, Melappaguthi, Kalayapatti, Devarmalai, Adhanur, Sembianatham, D.Edayapatti (West), D.Edayapatti (East), Palaviduthi, Mullippadi, Mavathur, Keelappaguthi and Valvarmangalam villages.",417
TAMIL NADU,KARUR,137,Kulithalai,,"Krishnarayapuram Taluk (Part) Chinthalavadi, Pillapalayam, Kallapalli, Karuppathur R.F., Vayalur, Veeriyapalayam, Panj apatti, Pothuravuthanpatti, Pappakkapatti, Sivayam (North), Sivayam (South), Kosur, Mathagiri and Thondamanginam villages. Kulithalai Taluk (Part) Karuvappanaickenpettai, Vadhiyam, Manathattai, Vaiganallur (North), Vaiganallur (South), Ra jendram (North), Rajendram (South), Kumaramangalam, Poyyamani, Sooriyanur, Mudalaipatti, Seplapatti, Neidalur (North), Neidalur (South), Thalinji, Kallai, Inungur, Nallur, Eranyamangalam, Sathiyamangalam, Chinniyampalayam, Gudalur, Puthur, Alathur, Rachandarthirumalai, Pu luderi, Vadaseri, Kalladai, Thogamalai, Kalugur, Naganur, Po rundalur, Pathiripatti, Uthuppatti and Pillur villages. Kulithalai (M), Marudur (TP) and Nangavaram (TP).",417
TAMIL NADU,TIRUCHIRAPPALLI,138,Manapparai,,"Manapparai Taluk (Part) Pudur, Vaiyamalaipalayam, Vellalapatti, Aniyappur, Veeramalai RF, Seegampatti, Us ilampatti, Poigaimalai RF, Vadagupatti, Vengaikurichi, Amayapuram, Amayapuram RF, Nallampillai, I.Kovilpatti, V.Pe riapatti, Dhavalaveeranpatti, Mohavanur (North), Mohav anur (South), Sekkanam, Palayankottai, I.Reddiapatti, C hettiapatti, Malayandipatti, Poigaipatti, Sampatti, Sooliapa tti, Athampatti, F.Keelaiyur, Thottiapatti, Thathanur, Amanakkampatti, Kannivadugampatti, Pannapatti (East), Pannapatti (West), Ayanreddiapatti, Vaiyampatti, M ookureddiapatti, Kumaravadi, Nadupatti, Puduvadi, Puduko ttai, Ponnambalapatti, Elamanam, Kannuthu, Kumarikatti Hills RF, Karuppur, Puthanatham, Thirunellipatti, Ve llayakonepatti, Pirampatti North, Pirampatti (South), Thenur, Ayanpudupatti, Uthukuli, Vembanur, Kannukuli, Kodumbapatti, Pallakurichi, Kalingapatti East, Kalingapatti West, Ayamporuvai, Valanadu, Paluvanji East, Paluvanji West, Muthalvarpatti, Karumalai, Ammachtram, Endapuli, Kanjannaickanpatti, Velakurichi, Venkatanayakanpatti, Marungapuri, T.Idayapatti, Yagapuram, Nallur, Karaipatti, Sevalpatti, I kkaraikosakurichi, Akkiyampatti, Alagapuri, Lekkanayakanpatti, Thethur and Sevandampatti villages. Manapparai (M) and Ponnampatti (TP).",418
TAMIL NADU,TIRUCHIRAPPALLI,139,Srirangam,,"Tiruchirappalli Taluk (Part) Tiruchirappalli (M Corp.) Ward No.1 to 6 Srirangam Taluk (Part) Paneyapuram, Uthamsevi, Kilikoodu, Malliampathu, Somarasampettai, Kumaravayalur, Mullikarumbur, Koppu North, Koppu South, Podavur, Puliyur, Adavathur (West), Adavathur (East), Nachikuric hy, Sholanganallur, K.Kallikudy North, K.Kallikudy South, Thayanur, Navalurkottapattu, Ariyavoor-Ukkadaiariyavoor, Periyanayakichatram, Ammapettai, Kulathur, Mathur, Sethurapatti, Alundur, Paganur, Nagamangalam, Kottapattu , Mekkudi, Mudikandam, Kolakkattagudy, Thorakkudy, Thir umalaisamudram, Olaiyur, Palur, Mutharasanallur, Kambarasampettai, Marudankakurichi, Pettavathalai, Perugamani, Tirupparaithurai, Andanallur, Kodiyalam, Kulumani, Periakaruppur, Tiruchendurai, Kadi yakurichy, Mekkudy, Allur and Perur villages. Sirugamani (TP) Manapparai Taluk (Part) Thoppampatti, Mandipatti, K.Peri apatti North, Edayapatti, Chettichatram, Chithanatham, K.Pe riapatti South, Samudram, Sathirapatti, Kannudayanpatti, Kalingapatti and Madampatti villages. Iluppur Taluk (Part) Komangalam village**. [**Although Komangalam village is in Pudukkottai revenue district, it is physically and geographically located within boundaries of 139 Srirangam AC]",418
TAMIL NADU,TIRUCHIRAPPALLI,140,Tiruchirappalli (West),,Tiruchirappalli Taluk (Part) Tiruchirappalli (M Corp.) Ward No.39 to 42 and 44 to 60.,419
TAMIL NADU,TIRUCHIRAPPALLI,141,Tiruchirappalli (East),,"Tiruchirappalli Taluk (Part) Tiruchirappalli (M Corp.) Ward No .8 to 26, 33 to 35, 37, 38 and 43.",419
TAMIL NADU,TIRUCHIRAPPALLI,142,Thiruverumbur,,"Srirangam Taluk (Part) Panayakurichy, Kilamullakudy, Kuvalakkudy, Vengur, Natarajapuram, Arasangudy, Kiliyur, Pathalapattai, Agaram, Ellakudy, Alathur, Kilakurichy, Kilakalkandarkottai, Sholamadevi, Valavandankottai, Tirunedunkulam, Asur, Elandapatti, Kumbakudy, Gundur, Sooriyur and Kandalur villages. Tiruchirappalli Taluk (Part) Tiruchirappalli (M Corp.) Ward No.7, 27 to 32 and 36. Pappankurichi (CT), Thiruverumbur (TP), Koothappar (TP), Krishnasamudram (CT), Thuvakudi (TP), Navalpattu (CT) and Palaganangudy (CT).",419
TAMIL NADU,TIRUCHIRAPPALLI,143,Lalgudi,,Lalgudi Taluk,419
TAMIL NADU,TIRUCHIRAPPALLI,144,Manachanallur,,"Manachanallur Taluk Musiri Taluk (Part) Pulivalam, Vengaimandalam, Moovanur, Peramangalam, Kattukulam, Komangalam, Neiveli, Thinnakonam, Ayyampalayam, Evur, Kodunt hurai, Sithambur, Amoor, Gunaseelam, Thiruthalaiyur, Thuraiyur pudupatti, Karattampatti, Thinnanur, Manparai, Sukkampatti, Thiruthiamalai, Mangalam, T hulayanatham, Jeyankondam (T.Puthur), Perur, Valavandhi East and Valavandhi (West) villages.",419
TAMIL NADU,TIRUCHIRAPPALLI,145,Musiri,,"Thottiyam Taluk Musiri Taluk (Part) Pillapalayam, Karikali, Vadamal aipatti, Karkudi, Urakkarai, Mahadevi, Jambumadai, Valasiramani, Anjalam, Konappampatti, Devanur, Arachi, Valaiyeduppu, Paithambarai, Serugudi, Poolancheri, Soorampatti, Mavilipatti, Thumbalam, Sittilavai, Mut hampatti, M.Pudupatti West, M.Pudupatti East, Kamatchipa tti, T.Puthur, Mooveli I, Sevanthilingapuram, Umaiyalpuram and Vellur villages. Morupatti (TP), Thathaiyangarpet (TP) and Musiri (TP)",420
TAMIL NADU,TIRUCHIRAPPALLI,146,Thuraiyur,SC,"Thuraiyur Taluk Musiri Taluk (Part) Kottathur, Puthanampatti and Abinimangalam villages.",420
TAMIL NADU,PERAMBALUR,147,Perambalur,SC,"Veppanthattai Taluk Perambalur Taluk Kunnam Taluk (Part) Sirugavayal, Nakkaselam, Elandalapatti, T.Kalathur, Puduammapalayam, Kannapady, Thenur, Mavilingai, Naranamangalam, Nattarmangalam, Chettikulam, Irur, Padalur (West) and Padalur (East) villages.",420
TAMIL NADU,PERAMBALUR,148,Kunnam,,"Sendurai Taluk Kunnam Taluk (Part) Thirumandurai, Pennakonam (S outh), Ogalur (West), Aduthurai, Ogalur (East), Athiyu r (North), Athiyur (South), Agaram Sigoor, Vasistapuram, Keelaperambalur, Vayalapadi, Kilumathur (South), Kilumathur (North), Vadakalur, Perumathur (North), Siruma thur, Keelapuliyur (North), Keelapuliyur (South), Perumathur (South), Andi Kurumbalur, Nannai (West), Nannai (East), Olaippady (West), Olaippady (East), Thungapuram (North), Thungapuram (South), Paravai (East), Paravai (West), Malava rayanallur, Elumur (East), Elumur (West), Asur, Sithali (East), Sithali (West), Perali (North), Perali (South), Othiyam, Periyammapalayam, Kunnam, Varagur, Kolapady, Puduvettagudi, Kadur (North), Kadur (South), Periavenmani (E ast), Periavenmani (West), Melamathur, Alagiripalayam, Thondappadi, Koothur, Adhanur (South), Adhanur (North), Kotta rai, Sathanur, Sirukanpur (East), Sirukanpur (West), Vara gupadi, Karai (East), Karai (West), Therani, Ayinapuram , Kolakkanatham, Kolathur (West), Kolathur (East), Thimmur, Gudalur, Bhujangarayanallur, Nochikulam, At hur, Sillakudi (North) and Sillakudi (South) villages. Labbaikudikadu (TP).",420
TAMIL NADU,PERAMBALUR,149,Ariyalur,,"Ariyalur Taluk Udayarpalayam Taluk (Part) T.Sholankurichi (North), That hanur (East), Thathanur (West), Managethi, Venmankondan (West), Venmankondan (East), Parukkal (West), Parukkal (East), Naduvalur (East), Naduvalur (West), Suthama lli, Uliyakudi, Ambapur, Udayavarthiyanur, Keelanat ham, Kadambur, Sathambadi, Govindaputhur, Sripurandan (North) and Sripurandan (South) villages.",421
TAMIL NADU,PERAMBALUR,150,Jayankondam,,"Udayarpalayam Taluk (Part) Olaiyur, Authukurichi, Sriram an, Rangiyam, Siluvaicheri, Alagapuram, Silambur (North), Silambur (South), Edayakurichi, Ayyur, Andimadam , Vilandai (North), Vilandai (South), Periakrishnapuram, Thirukalappur, Vangudi, Pappakudi (North), Pappakudi (South), Eravangudy, Anikuthichan (North), Anikut hichan (South), Koovathur (North), Koovathur (South), Ka ttathur (North), Kattathur (South), Kuvagam, Kodukkur, Marudur, Variyankaval, Devanur, Melur, Thandalai, K eelakudiyiruppu, Pirancheri, Vethiyarvettu, Kundaveli (West), Kundaveli (East), Kattagaram (North), Kattagaram (South), Muthuservamadam, Elayaperumalnallur, Pitchanur, Amanakkanthondi, Periyavalayam, Sooriyamanal, El aiyur (West), Elaiyur (East), Edayar, Angarayanallur (East), Devamangalam, Ulkottai (North), Ulkottai (South), Guru valapparkovil, Kulothunganallur, Thaluthalaimedu, Vembukudi, Udayanatham (West), Udayanatham (East), Koda likaruppur, Cholamadevi, Anaikudam, Vanathirayanpattinam, Pilichikuzihi, T.Sholankurichi (South), Nay aganaipriyal, Kodangudi (North), Kodangudi (South), Edanganni, T henkatchiperumalnatham, T.Palur, Karaikurichi, Irugaiyur and Valaikurichi villages. Varadarajanpettai (TP), Jayankondam (TP) and Udayarpalayam (TP).",421
TAMIL NADU,CUDDALORE,151,Tittakudi,SC,Tittakudi Taluk,421
TAMIL NADU,CUDDALORE,152,Vriddhachalam,,"Vriddhachalam Taluk (Part) Setuvarayankuppam, A. Marur, Maligaimedu, Kothanur (Pandavanpattu), Aathiyur, Kolapakkam (Eranji), Iyvathukudi, Elangiyanur, Valasai, Siruva mbur, T. Maveetanathal, Kattuparur, Visalur, Karnat ham, Kovilanur, Pallipattu, Rubanarayananallur, Puvanur ko, Kattiyanallur, Pavalangudi ko, Puliyur, Palakkollai, Nadiyapattu, Mudappuli, Iruppu, Irulakkurichi, Manakkollai, Aladi, Mattur, Periyavadavadi, Vijayamanagaram, Agaram, Parur, Edaichchithur, Pinjanur, Memathur, Vannathur, Nallur, Nagar, Seppakkam, Kattumayilur, Keelakurichi, Melakurichi, Periyanesalur, Sirunesalur, Veppur, Naraiyur, Tirupeyur, Ko. Kothanur, Chittur, Sathiyam, Kachiperumanatham, Chinnaparur, Erumanur, Chinnavadavadi, Sembalakkurichi, Kavanai, Chitterikuppam, Irusalakuppam, Palaiyapattinam, Kotteri, Periyakappankulam, Chinnakappankulam, Kolliruppu, Ammeri, Mudanai, Narimanam, Kachirayanatham, Gopurapuram, Kanadukandan, Chinnapandarankuppam, Kuppanatham, Pudukuraipettai, Manavalanallur, Komangalam, Paravalur, Thoravalur, Vilangattur, Padukalanatham, Kirambur, M annampadi, T. Poudaiyur, Varambanur, Kaliyamedu, Poolambadi, Niramani, Idaiyur, Perambalur, Kodukkur, Mukundanallur, Sathukudal {Melpathi}, Sathukudal [Kilpathi ], Ka.Elamangalam, Alichikudi, Nemam, Karuveppilankurichi, Peralaiyur, Alanduraipattu, Sathiyavadi, Pu.Kollathankurichi, Therkuvadakkuputtur, Vettakudi, Vannankudikadu, Rajendirapattinam and Chinnathukurichi villages. Mangalampet (TP) and Virudhachalam (M).",421
TAMIL NADU,CUDDALORE,153,Neyveli,,"Panruti Taluk (Part) Panikkankuppam, Maligampattu, Siruvathur, Elandampattu, Tiruvamur, Visur, Karukkai, Semmedu, Meliruppu, Kiliruppu, Talambattu, Kadampuliyur, Melmambattu, Purangani, Kilmambattu, Alagappasamudram, Silambinathanpettai, Puliyur (West), Koranapattu, Madanagopalapuram, Vegakollai, Marungur, Vallam, Nadukuppam, Perperiyankuppam, Kilkangeyankuppam, Melkangeyankuppam, Virasingankuppam, Kattugudalur, Sorathur, Vengadampettai, Peikanatham, Annadanampettai, Kilur, Vadakuthu, Vadakku melur, Vanadirayapuram and Tenkuthu villages. Neyveli (TS).",422
TAMIL NADU,CUDDALORE,154,Panruti,,"Panruti Taluk (Part) Paithambadi, Kavanur, Ulundamabattu, Enadirimangalam, Kurathi, Akkadavalli, Kandarakkottai (North), Pulavanur, Melkumaramangalam (South), Pagandai, Kongarayanur, Kolipakkam, Maligaimedu, Thir asu, Poondi, Thiruthuraiyur, Kayapakkam, Karumbur, Aviyanur, Alagapperumalkuppam, Oraiyur, Varinjipakkam, Panapakkam, Poongunam, Melkavarapattu, Kilkavarapattu, Perumalnaickenpalayam, Chittarasur, Palur, Elumedu, Lakshminarayanpuram, Kanisapakkam, Kottambakkam, Pandarakkottai, Manamthavizhnthaputhur, Si rugramam, Natham, Melarungunam, Rayarpalayam, Manappakkam, Anguchettipalayam, Sanniyasipettai, Eidanur, Ariyirundamangalam, Sundaravandi, Kilarungunam, Kilakuppam, Pallavarayanatham, Palappattu, Sirunangaivadi, Sathippattu, Semakottai, Kolapakkam and Veerapperumanallur villages. Melpattampakkam (TP), Nellikuppam (M), Panruti (M) and Thorapadi (TP).",422
TAMIL NADU,CUDDALORE,155,Cuddalore,,"Cuddalore Taluk (Part) Cuddalore Port, Melakuppam, Nallathur, Thukkanampakkam, Tennambakkam, Chellancheri, Pudukkadai, Vadapuram kilpadi, Kilinjikuppam, Singirikkudi , Madalpattu, Kil Alinjipattu, Nagappanur, Melalinjippattu, Udalappattu, Kilkumaramangalam, Karanapatu, Pallippattu, Malaipperumal, Agaram, Ullerippattu, Karaimedu, Tiruppanambakkam, Kalaiyur, Alagiyanatham, Irandayiravilagam, Vellapakkam, Marudadu, Nattapattu, Velisemmandalam, Chinnakanganankuppam, Subauppalavadi, Gunduuppalavadi, Uchimedu, Periyakanganankuppam, Kondur, Tottappattu, Senjikumarapuram, Varakalpattu and Karamanikuppam villages. Cuddalore (M) and Padirikuppam (CT).",423
TAMIL NADU,CUDDALORE,156,Kurinjipadi,,"Cuddalore Taluk (Part) Kunamangalam, Pillali, Tiruv andipuram, Karuppadithundu, Arisipperiyankuppam, Kumarapettai, Otteri, Tirumanikkuli, Vanamadevi, Vilangalpattu, Naduvirappattu, Chennappanayakkanpalayam, Vellakarai, Ramapuram, Mavadipalayam, Karaiyeravittakuppam, Vettukkulam, Ponnaiyankuppam, Pachchyankuppam, Kudikkadu, Karaikkadu, Annavalli, Gangamanayakkankuppam, Valudambattu, Tondamanatham, Sedappalayam, Tiyagavelli, Sembankuppam, Kodandaramapuram , Ambalavanampettai, Toppukollai, Thimaravut hankuppam, Krishnankuppam, Thambipalayam, Ayikuppam, Agaram, Anukkambattu, Tiruchchepuram, Kayalpattu, Kambalimedu, Alappakkam, Puvanikuppam, Idankondambattu, Akgatimmapuram, Ranganathapuram, Kesavanarayanapuram, Tambipettai, Peddunayakkankuppam, Kanjamandanpettai, Thaiyalgunampattinam, Tirtt anagari, Adinarayanapuram, Tanur, Andarmullippallam, Sirupalaiyur, Karuveppambadi, Kannadi, Adurkuppam, Virupaksh i, Rajakuppam, Karunguli, Kolakkudi, Nayinakuppam, Maruvay, Arangamangalam, Kurinjipadi, Kalkunam, Guruvappanpettai, Poothampadi, Melapuduppettai, Aduragaram, Kothavacheri and Kundiyamallur villages. Kurinjipadi (TP) and Vadalur (TP).",423
TAMIL NADU,CUDDALORE,157,Bhuvanagiri,,"Vriddhachalam Taluk (Part) Ponneri (Ko), Karkudal, Mavaidandal, Sathamangalam, U.Kolappakkam, Arasaku li, U.Agaram, Uthangal, Kunankurichi, U.Mangalam, Vadakkuvellur, Periyakurichi, Sepalanatham, Kottagam, Uyya kondaravi, Kilpathi, Managathi, Melpathi, Melpappanapattu, Neyveli, Veppankurichi, Mummudicholagan, Kammapuram, Keeranur, Gopalapuram, Kumaramangalam, Ko.Adhanur, Sottavanam, Karmangudi, Sakkaramangalam, Valliyam, Melapalaiyur, Keeranur, Marungur, Tholur, Kodumanur, Keelapalaiyur, Devangudi, Puttur Ka., Siruvar appur, Sattapadi, U.Adhanur, Tharmanallur, Vilakkapadi, Peruvarappur, Kottumulai, Kavanur, Keeramangalam, Pe rundurai, Pavalangudi and Ottimedu villages. Gangaikondan (TP). Chidambaram Taluk (Part) Kathazhai, Velayamadevi kilpathi , Turinjikollai, Pinnalur, Kulakudi, Ellaikudi, Kummadimulai, Jayankondam, Nathamedu, Chokkankollai, Sattappadi, Vadukkuthittai, Krishnapuram (Vada), Marudur , Thalaikulam (Vada), Prasannaramapuram, Ambapuram, Nallikollai, Erumbur, Valayamadevi (Melpathi), Agara Alambadi, Adanur (Bhuvanagiri), Periya Nerkunam, Chinna Nerkunam, Viramudaiyanatham, Anaivari, Mira lur, Manjakkollai, Uluttur, Thalaikulam (Then), Krishnapuram (Then), Melmanakkudi, Sitheri, Therkuthittai, Poot harayanpettai, Alambadi(Kasba), B.Udaiyur, Siyappadi, Sattam angalam, Vatharayanthethu, Kilavadinatham, Azhichikudi, Vandarayanpattu, Vayalur, Keerapalayam, Tiruppaninatham, Vada Harirajapuram, Thathampettai, Ayipettai, Kiliyanur, Orathur, Paradur, Buthangudi, Velliyakudi, Palayancherthangudi, Sakkangudi, Puliyagudi (Harirajapuram), Then Harirajapuram, C.Melvanniyur, Ennanagaram, Kannangudi, Kizhnatham, Edayanpalacheri, Mathuranthaganallur, Poonthottam, Vakkur, Vadappakkam, Veyyalur, Vazhakollai, Odakakkanalur, Tharasur, Devangudi, K.Adoor, C.Virasezhagan, Tuniseramedu, Poongodi, Pannapattu, Ayyanurakkaramangalam, Manakudiyaniruppu, Vilagam, Sethiyur, Kulappadi, Vadakkuvi ruthangam, T.Manalur, Therkuviruthangan, T.Madappur am, Sirugalur, Esanai, Sengalmedu, Kodiyalam, M ugaiyur, Perungalur and T.Neduncheri villages. Sethiathoppu (TP) and Bhuvanagiri (TP).",423
TAMIL NADU,CUDDALORE,158,Chidambaram,,"Chidambaram Taluk (Part) Vaiyalamur, Poovalai, Alam elumangapuram, Palvathunnan, Manikollai, Periyapattu, Silambimangalam, Villiyanallur, Kothattai, Ariyakoshti, Ch innakummatti, Velangippattu, Sendirakillai, Kizhamanakudi, Tachchakkadu, Manjakuzhi, Periyakumatti, Nanjaimaghattuvazhkai, B.Maduvankarai, Mutlur, B.Mutlur, B.Adhivar aganallur, B.Arunmozhidevan, Ayipuram, Kuriyamangalam, Me lmungilladi, Kozhamungiladi, Punjimangattuvalkkai, Thillaividangan, Pinnattur, Kezhanuvampattu, Melanubavambattu, Palunthankarai, Melchokkanathanpettai, Lalpuram, Tillainayakanpuram, Kovilampundi, Kodippallam, Radhavilagam, Uthamasozhamangalam, Pichavaram, Thandavarayancholanganpettai, Kanakkarapattu, Nakkaravanthangudi, Chidambaranathanpettai, Meethikudi, Pallippadai, Parameswaranallur, C.Thandeswaranallur, C.Kothangudi, Kumaramangalam, Vasaputhur, Kavarapattu, Kezhaperambai, Thirukazhipalai (Kezh), Chittalappadi, Usuppur, Chidambaram, Nanjalur, Chittimuttu, Kadavacheri, Sivapuri, Pettai, Varagur , Thirukazhipalai (Mel), Ambigapuram, Jayankondapattinam, Perampattu, Saliyantoppu, Koothankoil, Elanangur, C.Vakkaramari, Sivayam, Pulamedu, Thavartham pattu, Kattukudalur, Vaiyur, Agaranallur, Vallampadugai, Kezhakundalapadi and Erukankattupadugai villages. Parangipettai (TP), Killai (TP), Chidambaram (M) and Annamalai Nagar (TP)",424
TAMIL NADU,CUDDALORE,159,Kattumannarkoil,SC,Kattumannarkoil Taluk,425
TAMIL NADU,NAGAPATTINAM,160,Sirkazhi,SC,"Sirkazhi Taluk (Part) (Except 3 villages I.e. Keezhaiyur, Mezhaiyur and Vanagiri).",425
TAMIL NADU,NAGAPATTINAM,161,Mayiladuthurai,,"Mayiladuthurai Taluk (Part) Siddamalli, Kurichi, Kaduv angudi, Elanthoppu, Pattavarthi, Kadambakkam, Mudikandanallur, Tiruchitrambalam, Kadalangudi, Attur, Kesingan, Kiloy, Thiruvalaputhur, Varadampattu, Talainayar, Ta lainayar II Bit, Sethur, Ponmasanallur, Melanallur, Villiyanallur, Thalancheri, Namasivayapuram, Budangudi, Kali II Bit, Kali -I, Ivanallur, Korukkai, Aruvappadi, Keelamarudandanallur, Dharmadanapuram, Mozhaiyur, Anathandavapuram, Nidur, Kanganamputhur, Arulmolithevan, Pandur, Thirumangalam, Murugamangalam, Alangudi, Thir umanacheri, Ponnur, Maharajapuram, Thiruindalur, Ulunthukuppai, Manakkudi, Vellalagaram, Pandaravadaimappadugai, Sholampettai, Vanadirajapuram, Kadalangudi, Villiyanallur, Kshetrapalapuram, Anaimelagaram , Muvalur, Sitharkadu, Pattamangalam, Mayiladuthurai, Nallathukudi, Seridiyur, Mannampandal, Kulichar, Kodangudi, Agarakkirangudi, Kovangudi and Maraiyur villages. Manalmedu (TP), Mayiladuthurai (M) and Kuthalam (TP).",425
TAMIL NADU,NAGAPATTINAM,162,Poompuhar,,"Tharangambadi Taluk. Sirkazhi Taluk (Part) Keezhaiyur, Mezhaiyur and Vanagiri villages. Mayiladuthurai Taluk (Part) Asikkadu, Tholuthalangudi, Thulasenthirapuram, Melaiyur, Senniayanallur, Inam Senniyanallur, Mekkirimangalam, Madhirimangalam, Tiruvalangadu, Inam Tiruvalangadu, Tiruvaduthurai, Palayagudalure, Kokkur, Maruthur, Perumalkoil, Keelaiyur, Sengudi , Valuvur, Thirunalkondacheri, Arivalur, Peruncheri, Kazhanivasal, Thathangudi, Pandaravadai, Manganallur, Kappur, Kozhaiyur, Ananthanallur, Komal - East, Komal - West, Peravur, Karuppur, Kanchivay, Palaiyur, Srikantapuram, Kothangudi, Gangadharapuram, Porumbur, El umagalur, Nakkambadi, Mandai, Kilaparuthikudi, Me laparuthikudi, Nallavur, Kodimangalam, Melagalangan, Konerirajapuram I Bit, Sivanaragaram and Konerirajapuram II Bit villages.",425
TAMIL NADU,NAGAPATTINAM,163,Nagapattinam,,"Nagapattinam Taluk (Part) Kongarayanallur, Ambal, Kott apadi, Ervadi, Kidamangalam, Idaiyathangudi, Seshamulai, Arunmozhidevan, Alathur, Tenpidagai, Pandaravadai, Kuruvadi, Polagam, Porakudi, Tirupugalur, Kayattur, Madi rimangalam, Puttagaram, Adalaiyur, Enangudi, Pudukkadai, Tirumarugal, Siyathamangai, Kattumavadi, Kothamangalam, Agarakondagai, Iravancheri, Segal, Tiruchengattangudi, Tirukkannapuram, Kottur, Vadagarai, Rarantimangalam, Tenkarai, Virkudi, Pillali, Melabudanur, Kilabudanur, Marungur, Gopurajapuram, Panangud i, Uttamacholapuram, Narimanam, Kuttalam, Turaiyur, Neykuppai, Periyakannamangalam, Kottarakkudi, Kilathanjavur, Tiruppayathangudi, Karaiyur, Vazhkkudi, Kangalancheri, Perungandambanur, Vadakudi, Nagor e (Kottagam), Thethi, Palaiyur, Ilamkadambanur, Themangalam, Sirangudipuliyur, Sengamangalam, Sellur, Ivanallur, Andanapettai, Poravacheri, Sikkal and Ponveli villages. Thittacheri (TP) and Nagapattinam (M).",426
TAMIL NADU,NAGAPATTINAM,164,Kilvelur,SC,"Kilvelur Taluk Nagapattinam Taluk (Part) Aabaranadari, Pappakovil, Vadakkupoigainallur, Karuvalangadai, Orathur, Agar aorathur, Puduchery, Alangudi, Vadugachery, Mahadanam, Vadavoor , Therkupoigainallur, Kurichi, Agalangan and Sembiyanmahadevi villages. Thirukkuvalai Taluk (Part) Thenmarudur, Aadhamangalan, Anakkudi, Vadakkupanaiyur, Therkupanaiyur, Valivalam, Kodiyalathur, Paangal, Panangadi, Kolappadu, Kargudi, Thirukuvalai, Melavazhakarai, Madapuram, M eenamanallur, Vazhakarai, Esanur, Thiruvaimur, Ettugudi, Vallam, Keeramber, Mutharasapuram, Katchanagaram, Kothangudi, Tholuthur and Sithaimur villages.",426
TAMIL NADU,NAGAPATTINAM,165,Vedaranyam,,"Vedaranyam Taluk Thirukkuvalai Taluk (Part) Nathapallam, Puthur, Manakkudi, Vadugoor, Neermulai, Thiruvidaimaruthur, Kootha ngudi, Pannatheru and Aaimoor villages.",426
TAMIL NADU,THIRUVARUR,166,Thiruthuraipoondi,SC,"Thiruthuraipoondi Taluk Mannargudi Taluk (Part) Renganathapuram, Panaiyur, Nokkam Ukkadai, Kottur Thottam, Kottur, Puzhuthikudi, Alathur, Karuppukilar, Vattar, Paingattur, Orathur, Nallur, A kkarai Kottagam, Thirukkalar, Kuruchimoolai -I, Kuruchim oolai -II, Narayanapuram Kalappal, Venkathangudi, Kezhuvathur, Manankathankottagam, Palaiyur, Peruvidamaruthur, Terkkunanalur, Naruvalikkalappal, Kulamanickam, Devadanam, Mannukkumundan, Perugavaazhnthaan, Perungavalandan, Serukalathur , Sithamalli, Nochiyur, Puthagaram, Malavarayanallur, Kunniyur, Pallivarthi, Vikrapandiam, Sendamangalam, Nemmeli (Kottur Firka), Adichapuram and Irulneekki villages.",427
TAMIL NADU,THIRUVARUR,167,Mannargudi,,"NidamangalamTaluk (Part) Koilvenni, Nagar, Kaattusannavur Pannimangalam, Chittamallimelpadi, Adhanur, Munnaval Kottai, Munnaval Kottai (Part), Chettichatram, Pullavarayankudikadu, Rayapuram, Kalacheri, Parappanamedu, Poovanur, Vaiyakalathur, Olimathi, Ottagudi, Palangalathur, Hanumanthapuram, Perambur , Rishiyur, Athangudi, Vellakudi, Keelalavandhacheri, Melalavandhacheri, Annavasal, Annavasal Thenpathi, Pududevangudi, Arichapuram, Sithambur, Sekarai and Aaikudi villages. Needamangalam (TP). Mannargudi Taluk (Part) Kandamangalam, Nalamsetthi, Nemmeli (Talayamangalam Firka), Kuruchi, Moovarkottai, Vaduvur Melpathi, Vaduvur Agraharam, Vaduvur Vadapathi , Eda Melaiyar - I, Eda Melaiyar -II, Eda Melaiyar -III, Eda Keezhiyur - I, Eda Keezhiyur - II, Paruthi Kottai, Kalanjimedu, Vadakkaravayal, Pamini, Karnavur, Savala Kar an, Aravathur, Rajalikudikkadu, Moovanallur, Kallar Embethi, Edayarembethi, Melavasal, Kumarapuram, Vaduvur Thenpathi I, Vaduvur Thenpathi -II, Karakottai, Peraiyur - I, Peraiyur II, Peraiyur -III, Peraiyur IV, Athikottai, Serumangalam -I, Serumangalam -II, Karikottai, Neduvakkottai, Gopiralayam, Ramapuram, Kailasanatharkoil, Mudal Sethi, Moonam Sethi, Maravakkadu, Serankulam, Asesham, Thirupalakudi I, Thirupalakudi II, Thirupalakudi-III, Nemmeli (Ullikottai Firka), Karuvakuruchi -I, Karuvakuruchi - II, Thalikottai, Mahadevapatti nam I, Mahadevapattinam II, Ullikottai -I, Ullikottai -II, Koopachi kkottai, Rajasambal Puram, Paravakkottai-I, Parava kkottai-II, Painganadu, Thulasenthirapuram, Sundara kkottai, Edayarnatham, Thenpathi, Vadapathi, Ethakkudi, Talayamangalam, Radhanarasimmapuram, Vallur, Thirumakkottai -I, Thirumakkottai - II, Melanatham, Thenparai, Palayakottaiparasapuram and Elavanur villages. Mannargudi (M).",427
TAMIL NADU,THIRUVARUR,168,Thiruvarur,,"Thiruvarur Taluk Kodavasal Taluk (Part) Kappanamangalam, Arasavanangadu, Deepangudi, Keerangudi, Pulavanallur, Vadakandam, Mannakkal, Engan, Karaiyappalaiyur, Neikuppai, Keelapalaiyur, Uthirangudi, Elaiyur, Thirukkalambur, Sellur, Melaathichamangalam, Arpar, Aaykudi, Ammaiyappan, Thirukkannamangai, Agarathirunallur, Kattur, Elavangargudi, Anaivadapathi, Kavanur, Nattuvakkudi, Athicholamangalam, Krishnankottagam, Urkudi, Valavanallur, Pathur, Abivirutheeswaram, Kamukakudi, Viswanathapuram, Perumalagram, Naalilondru, Melathirumathikkunnam, Thiyagarajapuram, Kulikkara i, Peruntharakkudi, Devarkandanallur, Kamalapuram, Erukattur, Paruthiyur, Kankoduthavanitham, Melaradhanallur, Thittanimuttam, Vidayapuram, Musiriyam, Thiruvidavasal and Kalathur villages. Koradacheri (TP). NidamangalamTaluk (Part) Vakranallur, Sithanakudi, V engaramberaiyur, Punavasal, Poonthalangudi, Keelamanali, Ohai peraiyur, Agaravelukudi, Palaiyanur, Kothangudi, Vadagovanur, Thengovanur, Thirurameswaram, Manchanavadi, Overchery, Verkudi, Sathanur, Kakkaiyadi, Vadapathimangalam, Harichandrapuram, Pullamangalam, Kiliyanoor, Periyakothur, Manakkarai, Palakurichy, Chithraiyur, Sendangudi, Kulamanickam, Mavattakkudi, Seruvamani and Marangudi villages. Koothanallur (M).",428
TAMIL NADU,THIRUVARUR,169,Nannilam,,"Valangaiman Taluk Nannilam Taluk Kodavasal Taluk (Part) Vayalur, Vadamattam, Anni yur, Serugudi, Thiruppampuram, Suraikkayur, Alathur, Killiy ur, Vadugakkudi, Vilagam, Thiruvizhimizhalai, Paravakkarai, Kadalangudi, Sarguneswarapuram, Vishnupuram, Sarabojirajapuram, VellaiAdambar, Thethiyur, Manav alanallur, Maruthuvakkudi, Koonthalur, Pudukkudi, Kandiramanickkam, Prathabaramapuram, Melaramans ethi, Seethakkamangalam, Sethinipuram, Vikkirapandiyam, Puliyancheri, Paruthiyur, Sithadi, Adippuliyur, Serukalat hur, Vadaver, Thiruvidacheri, Naranamangalam, Neduncheri, Neikkuppai, Semmangudi, Perumpannaiyur, Sengalipuram, Perumangalam, Annavasal, Manapparavai, Aladikaruppur, Melapalaiyur, Thirukkudi, Manjakkudi, Pudukkudi and Simizhi villages. Kodavasal (TP).",428
TAMIL NADU,THANJAVUR,170,Thiruvidaimarudur,SC,"Thiruvidaimarudur Taluk Kumbakonam Taluk (Part) Pangal, Sivapuram, Mangudi, Vitta lur, Elandurai, Mallapuram, Katchukattu, Vilangudi, Ammangudi, Puthagaram, Irandankattalai, Poundarigapuram, Thandanthottam, Villiyavarambal, Krishnapuram, Sembiavarambal, Thukkatchi, Kumaramangalam, Kothangudi, Kovanur, Thiruppandurai, Natchiarkoil, Thirunariyur, E nanallur, Thandalam, Mathur, Kattur (Koohur), Perappadi, Keeranur, Semmangudi, Varvankarai Semmangudi, Velangudi, Vanduvancheri, Andalur, Nagarasampettai, Thirucher ai, Injikollai, Paruthicheri, and Visalur villages.",429
TAMIL NADU,THANJAVUR,171,Kumbakonam,,"Kumbakonam Taluk (Part) Athiyur, Vilandakandam, Kov ilacheri, Kumarankudi, Uthamadani, Devanancheri, N eerathanallur, Kothangudi, Kothangudithattimal, Thirunallu r, Kallur, Kallapuliyur, Koranattu Karuppur I, Agarathur , Kadichambadi, Valapuram, Thiruppurambiyam, Innambur, Er aharam, Asur, Inam Asur, Koranattu Karuppur II, Ammachatra m, Muppakoil, Melakaveri, Bapurasapuram, Palavathankattalai, Miruthiyanchapadaiveedu, Ammathottam, Srinivasanallur, Malayappanallur, Mathi, Chi dambaranatha Muthali Thootam, Thirumaignanam, Annalagraharam, Sholanaligai, Ariyapadaiveedu, Melakorukkai, K eelakorukkai, Palaiyanallur, Sakkottai, Karuppur, Marudanallur, Seshambadi, Thenampadugai, Udaiyalur, Thillaiyambur, Thippirajapuram, Madhavapuram, Thimmakudi, Thenam Padugai Thattimal, Sarangapanipettai, Darasuram and Marutadi villages. Cholapuram (TP), Ullur (CT), Pe rumandi (CT), Kumbakonam (M), Thirunageswaram (TP) and Dharasuram (TP).",429
TAMIL NADU,THANJAVUR,172,Papanasam,,"Papanasam Taluk Kumbakonam Taluk (Part) Nagagudi, Valaiyapettai, Thiruv alanjuli, Sundaraperumalkoil- Thenpathi, Vellalapillayampettai, Thiruvalanjuli Thattimal, Patteeswaram and Vaniyakarambai villages. Swamimalai (TP).",429
TAMIL NADU,THANJAVUR,173,Thiruvaiyaru,,"Thiruvaiyaru Taluk Thanjavur Taluk (Part) Indalur, Kadambangudi, Sholagampatti, Maraneri, Kangeyampatti, Kotrapatti, Thondarayampadi, Budalur, Kovilpathu, Chitrakudi Addl., Chitrakudi Chief, Rayanthur, nd st Kalvirayampettai, Perumbur II Sethi, Perumbur I Sethi, Pillaiyarnatham, Seeralur, Vennalodai, Sakkarasamandam, Palliyeri, Velur, Narasanayagipuram, Thiruvedhikudi, Manangorai, Thandangorai, Mathur, Nallicheri, Thottakadu, Kondavattanthidal, Ramapuram, Th ittai, Kudalur, Kurungalur, Melavelithottam , Ramanathapu ram Chief, Ramanathapuram Addl., Vannarapettai Chief, Van narapettai Addl., Alakudi Chief, Sellappanpettai, Veeranarasanpettai, Avarampatti, Nandavanapatti, Muthuveerakandiampatti, Vendayampatti, Surakudipatti, Rayamundanpatti, Pudukudi North, Manaiyeripatti, Sanoorapatti , Pudupatti, Marudakkudi, Kuruvadipatti, Vallam Pudurseth i, Thirumalai Samudram, Sengipatti, Palaiyapatti Therkkusethi, Palaiyapatti Vadakkusethi, Pudukudi (S)and Achampatti villages.",430
TAMIL NADU,THANJAVUR,174,Thanjavur,,"Thanjavur Taluk (Part) Pudupattinam, Avusahibthottam, Kadakadappai, Melachittakadu, Pinnainallur, Pulianthoppu and Pillaiyarpatti villages. Thanjavur (M), Neelagiri (CT), Nanjikottai (CT) and Vallam (TP).",430
TAMIL NADU,THANJAVUR,175,Orathanadu,,"Thanjavur Taluk (Part) Vilar, Kandithampattu, Soorakkottai, Kulichapattu, Valamarakkottai, Kattur, M adigai, Pudur, Kollangarai, Kollangarai Vallundanpattu, Inathukanpatti, Nanjikottai Vallundanpattu, Thirukanurpatti, Sennampatti, Kurungulam Melpathi, Kurungulam Keelpathi and Marungulam villages. Orathanadu Taluk (Part) Karaimeendarkottai, Vandayarriruppu, Raghavambalpuram Part, Raghavambalpuram (Sadayar koil), Moorthiambalpuram, Moorthiambalpuram (Panayako ttai), Neivasal South (S) (Arasapattu), Neivasal South, Ponnappur (East) I, Ponnappur (East) II, Keelaulur, Ulur We st, Kattukuruchi, Nadur, Karukkakottai, Panjanathikottai, Alivoikkal, Paruthikottai, Paruthiapparkovil, Ponnappur (West), Thalayamangalam, Kulamangalam, Kavarapattu, Okkanadukeelayur (Chief), Okkanadukeelayur (Addl.), Okkanadumelayur (Part), OkkanadumelayurSamayankudikadu, Kannathangudi East, Kannathangudi East addl., Kannathangudi West addl., Kannathangudi West urachi, Thennamanadu North, Thennamanadu South, Eachankottai, Samipatti, Poyyunddarkottai-I, Vadakkur North, Vadakkur South, Cholapuram, Vadukkukottai, Ayangudi, Mandalakkottai, Kovilur, Pudur, Palampudur, Kakka rai, Poovathur, Poovathur (Pudhunagar), Arumulai, Tirumangalakottai East, Tirumangalakottai East(colony), Tirumangalakottai West, Tirumangalakottai West(colony), Peikarambankottai, Pulavankadu, Thelungan kudikadu, Pinnayur East, Pinnayur West, Kakkarakottai, Thekku r, Adanakottai, Pachiyur, Sillathur, Pugal Sillathur, Ti runallur, Poyyundarkudikadu, Vellur, Thondarampet West, Thondarampet East, Kannugudi (West) Chief, Kannugudi (West) Addl., Kodiyalam, Vadaseri North, Vadaseri South, Paravathur, Kannugudi East, Vedavijayapuram, Avidanalla Vija yapuram, Nemilithippiakudi, Sankaranar Kudi Kadu, Vada kkukottai, Krishnapuram, Chinna Ammankudi, Illupaividuthy, Ammankudi, Thoppuviduthy, Akkarai Vattam, Surimu rthypuram(Akkaravattam), Therkukottai, Cholagankudikadu, Vedanayagipuram, Ambalapattu North, Ambalapattu South, Ambalapattu South Sivakollai, Mullurpattik adu, Gopalapuram, Ramapuram, Medayakottai, Kilamangalam, Yoganayagipuram, Palankundarkudikadu, Keelavannipattu, Unjividuthy and Panikondaviduthy villages. Orathanadu (Mukthambalpuram) (TP). Alangudi Taluk (Part) (Pudukkottai District) Kalyaranviduthy, Kavalipatti, and Kaduvettividuthy villages**. [**Although Kalyaranviduthy, Kava lipatti and Kaduvettividuthy villages are in Pudukkottai revenue district, they are physically and geographically located withi n the boundaries of 175- Orathanadu AC.]",430
TAMIL NADU,THANJAVUR,176,Pattukkottai,,"Pattukkottai Taluk (Part) Nemmeli, Keelakurichi West, K eelakurichi East, Avaikkottai, Bavajikkottai, Balajireguramasamudram, Kalichankkottai, Kaniyakurichi, Olayakunnam, Mohur, Andami, Karuppur, Pulavanji, Mahadevapuram, Musiri, Alathur, Vadugankuthagai, Sembalur, Ettupulikkadu, Karambayam, Veppankkadu Ukkadai, Veppankkadu, Enathi, Palamuthi, Aladikkumulai, Sukkiranpatti, Veerakurichi, Sendankadu, Thittakudi, Talikkottai, Alanpa llam, Veppankulam, Madukkur, Gopalasamudram, Periyakkottai, Chokkanavur, Puliyakudi, Kadathankudi, Madurabashanipuram, Vikkiramam, Vadiakkadu, Moothakurichi, Nattuchalai, Athikkottai, Soorapallam, Santhankadu, Karagavayal, Nainankulam, Mudalcheri, Anaikkadu, Ponnavarayankottai, Ponnavarayankottai Ukkadai, Vendakkottai, Kasangadu, Regunathapuram, Vattakudi Ukk adai, Vattakudi, Athivetti West, Athivetti East, P onkundu, Elangadu, Karappankadu, Siramelkudi, Reguramasamudr am, PalayeeAgraharam, Kalyanaodai, Palaverikadu, Mannankadu, Thuvarankurichi North, Thuvarankurichi Sout h, Pallikondan, Sendakkottai, Pudukkottai Ullur, Palanjur , Thamarankottai North, Thamarankottai South, Parakakalakottai, Krishnapuram, Thambikottai Melakkadu, Thambikottai Maravakad, Sundaram, Thambikottai Vadakadu, Pudukkottagam, Soundaranayakipuram, Narasi ngapuram, Chinna avadayar Koil, Mahilankottai, Chatra mthokkalikadu, Thokkalikkadu, Adirampattinam, Eripurakarai and Rajamadam villages. Madukkur (TP), Pattukkottai (M) and Adiramapattinam (TP).",431
TAMIL NADU,THANJAVUR,177,Peravurani,,"Peravurani Taluk Orathanadu Taluk (Part) Thaligaividuthi, Pandipala mavikadu, Vettuvakottai II, Vettuvakottai I, Senniaviduthy, Neivelivadapathy, Neiveli Thenpathy, Vengarai Periakottainadu, Vengarai Thippanvidudhi and Vengarai villages. Pattukkottai Taluk (Part) Nambivayal, Kollukkadu, Anandagopalapuram Vadapathi, Anandagopalapuram Thenpathi, Padirankottai Thenpathi, Padirankottai Vadapathi, Adambai North, Adambai South, Naduvikkottai, Kayavoor, Po ovalur, Valuthalaivattam, Vattathikkottai Kollukkadu, Vattathikkottai U.Bimapuram, Edayathi North, Edayathi S outh, Sooriyanarayanapuram, Seruvaviduthi Vadapathi, Krishnapuram, Seruvaviduthi Thenpathi, Madathikkadu, Thuravikkadu, Punavasal West, Punavasal East, Kurichi, Ne ivaviduthi, Ananteswarapuram, Alivalam, Kondikulam, Manavayal, Thuvaramadai, Kalugapulikkadu, Pillankuli, Palathali, Ennaivayal, Eduthanivayal, Pannaivayal, Pa ingattuvayal, Kotthadivayal, Chokkanathapuram, Poovanam, Kattayankadu Ukkadai, Madampattavur, Ottankadu, Tiruchitrambalam West, Tiruchitrambalam East, Kala thur West, Kalathur East, Ottankadu Ukkadai, Naduvikurichi, Kattaiyankadu, Pukkarambai, Pallathur, Marudangavayal, Kullukkadu, Velivayal, Pudupattinam, Andikkadu, Ettivayal, Udayamudaiyan, Aladikkadu, Al aginayagipuram, Eralivayal, Karisavayal, Thandamaraikadu, Palliodiaivayal, Pudurivayal, Rendampulikadu, Alamathikkadu, Maravanvayal, Kallivayal and Sarabendrarajanpattinam villages. Alangudi Taluk (Part) *Kattathi village (*Although Kattathi village is in Pudukkottai Revenue District, it is physically and geographically located within the boundaries of 177.Peravurani A.C.)",432
TAMIL NADU,PUDUKKOTTAI,178,Gandharvakottai,SC,"Gandharvakkottai Taluk Kulathur Taluk (Part) Chettipatti, Vellaipillayarpatti, Kannangudi, Sengalur, Kattukottaipatti, Killukotta i, Ulagankathanpatti, Killukulavoipatti, Rakathanpatti, Keelaiyur, Visalur, Puliyur, Keeranur, Nanjur, Marudur, Valiyampatti, Odugampatti, Udayalipatti, Kunnandarkovil, Themmavur, Minnathur, Vathanakottai, Perambur, Killanur, Veerakkudi, Kadambavayal, Mangathevanpatti, Pragathambalpuram, Narthamalai, Ammachatthiram, Uppiliyakkudi, Valamangalam, Seemanur, Sinaiakudi, Andakkulam, Sathinipatti, Vaithur, Seeranganpatti, Uchani, Thennangudi, Mootampatti, Narangiyanpatti, Vathanakuruchi, Thudaiyur, Satyamangalam, Irumpali, Melur, Vellanur , Muttukkadu, Vengavayal and Pungudi villages. Keeranur (TP). Alangudi Taluk (Part) Thattamanaipatti, Keerathur , Kilangadu, Mudalipatti, Sengamedu, Kallumadai, Pappapatti, Regunathapuram, Puduviduthy, Peyadipatti, Thiruppakovil, Odappaviduthi, Chinnankonviduthi, Vandanviduthy, Panduvakottai, Maruthankonviduthy, Mailankonepatti, Karumbaviduthy, Ambukovil, Pilaviduthy, Theethanv iduthi, Kulanthiranpattu and Rangianviduthy villages. Karambakkudi (TP).",432
TAMIL NADU,PUDUKKOTTAI,179,Viralimalai,,"Illupur Taluk (Except Komangalam village). Kulathur Taluk (Part) Kumaramangalam, Mathur, Singat hakuruchi, Sengalakkudi, Mandaiyur, Latchmanapatti, Me ttupatti, Sivakamipuram, Thennathirayanpatti, Palandampatti , Kalamavur, Neerpalani, Amburapatti, Madayanaipatti, Suri yur, Perambur, Alangudi, Vadugappatti, Melappuduvayal, Kolathur, Odukkur and Vemmani villages. Manaparai Taulk (Part) (Triuchirapalli District) Kavinaripatti, Puthakudi and Kappakudi villages**. [**Although Kavinaripatti, Puthakudi and Kappakudi villages are in Triuchirapalli revenue dist rict, they are physically and geographically located within the boundaries of 179- Viralimalai AC.]",433
TAMIL NADU,PUDUKKOTTAI,180,Pudukkottai,,"Pudukkottai Taluk Alangudi Taluk (Part) Pallavarayanpathai, IIaikadividuthi, Thirumanancheri, Pattathikadu, Kurumbivayal, Keelatheru, Therkutheru, Vadatheru, Vanakkankadu, Mullankuruchi South, Mullankuruchi North, Kanakkankadu, Karuppattipatti, Ayippatti, Valangondanviduthy, Vellalaviduthy, Adiranviduthy, Malaiyur, Therkutheru, Theethanipatty, Ponnamviduthy, Mankottai and Kalapam villages.",433
TAMIL NADU,PUDUKKOTTAI,181,Thirumayam,,Thirumayam Taluk (Except Palakkuruchi village).,433
TAMIL NADU,PUDUKKOTTAI,182,Alangudi,,"Alangudi Taluk (Part) Keelappatti Rasiamangalam, Pachikkottai, Kulanthai Vinayagar Kottai, Pudukkottai Viduthy, Melapatti Rasiamangalam, Melathur, Keelathur, Vadakadu, Pullanviduthy, Neduvasal Melpathi, Neduvasal Keelpathi, Andavarayapuram, Chettiendal, Anavayal I Bit, Anavayal II Bit, Latchuminarasimmapuram, Pulichangadu, Karambakkaduzamin, Karamba kkadu Zamin II Bit, Seriyalur Inam I Bit, Seriyalur Inam II Bit, Panankulam, Kulamangalam South, Kulamangalam Nort h, Kothamangalam South, Sendankudi, Nagaram, Mangadu, Kothamangalam North, Alangadu, Suranviduthy, Kallalangudy, Pallathividuthy, Pathampatti, Kuppagudi, Ayippati, Kovilur Devasthanam, Kovilur, Kothakkottai, Manjanviduthy, Kayampatti, Veppankudi, Imnampatti, Thiruvarangulam, Thirukkattalai, Kaikurichi, Vijayaragunathapuram, Poovarasakkudi, Maniyampalam, Vandakottai, Vallathirakottai, Kalangudi, Kanniyapatti, Nambukuli, Kudalur , Kathakkuruchi, Palaiyur, Muthuppattinam, Kulavoipatti, Thatchinapuram, Venkidakulam, Vennavalkudi, Araiyappatti, Keelaiyur, Senthakudi, Malakudi, Kothamangalam and Isugupatti villages. Alangudi (TP) and Keeramangalam (TP). Arantangi Taluk (Part) Maramadakki, Tirunalur, Pa ravakkottai, Kurumbur, Sirunattanvayal, Sengamari, Narpavalakkudi, Chidambaraviduthy, Thandhani, Chettikkadu, Avanathankottai, Erukkalakkottai, Poovathakkudi, Periyalur, Neivathali, Sathanendal, Neive linathapuram, Merpanaikkadu, Vembangudi, Balakrishnapuram, Ramasamipuram, Mathur, Ayingudi, Vallavari, Mangudi, Marudangudi, Rajendirapuram, Silattur, Aliyanilai, Ettiyat hali, Arasarkulam, Melpathi, Arasarkulam Keelpathi, Mangalanadu, Amarasimmendrapuram, Ambal puram, Kodivayal, Vijayapuram, Chidambarapuram, Pidarikkadu, Thuthakkudi, Mannakudi and Manivilanvayal villages.",434
TAMIL NADU,PUDUKKOTTAI,183,Aranthangi,,"Manamelkudi Taluk Avudayarkoil Taluk Aranthangi Taluk (Part) Alappirandan, Mookkudi, Rethinakkottai, Memangalam, Kovilvayal, Melappattu, Pallathivayal, Oorvani, Alangudi, Idaiyar, Kulathur, Puduva kkottai, Dharmarajanvayal, Kammangadu, Ulagalandanvayal, Veeramangalam, Perunavalur, Panjathi, Aam anji, Allaraimelavayal, Kundagavayal, Keelacheri, Sivandankadu, Vengur, Seenamangalam, Arunachalapuram, Kooganur, Rayanvayal, Thedakki, Karavayal, Nagudi, Ariyamaraikadu, Kalakkudi, Keelkudi, Ekanivayal, Egapperumalur, Adalaikalabhairavapuram, Karaikkadu, Athani, Kalakkamangalam, Thiruvappadi, Omakkanvayal, Nemmilikkadu, Munnuthanvayal, Pangayattankudi, Vellattumangalam, Kandichankadu, Piramanavayal, Ammanjakki, Manavanallur, Maivayal, Vettanur, Kongudi, Subramanyapuram and Sithakanni villages. Aranthangi (M)",434
TAMIL NADU,SIVAGANGA,184,Karaikudi,,"Devakottai Taluk Karaikudi Taluk (Part) Palaiyur, Sakkottai, Pananvayal (a) Pannampatti, Vellipatti, Periakottai, Kalathur, Nattu seri, Jeyankondan, Pukkudi, Ambakkudi, Kulappadi, Melamanakkudi, Kandanur, Sekkalaikottai, Karaikudi, Kalanivasal, Kovilur, Karaikudi RF, Ariyakkudi, Illuppaikkudi, Mathur , Sirugavayal, Pirambuvayal, Mithravayal, Sengathankudi, Periakottakudi, Pudur, Amaravathi, Senji and Kallupatti villages. Kandanur (TP), Puduvayal (TP) and Karaikkudi (M).",435
TAMIL NADU,SIVAGANGA,185,Tiruppattur,,"Tirupattur Taluk Karaikudi Taluk (Part) Kanadukathan, Kothamangalam , Pallathur, Kothari, Nerupugapatti, Athangudi, Aranmanai patti, T.Soorakudi, Oyyakondansiruvayal, Kottaiyur, Kallankudi and Managirisukkanendal villages. Kanadukathan (TP), Pallathur (TP) and Kottaiyur (TP). Thirumayam Taluk (Part) (Pudukkottai District) Palakkuruchi village**. [**Although Palakkuruchi village is in Pudukkottai revenue district, it is physically and geographically located within the boundaries of 185- Tiruppattur AC.]",435
TAMIL NADU,SIVAGANGA,186,Sivaganga,,"Sivaganga Taluk Karaikudi Taluk (Part) Kiranippatti, Koothalur, Varivayal, Sethuregunathapattinam, Pilar, Devapattu, Kallal, Sambanur, Aranmanaisiruvayal, Kurudampattu, Sannavanam, Veppankulam, Vilavadiendal, Alampattu, Keelapoongudi, Th iruthipatti, Panangudi, Ilandamangalam, Mummudichanpatti, Malaikandan and Vetriyur villages.",435
TAMIL NADU,SIVAGANGA,187,Manamadurai,,(SC) Manamadurai Taluk Ilayangudi Taluk,435
TAMIL NADU,MADURAI,188,Melur,,Melur Taluk,436
TAMIL NADU,MADURAI,189,Madurai East,,"Madurai North Taluk (Part) Kadavur, Naickanpatti, Poyya karaipatti, Manjampatti, Chatrapatti, Malaipatti, P oolampatti, Velichanatham, Chinnapatti, Kallandhiri, Mangulam, Meenakshipuram, Savalakkarayan, Velliyankundram, Appanthirupathi, Andaman, Mathur, Pilluseri, Porusupatti, Chettikulam, Periyapatti, Kavanur, Therkupethampatti, Kulamangalam, Karuvanur, Mandikulam, Parai patti, Kollankulam, Kuruthur, Jothiapatti, Erukkalainattam, Usilampatti, Kodimangalam, Koolapandi, Veerapandi, Vadugapatti, Boothakudi, Veppangulam, Chettikulam, Maranavariendal, Illuppakudi, Thuyyaneri, Arumbanur, Ayilangudi, Iraniyam, Kannikudi, Alattur, Pechikulam, Vagaikulam, Melapanangadi, Keelapanangadi, Thiruppalai, Kadakkinaru, Pudupatti, Sembiyanendal, Kodikulam, T hamaraipatti, Poolampatti, Valaichikulam, Thirukanai, Perakkur, Podasapatti, Narasingam, Mangalagudi, Uthangudi, Ulaganeri, Tirumohur, Ilangiyendal, Chittakkur, Panaikulam, S.Nedungulam, Vellaikuppam, Varaganeri, Nattarmangalam, Rajakur, Mundanayagam, Mailangundu, Thindiyur, Thathangulam, Kalikappan, Pulangulam, Kat havanendal, Veerapanjan, Vilathur, Vallankulam, Idayapatti, Isalani, Thatchanendal, Karuppukkal, Varichiyur, Seegankulam, Andarkottaram, Ilamanur, Pottapanayur, Vellakundu, Parayankulam, Alavandan, Kunnathur, Kozhikudi, Kondapettan, Karuppapillaiendal, Sakkimangalam, Udangundu, Ovalur, Senkottai, Kalimangalam, Kars eri, Sakkudi, Ananjiyur and Angadimangalam villages. Anaiyur (TP), Kannanendal (C T), Naganakulam (CT), Othakadai (CT) and Vandiyur (CT).",436
TAMIL NADU,MADURAI,190,Sholavandan,SC,"Vadipatti Taluk Madurai North Taluk (Part) Siruvalai, Chellanagoundanpatti, Ariyur, Ambalathadi, Vittankulam, Vairavanatham, Vayalur, Sambakulam, Pillayarnatham, Moolakurichi, Thodaneri, Thenur, Samayanallur, Kallikudi, Keelanedugulam, Podumbu, Adalai, Pattakkurichchi and Kovilkurundhankulam villages.",436
TAMIL NADU,MADURAI,191,Madurai North,,"Madurai South Taluk (Part) Madurai (M Corp.) Ward No.2 to 8, 11 to 15 and 17 to 20. Madurai North Taluk (Part) Melamadai (CT).",436
TAMIL NADU,MADURAI,192,Madurai South,,"Madurai South Taluk (Part) Madurai (M Corp.) Ward No.9, 10, 16, 39 and 43 to 59.",437
TAMIL NADU,MADURAI,193,Madurai Central,,"Madurai South Taluk (Part) Madurai (M Corp.) Ward No.1, 21 to 38 and 40 to 42.",437
TAMIL NADU,MADURAI,194,Madurai West,,"Madurai North Taluk (Part) Koilpappakudi village. Paravai (TP) and Vilangudi (TP). Madurai South Taluk (Part) Kodimangalam, Melamathur, Keel amathur, Kilamathikattinan, Thuvariman, Achampattu, Erk udi, Sambakudi and Pudukulam villages. Madurai (M Corp.) Ward No. 60 to 72.",437
TAMIL NADU,MADURAI,195,Thiruparankundram,,"Madurai South Taluk (Part) Tirupparankundram, Vilacheri, Vadivelkarai, Tattanur, Keelakuilkudi, Melakuyilkud i, Karadipatti, Vadapalanji, Thenpalanji, Sakkilipatti, Vedarpuliankulam, Thoppur, Thanakkankulam, Chinthamani, Pirakkudi, Kallambal, Iravadanallur, Viraganur, Puliyank ulam, Silaiman, Panaiyur, Samanatham, Chettikulam, Pe rumanendal, Koodalsengulam, Perungudi, Mullakulam, Valanendal, Nilaiyur, Periya Alangulam, Soorakkulam, Va layapatti, Thottiyapatti, Valayankulam, Pappanodai, Ramankulam, Kuthiraikutti, Kusavankundu, Kusavapatti, Viradhanur, Moothankulam, Panaikulam, Solankuruni, Eliyarpathi, Nedumadurai, Kombadi, Othaialangulam, Periya Koodakoil, Paraippathi, Nallur and Nedungulam villages. Chinna Anuppanadi (CT), Avaniapuram (TP), Thiruparankundram (TP), Harvey patti (TP) and Thirunagar (TP).",437
TAMIL NADU,MADURAI,196,Thirumangalam,,"Thirumangalam Taluk Peraiyur Taluk (Part) Poosalapuram, Chinnapoolampatti, Muthunagayapuram II Bit, Muthunagayapuram I Bit, Mathakka rai, Chinnaredddipatti, Iswaraberi, Kavundanpatti, Appakkarai, Kunnathur, Genjampatti, Adanur, Lakshmi puram, Vannivelampatti, Subbalapuram, Kilangulam, Salichandai, Peraiyur, Silaimalaipatti, S.Keelapatti , Sandaiyur, Koovalapuram, Modagam, Kadaneri, Vairavi Ammapa tti, Karaikeni, Velambur, Vaiyur, Nallamaram, Silarpatti, Gopalapuram, Jari Usilampatti, Chittulotti, Paraipatti, Muruganeri and Sengulam villages. Peraiyur (TP) and T.Kallupatti (TP).",437
TAMIL NADU,MADURAI,197,Usilampatti,,"Usilampatti Taluk Peraiyur Taluk (Part) Elumalai RF, Peryampatti, Uthapuram, E. Kottaipatti, Tadayampatti, Manibamettupatti, Vannankulam, Perungamanallur, Kalappanpatti, Sembarani, Kuppalnatham, Chinnakattalai, Periyakattalai, Adikaripatti, Thirumanickam, Melathirumathikkunnam, Soolapuram, Seelinaickenpatti, Mallapuram, Thullukkuttinaya kkanur, Pappinaickenpatti, Kudippatti, Kethuvarpatti, Jambal apuram, Avalseri, Sedapatti, Nagayapuram, Mangalrevu, Kudise ri, Aththipatti, Vandari, Vittalpatti, Saptur RF and Saptur villages. Elumalai (TP).",438
TAMIL NADU,THENI,198,Andipatti,,"Andipatti Taluk Uthamapalayam Taluk (Part) Keelagudalur, Narayanathevanpatti and Vannathiparai RF villages. Kamayagoundanpatti (TP), Gudalur (TP) and Highwavys (TP).",438
TAMIL NADU,THENI,199,Periyakulam,SC,Periyakulam Taluk Theni Taluk (Part) Unjampatty village. Theni Allinagaram (M).,438
TAMIL NADU,THENI,200,Bodinayakanur,,"Bodinayakanur Taluk Theni Taluk (Part) Koduvilarpatty, Govindanagaram, Thadicherry, Thappukundu, Upparpatty, Kottur, Seelayampatty, Poomalaikundu and Jangalpatty villages. Palani Chettipatti (TP) and Veerapandi (TP). Uthamapalayam Taluk (Part) Pottipuram, Sankarapuram, Pulanandapuram, Markeyankottai and Pulikuthi villages. Kuchanur (TP) and Markeyankottai (TP).",438
TAMIL NADU,THENI,201,Cumbum,,"Uthamapalayam Taluk (Part) Thevaram, T. Meenatch ipuram, Pannaipuram, Uthamapalayam, Mallingapur am, Gohilapuram, Rayappanpatti, Alagapuri, Muthul apuram, Chinnaovulapuram, Erasakkanayackanur, Kanniservaipatti, Erasakkanayackanur Hills, Veppampatti and Seepalakottai villages. Chinnamanur (M), Odaipatti (TP), Thevaram (TP), Pannaipuram (TP), Kombai (TP), Uthamapalayam (TP), Hanumanthanpatti (TP), Pudupatti (TP) and Cumbum (M).",438
TAMIL NADU,VIRUDHUNAGAR,202,Rajapalayam,,"Rajapalayam Taluk (Part) Vadakku Venganallur, Sammandapuram, Melapattamkarisalkulam, Kothankulam, Arasiyarpatti, Chettikulam, Ayan Kollankondan, Tiruchanur, Pudupalaiyam, Zamin Kollankondan, Sundararajapur am, Solaicheri, Therku Venganallur, IIlandiraikondan, Settur RF, Muthusamipuram, Vadakkudevadanam, Therku Devadanam, Kovilur, Nallamangalam, Puthur, Chokkanathaputtur and Melur Duraisamipuram villages. Rajapalayam (M), Seithur (T P), Dhalavoipuram (CT) and Chettiarpatti (TP).",439
TAMIL NADU,VIRUDHUNAGAR,203,Srivilliputhur (,,SC) Srivilliputhur Taluk (Except Kongalapuram village). Rajapalayam Taluk (Part) Reghunathapuram village.,439
TAMIL NADU,VIRUDHUNAGAR,204,Sattur,,"Srivilliputhur Taluk (Part) Kongalapuram village. Sivakasi Taluk (Part) Anuppankulam, Nathikudi, Pernaickenpatti, Vettrilaiyurani, Subramaniyapuram, Sindapalli, Sankaranatham, Salvarpatti, Vijayarengapuram, Kananjampatti, Edirkottai, Kongankulam, Alangulam, Kundayiruppu, Kangaraseval, Vembakottai, Vijayakarisalkulam, Panai yadippatti, Achchangulam, Surarpatti, Kilanmarinadu, Lakshmipuram and Appanayakkanpatti villages. Thayilpatti (CT) and Alangulam (CT). Rajapalayam Taluk (Part) Keelrajakularaman, Melaraja kularaman, Samusigapuram, Ramalingapuram, Varagunaram apuram, Gopalapuram, Kuruchiyarpatti, Sholapuram, Nathampatti, Vadagarai, Tenkarai and Korukkampatti villages. Sattur Taluk (Part) Ammapatti, Mettamalai, Chi nnakamanpatti, Vadamalapuram, Padandal, Kathalampatti, Al ampatti, Periagollapatti, Chinnagollapatti, Chattrapatti, Sattur, Othaiyal Mettupatti, Banduvarpatti, Surankudi, Othaiyal, Kangarakottai, Sankarapandiyapuram, Thlukkankurichchi, Sevalpatti, Kuganparai, Sippipparai, Servai karanpatti, Sanankulam, Uthuppatti, E. Ramanathapuram and D. Reddiyapatti villages. Sattur (M) and Elayirampannai (CT).",439
TAMIL NADU,VIRUDHUNAGAR,205,Sivakasi,,"Sivakasi Taluk (Part) Injar, Thiruthangal, Anaiyur, Maraneri, Duraiswamipuram, Namaskarittanpatti, Vadapatti, Krishnaperi, Naranapuram and Vendurayapuram villages. Thiruthangal (TP), Pallapatti (CT), Naranapuram (CT), Viswanatham (CT), Sithurajapur am (CT), Sivakasi (M) and Anaiyur (CT).",440
TAMIL NADU,VIRUDHUNAGAR,206,Virudhunagar,,"Virudhunagar Taluk (Part) Sengottai, Ellinganayakkampatti, Vadamalaikurichi, Sivagnanapuram, Pullalakkottai, Alla mpatti, Chatrarediapatti, Periaparali, Chinnamuppanpatti, Pelampatti, Pavali, Seeniapuram, Sengunrapuram, Moolippatti, Kavundampatti, Nattarmangalam, Kumaralingapuram, Virudhunagar, Alagapuri, Meesalur, Amathu r, Vellur, Anaikkuttam, A.Meenachipuram, Melamattur, Kariseri, Ondippulinayakkanur, Thathampatti, Puliyangulam, Maruluthu, Pattampudur, Vai pputtanpatti, Kasireddiapatti, Pachakulam, V.Muthulingapuram, Chokkalingapuram, Vadi, Pudur, Thammanayakkanpatti, Va chakkarapatti, Kalangaperi and Chinnavadi villages. Rosalpatti (CT), Virudhunagar (M) and Kooraikundu (CT). Sivakasi Taluk (Part) Erichchanatham, Sevalur, Pudukkottai, Kalayarkurichi, Mangalam, Thatchakudi, Nedungulam, Purnachandrapuram and Keelathiruthangal villages.",440
TAMIL NADU,VIRUDHUNAGAR,207,Aruppukkottai,,"Aruppukkottai Taluk (Part) Villipathiri, Soolakkarai, Kallumarpatti, Kullursandai, Palavanatham, Gopalapuram, Kovilangulam, Kattangudi, Palayampatti, Poyyankulam, Kurunjakulam, Puliyuran, Sembatti, Mettuthottiy angulam, Kanchanaickenpatti, Kattakkanjanpatti, Sukkilanatham, Thiruvirunthalpuram, T.Meenakshipuram, Amanakkunatham, Kotthiparai, Kurundamadam, Podampatti, Chettikurichi, Vadakkukoppuchithampatti, Koppuchithampatti, Pandalkudi, Chettipatti, Vaduvarpatti, Thummakundu, P.Andipatti, Velayudhapuram and Athipatti villages. Aruppukkottai (M) Virudhunagar Taluk (Part) Mettukkundu, Kadambankulam, Se nnalkudi, Chettipatti, Kottainatham, Endappuli, Koilvirarpatti, Valayapatti, Mannarkottai, Avudaiyapuram, Tulukkapatti, Kottaiyur, Sundaralingapuram, Pudupatti and Appayyanayakkanpatti villages. Sattur Taluk (Part) Kumaralingapuram, Muthulingapuram, Veppilaipatti, Sandaiyur, Golwarpatti, Nallamanayakkanpatti, Kundalakuthur, Pappakudi, Kosukk undu, Athipatti, Sirukulam, Melamadai , N.Mettupatti (Nenm ani), Mudittalai Nagalapuram, Nenmeni, Pottireddiyapatti, Sinduvampatti, Ayyampatti, Uppattur, Oomathampatti , Ovanayakkanpatti, Subramaniyapuram, Peddureddipa tti, Chinnathambiyapuram, Muthandiyapuram, O.Muthuswamipuram, Karisalpatti, Mulliseval Muthusamipuram, Mullisevel (a) Chokkalingapuram, Nallamuthanpa tti, Nalli, Perayyampatti, Kanjampatti and Ravuthampatti villages.",440
TAMIL NADU,VIRUDHUNAGAR,208,Tiruchuli,,"Kariapatti Taluk Tiruchuli Taluk Aruppukkottai Taluk (Part) Kulasekaranallur, Mangulam, Melakandamangalam, Kurunaikulam, Konganakurichi , Aladipatti, Bommakottai, Kallorani, Savaspuram, Kullam patti, Muthuramalingapuram, Narthampatti, Kalayarkarisalkulam, Kalyanasundarapuram, Kallumadam, Erasinnampatti, Parattanatham, Thammanaickenpatti, Vedanatham, Silukkapatti, Mandapasalai, Maravarperungudi , Thummuchinnampatti, Thirumalaipuram, Salukkuvarpatti, Suthamadam, Thoppalakarai, Rajagopalapuram, Pullanaickenpatti, Chettikulam, Kanakai, Paralachi, Melaiyur, Vadakkunatham, Therkunatham, Sengulam, Poolangal Kallakkari, Keelkudi and Purasalur villages.",441
TAMIL NADU,RAMANATHAPURAM,209,Paramakudi,SC,"Paramakudi Taluk Kamuthi Taluk (Part) T.Punavasal, Vangarupuram, Perianaikkulam, Achankulam, A.Tharaikkudi, Vallandai, Eluv anur, Koodakkulam, Kakkudi, Nagaratharkurichi, Abiramam , Natham, Maraikkulam and Mandalamanickam villages. Abiramam (TP).",441
TAMIL NADU,RAMANATHAPURAM,210,Tiruvadanai,,"Tiruvadanai Taluk Ramanathapuram Taluk (Part) Pandamangalam, Andichiendal, Vennathur, Pathanendal, Naranamangalam, Alamanenthal, Devipattinam, Peruvayal, Kumariyendal, Kavanur, Karendal , Pullangudi, Chitharkottai, Athiyuthu, Palangulam, Toruvalu r, Vannivayal, Surankottai, Pattinamkattan, Thiruvolhiyakalugoorani, Therbogi, Alagankulam, Sakkarakottai, Kooriyur, Achundhanvayal, Landai, Panaikkulam, Malangudi and Ekkakudi villages.",441
TAMIL NADU,RAMANATHAPURAM,211,Ramanathapuram,,"Rameswaram Taluk Ramanathapuram Taluk (Part) Attangarai, Perungulam, Valantaravai, Kusavankudi, Rajasuriamadai, Vellamarichukatti, Achadipirambu, Kuthakottai, Vannankundu, Raghunathapuram, Kumbaram, Rettaiyurani, Nagachi, Enm anamkondan, Pirappanvalasai, Sathakonvalasai, Mandapam, Nochiyurani, Pudumadam, Karan, Periapattinam, Kalimankundu, Tiruppullani, Kalari, Uthirakosamangai, Mallal, Alangulam, Nallirukkai, Panaydiyendal, Velanur, Kulapatham, Pallamorkulam, Kanjirangudi, Keelakarai, Manikkaneri, Pullandai and Mayakulam villages. Ramanathapuram (M), Keelakarai (TP) and Mandapam (TP).",441
TAMIL NADU,RAMANATHAPURAM,212,Mudhukulathur,,"Mudukulathur Taluk Kadaladi Taluk Kamuthi Taluk (Part) Mudimannarkottai, Neeravi, N. Karisalkulam, Melaramanadhi, Keelaramanadhi, K.Nedungulam, Anaiyur, Pakkuvetti, Sengappadai, Mudalnadu, Mushtakurichi, Seemanendal, Pudukkottai, Peraiyur, Kallikulam, O.Karisalkulam, K.Veppangulam, Pammanendal, Mavilangai, Ariamangalam, Kovilangulam, Komboothi, Villanendal, M. Pudukulam, Idivilagi, Ponthampuli, Thimmanathapuram, T.Valasubramaniapuram, P.Mut huramalingapuram, Perunali, Sadayanendal, Sambakkulam, Kamuthi, Thavasikurichi and Kadamangalam villages. Kamuthi (TP).",442
TAMIL NADU,THOOTHUKKUDI,213,Vilathikulam,,"Vilathikulam Taluk Ettayapuram Taluk Ottapidaram Taluk (Part) Kudiraikulam, Nagampatti, Passuvandanai, Muthuramalingapuram, Minakshipuram, Kumara Ettaiyapuram, Eppodumvendran, Kattunayakkanpatti, Adanur, Mullur, Muthukumarapuram, V eppalodai, Terku, Kalmedu, Vadanatham, Kolamparam bu, Chandragiri, Jagaveerapandiapuram, K.Dala vaipuram, Vellaram, P.Duraiswamipuram, Kila M udiman, Keela Mangalam, Sillangulam, S.Kumarapur am, K.Shanmukapuram, D.Duraiswamipuram and Pattanamarudur villages.",442
TAMIL NADU,THOOTHUKKUDI,214,Thoothukkudi,,"Thoothukkudi Taluk (Part) Thoothukudi, Milavittan and Mullakadu villages. Thoothukkudi (M) and Muttayyapuram (CT).",442
TAMIL NADU,THOOTHUKKUDI,215,Tiruchendur,,"Tiruchendur Taluk (Part) Mavidupannai, Thenthiruperi (Kur ukkattur), Thenthiruperi (Rajapathi), Sethukkuva ithan, Mela Authoor, Sernthamangalam, Punnakayal, Suganthalai, Angamangalam, Puraiyoor, Moo kkuperi, Kachanavilai, Nalumavadi, Nallur, Moolakarai, Ammanpuram, Veeramanickam, Veerapandi anpatnam, Pallipathu, Kayamozhi, Mela Thiruchendur, Paramankurichi, Kuthiraimozhi, Semmarikulam, Nangaimozhi, Megnanapuram, Manaduthandupathu , Lakshimipuram, Vagaivillai, Chettiapathu, Venkataramanujapuram, Athiyakurichi, Udangudi, Kulasekarapatnam, Mathavankuruchi and Manappadu villages. Thenthiruperi (TP), Authoor (TP), Kayalpattinam (TP), Arumuganeri (TP), Kanam (TP), Na zareth (TP), Tiruchendur (TP) and Udangudi (TP).",442
TAMIL NADU,THOOTHUKKUDI,216,Srivaikuntam,,"Sathankulam Taluk Srivaikuntam Taluk (Part) Arampannai, Kongarayakurichi, Alwarkarkulam, Tholappanpannai, Padmanabhamangalam, Srimoolakkarai, Nattathi, Thirupanichettikulam, Iruvappapuram, Palayakkayal, Manjalneerkayal, Agaram, Maramangalam, Arumugamangalam, Siruthondanallur, Sivakalai, Peroor, Thirupuliangudi, Vellur Athichanallur, Karungulam, Seidunganallur, Therkkukaraseri, Serakulam, Vallakulam, Kalvoy, Vellur Cusba, Sriparangusanallur, Keelapidagai Varadharajapuram, Paragram apandi, Keelapidagaiappankoil, Keelapidagai Cusba, Mangalakkurichi, Kottarakkurichi, Valavallan, Thirupani Chettiyapathu, Korkai, Kodungani and Mukkani villages. Sawyerpuram (TP), Perungulam (TP), Eral (TP) and Srivaikuntam (TP). Tiruchendur Taluk (Part) Malavarayanatham, Athinathapuram, Thirukkalur, Kadayanodai, Themankulam, Thirunaveerudayarpuram, Alagiamanavalapuram, Udayar kulam, Kurippankulam and Vellamadam villages. Alwarthirunagari (TP).",443
TAMIL NADU,THOOTHUKKUDI,217,Ottapidaram,SC,"Ottapidaram Taluk (Part) Mela Maruthur, Tharuvaikulam, Mela Arasadi, Valasamuthram, Sindalakottai, Ottappidaram, Kulasekaranallur, Muramban, Ottainatham, Kollankinaru, Marudanvalvoonaraikinar, Go vindapuram, Kalappaipatti, Keelakottai, Kodiyankulam, Ackanaickenpatti, Maniyachi, Paraikuttam, Melapandiyapuram, Savarimangalam, Jambulingapuram, Pudiyam puthur, Swaminatham, Therkuveerapandiyapuram, Sillanatham, Pudur pandiyapuram, Keela Arasadi, Malaipatti, Ilavelangal, Thennampatti, Kottali, Pariva llikkottai, Sangampatti, Onamakulam, Araikkulam and Panchalamkurichi villages. Thoothukkudi Taluk (Part) Umarikottai, Mela Thattaparai, Vadakkusilukkanpatti, Sankaraperi, Muthuswamipur am, Keelathattapparai, Ramaswamipuram, Dalvaypuram, Timmarajapuram, Perurani, Allikkulam, Terkusilukkanpatti, Maravanmatam, Sendilampannai, Kuttudankadu, Varthakareddipatti, Ramanathapuram, Mudivaithanendal, Kumaragiri, Kattalangulam, Servaikaranmadam, Kuliyankarisal, Ayyanadaippu and Korampallam villages. Mappilaiurani (CT) and Athimarapatti (CT). Srivaikuntam Taluk (Part) Alanda, Poovani, Meenakshipuram Sekkarakkudi, Sekkarakkudi, Vadakkukariseri , Singathakurichi, Ulakkudi, Kaliyavur, Muruppanadukovilpattu, Vadavallanadu, Kilavallanadu, Deivaseyalpuram, Ellainayakkanpatti, Chettimallanpatti, Aniyaparanallur, Tannuthu, Vallanadu (Kasba), Kilputhaneri, Vasavappapuram, Alikkudi, Murappanadu Pudugramam, Nanal kadu, Manakkarai, Vitthalapuram, Muthulangurichi and Vitthalapuram Kovilpattu villages.",443
TAMIL NADU,THOOTHUKKUDI,218,Kovilpatti,,Kovilpatti Taluk,444
TAMIL NADU,TIRUNELVELI,219,Sankarankovil,SC,"Sankarankovil Taluk (Part) Kalingappatti, Subbiahpuram, C hattrappatti, Varaganur, Mukkuttumalai, Ilaiyarasanendal, Puliyankulam, Chittrampatti, Appaneri, Ayyaneri, Nakkalamuthanpatti, Naduvappatti, Maipparai, Sangupatti, Vellakulam, A.Karisalkulam, Kulasekarapperi, Karisattan, Chathrangondan, Kalppakulam, Perunkottur, Alagapuri, Madhurapur i, Kuruvikulam (North), Kurinchakulam, Sundaresapuram, Kulakkattakurichi, Vadakkuppatti, Pitchaithalaivanpatti, Pillayarnatham, Z.Devarkulam, Athipatti, Ramalingapuram, Kuruvikulam (South), Vagaikulam, Naluvasankottai, Sevalkulam, Malaiyankulam, Therkku Sankarankovil, Periyakovilankulam, Ko.Maruthappapuram, Ilandaikulam, Usilangulam, Palankottai, K. Alangulam, Chettikulam, Mahendravadi, Kalappalankulam, Nalanthula, K.Karisalkulam, Sayamalai, Maruthankinaru, Keelaneelidanallur, Melaneelidanallur, Kurukkalpatti, Chinnakovilankul am, Naduvakurichi (Minor), Naduvakurichi (Major), Pattadai katti, Kulasekaramangalam, Sendamangalam, Vellalankulam, Echanda, Vadakku Panavadali, Narikudi, Achampatti, Vellappaneri, Thadiyampatti, Moovirunthali, Vanniconendal, Devarkulam, Sundankurichi and Mela Ilandaikulam villages. Thiruvenkatam (TP) and Sankarankoil (M).",444
TAMIL NADU,TIRUNELVELI,220,Vasudevanallur,SC,"Sivagiri Taluk Sankarankovil Taluk (Part) Perumalpatti, Valavandapuram, Pandappuli, Paruvakkudi, Panaiyur, Periyur, Kuvalaikkanni, Karivalamvandanallur, Vayali, Manalur, Perumpathur , Vadikkottai, Veeriruppu, Vadakkupudur, Nochikulam, Punnaivanam, Madathupatti, Ariyanayagipuram, Veerasigamani , Kilveerasigamani, Poigai and Rengasamudram villages.",444
TAMIL NADU,TIRUNELVELI,221,Kadayanallur,,"Shenkottai Taluk Tenkasi Taluk (Part) Chockampatti, Boganallur, Kambaneri Pudukudi, Kanagasabapathiperi, Poygai, Urmelazhagian, Kilankadu, Nainaragaram, Idaikal, Kasidharmam and Kodikurichi villages. Kadayanallur (M), Sambavar Vadagarai (TP) and Ayikudi (TP).",445
TAMIL NADU,TIRUNELVELI,222,Tenkasi,,"Veerakeralamputhur Taluk Tenkasi Taluk (Part) Kuthukalvalasai, Pattakurichi, Tiruchitrambalam, Melapavoor, Kulasekarapatti, Gunaramanallu r, Pattappathu, Courtallam, Courtallam Slopes R.F., Ay iraperi, Mathalamparai, Sillaraipuravu, Kallurani, Thippanampatti and Avudaiyanoor villages. Tenkasi (M), Sundarapandiapuram (TP), Ilanji (TP), Melagaram (TP) and Courtalam (TP).",445
TAMIL NADU,TIRUNELVELI,223,Alangulam,,"Alangulam Taluk Ambasamudram Taluk (Part) Kadayam perumpathu, Keelakadayam, Vadakku Ariyanayagipuram, Pappakudi, Kasidharmam, Idaikkal, Therkumadathur, Ayan Pottalpudur I, Therku Kadayam, Ravanasamudram, Govindapperi, Ayan Dharmapuramadam, Sivasailam, Virasamudram, Pappankulam, Sengulam, Rengasamudram, Pananjadi, Palla kkal, Adaichani, Kila Ambur and Mela Ambur villages. Alwarkurichi (TP) and Mukkudal (TP).",445
TAMIL NADU,TIRUNELVELI,224,Tirunelveli,,"Tirunelveli Taluk (Part) Ukkirankottai, Vagaikulam, Alagiapandiapuram, Kattarankulam, Shelianallur, Pirancheri, Chittar Chatram, Gangaikondan, Pillaiyarkulam, Kanarpatti, Ettankulam, Kalakudi, Kurichikulam, Therkupatti, Manur, Pallikkottai, Thalaiyuthu, Thenkalam, Nanchankulam, Mavadi, Madhavakurichi, Uganthanpatti, Pudur, Karuvanallur, Seethaparpanallur, Vallavankottai, Thulukkarpatti, Sethurayanpudur, Palamadai, Alangaraperi, Pathinalamperi, Kuppakurichi, Kattalai Udayaneri, Kattampuli, Udayaneri, Kalkurichi, Rajavallipuram, Veppankulam, Ramayanpatti, Abishekapatti, Sirukkankurichi, Vettuvankulam, Velarkulam, Sivaniyarkulam, Tulukkarkulam, Thiruppani Karisalkulam, Thuvarasi, Vaduganpatti, Sankan Thiradu, Melakkallur, Kodaganallur, Palavoor, Kondanagaram, Suthamalli, Karungadu, Narasinganallur, Pettai and Thenpathu villages. Sankarnagar (TP) and Naranammalpuram (TP). Tirunelveli (M.Corp.)Ward No.1 to 4 and 40 to 55.",445
TAMIL NADU,TIRUNELVELI,225,Ambasamudram,,"Ambasamudram Taluk (Part) Terku Ariyanayakipuram, Udaiyamartandapuram, Giriyammalpuram, Thenthi ruppuvanam, Manapaaranallur, Harikesavanallur, Tiruppudaimarudur, Athalanallur, Sattupathu, Ayan Thiruvalees waram, Mannarkovil, Brahmadesam, Vagaikulam, Adaiya Karungulam, Ekambarapuram, Kodarangulam, Vellanguli, Vadakku Karukurichi, Kuniyur, Pudukkudi, Therku Viravanallur, Therku Kallidaikurichi, Pappankulam (South), Ayansingampatti, Vairavikulam, Zamin Singampa tti, Singampatti Zamindar Forest, Malaiyankulam, Thiruviruthanpuli, Poongudaiyarkulam, Karisalpa tti, Ulagankulam, Papanasam R.F. and Venkatrengapuram villages. Ambasamudram (TP), Vikramasingapuram (TP), Sivanthipuram (CT), Kalladaikuri chi (TP), Veeravanallur (TP), Cheranmahadevi (TP), Pathamadai (TP), Melacheval (TP), Gopalasamudram (TP) and Manimutharu (TP).",446
TAMIL NADU,TIRUNELVELI,226,Palayamkottai,,Tirunelveli Taluk (Part) Tirunelveli (M.Corp.) Ward No.5 to 39.,446
TAMIL NADU,TIRUNELVELI,227,Nanguneri,,Palayamkottai Taluk (Except Tirunelveli M.Corp. Wards) Nanguneri Taluk,446
TAMIL NADU,TIRUNELVELI,228,Radhapuram,,Radhapuram Taluk,446
TAMIL NADU,KANNIYAKUMARI,229,Kanniyakumari,,"Thovalai Taluk Agastheeswaram Taluk (Part) Theroor, Marungoor, Kulaseka rapuram, Eraviputhoor, Suchindrum, Madhusoodhanapuram, Thengamputhoor, Parakkai, Thamaraikulam, Agasthees waram, Azhagappapuram, Kanniyakumari and Dharmapuram villages. Theroor (TP), Marungoor (TP), Suchindram (TP), Mylaudy (TP), Azhagappapuram (TP), Puthalam (TP), Thengamputhoor (TP), Thenthamaraikulam (TP), Kottaram (TP), Anjugramam (TP), Agastheeswaram (TP) and Kanniyakumari (TP).",446
TAMIL NADU,KANNIYAKUMARI,230,Nagercoil,,"Agastheeswaram Taluk (Part) Nagercoil, Vadiveeswaram, V adasery, Neendakarai - A, Vambanoor and Neendakarai -B villages. Nagercoil (M), Asaripallam (TP) and Ganapathipuram (TP).",446
TAMIL NADU,KANNIYAKUMARI,231,Colachel,,"Kalkulam Taluk (Part) Eraniel, Thalakulam, Kurunthencode, Kadiapattanam, Valvatchagoastam and Colachel villages. Villukkuri (TP), Alur (TP), Er aniel (TP), Kallukuttam (TP), Neyyoor (TP), Reethapuram (TP), Colachel (M), Manavalakurichi (TP), Mandai kadu (TP), Thingalnagar (TP), Valvatchagoastam (TP), Mulagumodu (TP), Vellimalai (TP) and Kappiara (TP).",446
TAMIL NADU,KANNIYAKUMARI,232,Padmanabhapuram,,"Kalkulam Taluk (Part) Veerapuli R.F., Veerapuli Extn. (Kulasekharam), Thirparappu, Aruvikkarai, Churulacode, Velim alai Forest, Mecode, Attoor, Thiruvithancode, Thuckalay, Kalkulam, and Veeyanoor villages. Thiruparappu (TP), Thiruvattar (TP), Kulasekharam (TP), Ponmanai (TP), Kumarapuram (TP), Kothanalloor (TP), Verkilambi (TP), Attoor (TP), Padmanabhapuram (M), Thiruvithancode (TP) and Vilavur (TP).",447
TAMIL NADU,KANNIYAKUMARI,233,Vilavancode,,"Vilavancode Taluk (Part) Kilamalai R.F., Mancode, Ar umanai, Vellamcode, Edaicode, Palugal, Vilavancode, Pacode, Nattalam and Kunnathoor villages. Kadayal (TP), Arumanai (TP), E daicode (TP), Palugal (TP), Kaliyakkavilai (TP), Pacode (TP), Kuzhithurai (M), Unnamalaikadai (TP) and Nallur (TP).",447
TAMIL NADU,KANNIYAKUMARI,234,Killiyoor,,"Vilavancode Taluk (Part) Kulappuram, Methukummal, Kollencode, Ezhudesam, Arudesam, Painkulam, Keezhk ulam, Killiyoor, Paloor and Midalam villages. Puthukadai (TP), Kollancode (TP), Ezhudesam (TP), Keezhkulam (TP), Killiyoor (TP), Karungal (TP) and Palapallam (TP).",447
TRIPURA,WEST TRIPURA,1,SIMNA,ST,"Paschim Simna, Sankhola, Baikunthapur and Chandrapur Tehsils; and Wakinagar mouza in Patnipara Tehsil in Sadar Sub-Division",451
TRIPURA,WEST TRIPURA,2,MOHANPUR,,"Mohanpur, Taranagar, Bodhjongnagar and Kalkalia Tehsils in Sadar Sub-Division",451
TRIPURA,WEST TRIPURA,3,BAMUTIA,SC,"Bamutia, Debendrachandr anagar, Gandhigram and Fatikchharra Tehsils in Sadar Sub-Division",451
TRIPURA,WEST TRIPURA,4,BARJALA,SC,Lankamura Tehsil; Barjala mouz a in Barjala Tehsil; and Kunjavan mouza (part) in I ndranagar Tehsil in Sadar Sub- Division Uttar Champamura and Khayer pur Tehsils; and Purba,451
TRIPURA,WEST TRIPURA,5,KHAYERPUR,,Noagaon and Radhamohanpur mouzas in Purba Noagaon Tehsil in Sadar Sub-Division,451
TRIPURA,WEST TRIPURA,6,AGARTALA,,Agartala Cantonment Board (C.B) in Agartala West Tehsil; Indranagar mouza (part) and Wa rd No. 3 of Agartala Municipal Council in Indranagar Tehsil; Ward No. 1 of A gartala Municipal Council in Agartala West Tehsil; and Ward No. 2 of Agartala Munici pal Council in Agartala East and Agartala West Tehsils in Sadar Subdivision.,451
TRIPURA,WEST TRIPURA,7,RAMNAGAR,,"Ramnagar mouza (part) in Barjal a Tehsil, and Ward Nos. 6, 7, 8 and 10 of Agartala Municipal Council in Agartala West Tehsil in Sadar Sub-Division.",451
TRIPURA,WEST TRIPURA,8,TOWN BORDOWALI,,"Ward Nos. 9, 11, 12 and 13 of Agartala Municipal Council in A gartala West Tehsil; and Ward No. 14 of Agartala Municipal Council in Agartala East and Agartala West Tehsils in Sadar Sub-Division.",451
TRIPURA,WEST TRIPURA,9,BANAMALIPUR,,"Ward Nos. 4, 5, 15, 16 and 17 of Agartala Municipal Council in Agartala East Tehsil in Sadar Sub-Division.",451
TRIPURA,WEST TRIPURA,10,MAJLISHPUR,,"Majlishpur and Purba Barjala Tehsils; and Bankimnagar mouza in Jirania Tehsil in Sadar Sub-Division. Mandainagar, Laxmipur and Shivnagar Tehsils; Jirania",452
TRIPURA,WEST TRIPURA,11,MANDAIBAZAR,ST,"mouza in Jirania Tehsil; and Patnipara, Kathirambari, Khengrai, Harbhang and Ashigarh mouzas in Patnipara Tehsil in Sadar Sub-Division Champaknagar and Belbari Tehsils; Radhapur mouza in",452
TRIPURA,WEST TRIPURA,12,TAKARJALA,ST,"Purba Noagaon Tehsil; Janmejoynagar mouza in Jirania Tehsil in Sadar Sub-Division; and Paschim Takarjala, Purba Takarjala, Sangkumabari and Amarendranagar Tehsils; and Madhya Ghaniamara mouza in Pekuarjala Tehsil in Bishalgarh Sub-Division. Jogendranagar and Pratapgarh mouzas in Dukli Tehsil in",452
TRIPURA,WEST TRIPURA,13,PRATAPGARH,SC,Bishalgarh Sub-Division.,452
TRIPURA,WEST TRIPURA,14,BADHARGHAT,SC,Badharghat Tehsil in Bishalgarh Sub-Division.,452
TRIPURA,WEST TRIPURA,15,KAMALASAGAR,,"Nehalchandranagar, Devipur and Bikramnagar Tehsils; Madhupur and Kaiyadhepa mouzas in Madhupur Tehsil in Bishalgarh Sub-Division.",452
TRIPURA,WEST TRIPURA,16,BISHALGARH,,Ghaniamara and Bishalgarh T ehsils; Purathal Rajnagar mouza in Madhupur Tehsil; and Gajaria mouza in Rangapania Tehsil in Bishalgarh Sub-Division.,452
TRIPURA,WEST TRIPURA,17,GOLAGHATI,ST,"Golaghati, Pathaliaghat and Pr abhapur Tehsils; Pekuarjala, Mohanpur, Bamnichhara and Shyamnagar mouzas in Pekuarjala Tehsil; and Srinagar mouza in Srinagar Tehsil in Bishalgarh Sub-Division",452
TRIPURA,WEST TRIPURA,18,SURYAMANINAGAR,,"Suryamaninagar Tehsil; Dukli m ouza in Dukli Tehsil; and Anandanagar mouza in Srinagar T ehsil in Bishalgarh Sub- Division Rangmala, Amtali and Uttar Charilam Tehsils; and",452
TRIPURA,WEST TRIPURA,19,CHARILAM,ST,"Bangshibari, Rangapania and Sutarmura mouzas in Rangapania Tehsil in Bishalgarh Sub-Division.",452
TRIPURA,WEST TRIPURA,20,BOXANAGAR,,"Bheluarchar, Boxanagar and Matinagar Tehsils; and Aralia (Excluding the portion falling under Sonamura Nagar Panchayat) and Nabadwipchandranagar mouzas in Sonamura Tehsil in Sonamura Sub-Division. Durlavnarayanpur, Choumuhani and Nalchar Tehsils; and",452
TRIPURA,WEST TRIPURA,21,NALCHAR,SC,Rudijala mouza in Melaghar Tehsil in Sonamura Sub- Division. Urmai and Shobhapur Tehsils; Khedabari mouza and,452
TRIPURA,WEST TRIPURA,22,SONAMURA,,Sonamura Nagar Panchayat in Sonamura Tehsil; Melaghar mouza in Melaghar Tehsil; and Chandigarh mouza in Telkajla Tehsil in Sonamura Sub-Division.,453
TRIPURA,WEST TRIPURA,23,DHANPUR,,"Dhanpur, Kathalia, Nidaya and Taibandal Tehsils; and Mohanbhog, Telkajla, Jharjharia and Barpathar mouzas in Telkajla Tehsil in Sonamura Sub-Division .",453
TRIPURA,WEST TRIPURA,24,RAMCHANDRAGHAT,ST,"Padmabil and Ramchandraghat Tehsils; and Laxminarayanpur, Dwarikapur and Purba Ramchandraghat mouzas in Laxminarayanpur Tehsil in Khowai Sub-Division.",453
TRIPURA,WEST TRIPURA,25,KHOWAI,,Khowai Tehsil; and Paschim Singhichhara mouza in Singhichhara Tehsil in Khowai Sub-Division.,453
TRIPURA,WEST TRIPURA,26,ASHARAMBARI,ST,"A sharambari, Champahour and B ehalabari Tehsils; Paschim Rajnagar mouza in Laxmi narayanpur Tehsil; Purba Singhicharra and Paschim Bachaibari mouzas in Singhichhara Tehsil; Badlabar i, Mainakbari, Uttar Pramodenagar and Jagnakobrabari mouzas in Durgapur Tehsil; Tuichingrambari and Karaibari mouzas in Maharanipur Tehsil; and Sriram khara mouza in Krishnapur Tehsil in Khowai sub-division.",453
TRIPURA,WEST TRIPURA,27,KALYANPUR - PRAMODENAGAR,,"Kalyanpur Tehsil; Maharanipur, Uttar Ghilatali and Dakshin Pramodenagar mouzas in Mahar anipur Tehsil; Chebri mouza in Laxminarayanpur Tehsil; Durgapur and Shantinagar mouzas in Durgapur Tehsil; Dakshin Maharani and Ghilatali mouzas in Kris hnapur Tehsil; and Kamalnagar mouza in Moharchhara Tehsil in Khowai Sub-Division.",453
TRIPURA,WEST TRIPURA,28,TELIAMURA,,"Teliamura Nagar Panchayat in Teliamura, Krishnapur and Howaibari Tehsils; Moharchhar a and Uttar Pulinpur mouzas in Moharchhara Tehsil; and Da kshin Pulinpur, Tuichindrai, Howaibari and Sardukarkari mouz as in Howaibari Tehsil in Khowai Sub-Division.",453
TRIPURA,WEST TRIPURA,29,KRISHNAPUR,ST,"Laxmipur, Brahmachhara, Utta r Gakulnagar, Dakshin Gakulnagar, Nunachhara R.F. and Atharamura R.F. mouzas in Teliamura Tehsil; Ramakrishnapur and Krishnapur (Excluding the portion falling under Teliamura Nagar Panchayat) mouzas in Krishnapur Tehsil; and Teliamura RF mouza (Excluding the portion fa lling under Teliamura Nagar Panchayat) in Howaibari Tehsil in Khowai Sub-Division",453
TRIPURA,SOUTH TRIPURA,30,BAGMA,ST,"Killa, Pitra and Bagma Tehsils; Khupilong, Kanchigong, R.K Pur R.F and Gakulpur mouzas in Dhwajanagar Tehsil in Udaipur Sub-Division.",454
TRIPURA,SOUTH TRIPURA,31,RADHAKISHOREPUR,,Radhakishorepur Tehsil; Tepania mouza in Salgarah Tehsil; Rajdharnagar and Jamjuri mouzas in Jamjuri Tehsil; and Chataria and Dhwajanagar mouz as in Dhawajanagar Tehsil in Udaipur Sub-Division.,454
TRIPURA,SOUTH TRIPURA,32,MATARBARI,,Matarbari and Maharani Tehsils; Murapara mouza in Jamjuri Tehsil; Garjichhara and Garji R.F. mouzas in Garji Tehsil in Udaipur Sub-Division.,454
TRIPURA,SOUTH TRIPURA,33,KAKRABAN- SALGARAH,SC,"Kakraban and Mirja Tehsils; Gangachhara mouza in Garji Tehsil; Dudhpushkarini and Pala tana mouzas in Jamjuri Tehsil; and Hadra, Garjanm ura, Amtali and Salgarah mouzas in Salgarah Tehsil in Udaipur Sub-Division.",454
TRIPURA,SOUTH TRIPURA,34,RAJNAGAR,SC,"Rajnagar, Radhanagar and Siddhinagar Tehsils; and Laxmipur, Purba Pepariakhol a, Barpathari, Paschim Pepariakhola and Kasari R.F. m ouzas in Barpathari Tehsil in Belonia Sub-Division.",454
TRIPURA,SOUTH TRIPURA,35,BELONIA,,Belonia and Maichhara Tehsils; Uttar Bharatchandranagar mouza in Barpathari Tehs il; Laogong mouza in Baikhora Tehsil; and Paikhola and Chittamara mouzas in Rajapur Tehsil in Belonia Sub-Division.,454
TRIPURA,SOUTH TRIPURA,36,SANTIRBAZAR,ST,"Birchandranagar and Santirbazar Tehsils; Rajapur and Paschim Patichharimouzas in Rajapur Tehsil; Laxmichhara and Kalalaogong mouzas in Laxmichhara Tehsil; Baramura- Deotamura and Raibari mouzas in Kalashi Tehsil; and Baikhora mouza in Baikhora Tehs il in Belonia Sub-Division; and Baishabari, Chapiapara and Taiharchum mouzas in Garji Tehsil in Udaipur Sub-Division.",454
TRIPURA,SOUTH TRIPURA,37,HRISHYAMUKH,,"Sarasima, Hrishyamukh, Krishnanagar, Matai and Purba Muhuripur Tehsils in Belonia Sub-Division.",454
TRIPURA,SOUTH TRIPURA,38,JOLAIBARI,ST,"Dakshin Hichachhara, Jolaibar i, Purba Pilak and Paschim Pilak Tehsils; Purba Charakbai and Muhuripur R.F. mouzas in Laxmichhara Tehsil; Utta r Barpathari, Kalashi and Dakshin Barpathari mouzas in Kalashi Tehsil; and Paschim Charakbai mouza in Baikhora Tehsil in Belonia Sub-Division.",454
TRIPURA,SOUTH TRIPURA,39,MANU,ST,"Bhuratali Tehsil; Bagmara, Chalita Bankul, Uttar Manu- Bankul, Dakshin Manu-Bankul, Ru p aichhari, Sonaichhari, Uttar Bijoypur, Bishnupur, Utta r Taichama, Kathalchhari and Garifa mouzas in Manu-Bankul Tehsil; and Sindhukpathar, Fulchhari, Magurchhara, Manubazar, Goachand and Chaltachhara mouzas in M anu Tehsil in Sabroom Sub- Division.",454
TRIPURA,SOUTH TRIPURA,40,SABROOM,,"Sabroom and Srinagar Tehsils; Purba Sabroom, Dakshin Bijoypur, Dakshin Sabroom, Baishnabpur, Ailamara, Purba Ludhua and Paschim Ludhua mouzas in Baishnabpur Tehsil; and Betaga R.F. mouza in Manu Tehsil in Sabroom Sub-Division.",455
TRIPURA,SOUTH TRIPURA,41,AMPINAGAR,ST,"A mpinagar, Taidubari and Sonachhara (Nagrai) Tehsils; Paschim Sarbang, Purba Sarbang, Paschim Kalajhari R.F., Kamlaipara and Gungia mouzas in Bampur Tehsil; and Paschim Malbasa , Purba Malbasa, Dalak andPaharpur mouzas in Malbasa Tehsil in Amarpur Sub-Division.",455
TRIPURA,SOUTH TRIPURA,42,AMARPUR,,"Birganj Tehsil; Bampur and R angamati mouzas in Bampur Tehsil, Paschim Doluma, Purba Doluma and Kurmachhara mouzas in Malbasa Tehsil; Nutanbazar and Lebachhara mouzas in Nutanbazar Tehsil; and Uttar Ekchhari mouza in Chellagong Tehsil in Amarpur Sub-Division.",455
TRIPURA,SOUTH TRIPURA,43,KARBOOK,ST,"Dakshin Karbook Tehsil; Pasch im Manikya Dewan, Purba Manikya Dewan, Rambhadra, Ja rimura, Mukchhari, Chakpur and Purba Kalajhari R.F. mouzas in Nutanbazar Tehsil; and Laogong, Dakshin Chellagong, Uttar Chellagong, Paschim Ekchhari, Dakshin Ekchhar i and Tairbhuma mouzas in Chellagong Tehsil in Amarpur Sub-Division; and Silachhari Tehsil; Rajdhar Nagar, Magr um, Bagachatal and Kaptali mouzas in Baishnabpur Tehsil; and Desharampara mouza in Manu-Bankul Tehsil in Sabroom Sub-Division.",455
TRIPURA,DHALAI,44,RAIMA VALLEY,ST,Ganganagar Tehsil in Ambassa Sub-Divison; and Gandachhara and Raima Valley Tehsils in Gandhachhara Sub-Division.,455
TRIPURA,DHALAI,45,KAMALPUR,,"Kamalpur, Manikbhandar and Hal ahali Tehsils in Kamalpur Sub-Division.",455
TRIPURA,DHALAI,46,SURMA,SC,"Barasurama, Mahabir and Salema Tehsils in Kamalpur Sub- Division.",455
TRIPURA,DHALAI,47,AMBASSA,ST,"Ambassa, Kulai, and Nalichhara Tehsils in Ambassa Sub- Division; and Kachuchhara Tehsil in Kamalpur Sub-Division.",455
TRIPURA,DHALAI,48,KARAMCHHARA,ST,Karamchhara and Manu Tehsils in Longtarai Valley Sub- Division.,456
TRIPURA,DHALAI,49,CHHAWMANU,ST,"Chailengta, Chhawmanu, Manikpur and Govindabari Tehsils in Longtarai Valley Sub-Division.",456
TRIPURA,NORTH TRIPURA,50,PABIACHHARA,SC,"Kumarghat Tehsil; and Dudhpur mouza in Kanchanbari Tehsil in Kailasahar Sub-Division; and Uttar Machmara, Dakshin Machmara and Dewanbari mouzas in Machmara Tehsil; and Deo R.F. and Ra ybari Para mouzas in Kanchanpur Tehsil in Kanchanpur Sub-Division.",456
TRIPURA,NORTH TRIPURA,51,FATIKROY,SC,"Fatikroy Tehsil; Paschim Kanchanbari, Masauli, Purba Ratachhara, Paschim Ratachhara , Laljuri, Dengdung and Saidachhara mouzas in Kanchanbari Tehsil; and Jagannathpur and Bilaspur mouz as in Birchandranagar Tehsil in Kailasahar Sub-Division.",456
TRIPURA,NORTH TRIPURA,52,CHANDIPUR,,"Gournagar and Sriram pur Tehsils; Goldharpur mouza in Kailashahar Tehsil; and Chantail, Ja rultali, Fultali, Golakpur, Birchandranagar, Dhanbilas and Samruhala R.F. mouzas in Birchnadranagar Tehsil in Kailasahar Sub-Division.",456
TRIPURA,NORTH TRIPURA,53,KAILASAHAR,,Tilagaon Tehsil; and Kailasahar Nagar Panchayat and Ichabpur mouzas in Kailasahar Tehsil in Kailasahar Sub- Division.,456
TRIPURA,NORTH TRIPURA,54,KADAMTALA - KURTI,,"Kadamtala, Kurti and Brajendranagar Tehsils; Maheshpur mouza in Ichailalchhara Tehs il; and Churaibari mouza in Churaibari Tehsil in Dharmanagar Sub-Division.",456
TRIPURA,NORTH TRIPURA,55,BAGBASSA,,"Kameshwar, Sanichhara and Hurua Tehsils; Laxminagar mouza in Churaibari Tehsil; and Ichailalchhara, Pratyekrai and Bishnupur mouzas in Ichailalchhara Tehsil in Dharmanagar sub-division.",456
TRIPURA,NORTH TRIPURA,56,DHARMANAGAR,,"Ragna, Baruakandi and Dharmanagar Tehsils in Dharmanagar Sub-Division.",456
TRIPURA,NORTH TRIPURA,57,JUBARAJNAGAR,,"Halflong, Tilthai and Uptak hali Tehsils; Ramnagar and Deochhara mouzas in Ramnagar Tehsil; and Bilthai mouza in Panisagar Tehsil in Dharmanagar Sub-Division.",456
TRIPURA,NORTH TRIPURA,58,PANISAGAR,,"Jalebasa Tehsil; Panisagar, Rowa, Dakshin Padmabil and Indurail mouzas in Panisagar Tehsil; and Uttar Padmabil mouza in Ramna g ar Tehsil in Dharmana g ar Sub-Division; and Damchhara Tehsil; and Juri R. F. mouza in Pencharthal Tehsil in Kanchanpur Sub-Division.",456
TRIPURA,NORTH TRIPURA,59,PENCHARTHAL,ST,"Ujan Machmara, Vangmun and Khedachhara Tehsils; Paschim Andharchhara, Purba Andharchhara, Laxmanchhara, Nabinchhara, Birchandranagar, Karaichhara, Bagaichhara, Penc harthal and Nalkata Mouzas in Pencharthal Tehsil; and Dhanichhara mouza in Machmara Tehsil in Kanchanpur Sub-Division.",457
TRIPURA,NORTH TRIPURA,60,KANCHANPUR,ST,"A nandabazar and Dasda Tehsils; Kanchanpur, Chandipur, Kanchanchhara and Shantipur mouzas in Kanchanpur Tehsil in Kanchanpur Sub-Division.",457
UTTAR PRADESH,SAHARANPUR,1,Behat,,1-Behat Tehsil.,459
UTTAR PRADESH,SAHARANPUR,2,Nakur,,"KCs 1-Nakur, 3-Sarsawa, 4- Sultanpur, Sarsawa NPP, Nakur NPP and Chilkana Sultanpur NP of 3-Nakur-Tehsil.",459
UTTAR PRADESH,SAHARANPUR,3,Saharanpur Nagar,,Saharanpur NPP.,459
UTTAR PRADESH,SAHARANPUR,4,Saharanpur,,"KCs 2-Punwarka, 3-Harora, PCs 1-Dara Ali, 2-Pathanpur, 3- Manak Mau, 8-Dabki Gujjar, 18-Megh Chhapper and 20-Dara Shivpuri of 1-Saharanpur KC of 2-Saharanpur Tehsil.",459
UTTAR PRADESH,SAHARANPUR,5,Deoband,,"KCs 1-Deoband, 2-Bhaila, 4- Tal heri Bujurg & Deoband NPP of 4-Deoband Tehsil.",459
UTTAR PRADESH,SAHARANPUR,6,Rampur Maniharan,SC,"KCs 3-Nagal, 5-Rampur & Rampur Maniharan NP of 4-Deoband Tehsil; PCs 4-Landhora Gujjar, 5- Kankar Kooi, 6-Sabdalpur Shivdaspur, 7-Chhid Bana, 9-Kapasa, 10-Lakhnaur, 11-Dabki Junnardar, 12-Hasanpur Bhalaswa, 13-Nalheda Gujjar, 14- Sahajwa, 15-Beetiya, 16-Malhipur, 17-Chunehti Gada, 19- Mubarakpur & 21-Sheikh pura Kadeem of 1-Saharanpur KC of 2-Saharanpur-Tehsil.",459
UTTAR PRADESH,SAHARANPUR,7,Gangoh,,"KCs 2-Ambehta, 5-G angoh, Ambehta NP, Titron NP & Gangoh NPP of 3-Nakur Tehsil; KC 6-Nanauta & Nanauta NP of 4-Deoband Tehsil.",459
UTTAR PRADESH,MUZAFFARNAGAR,8,Kairana,,"PCs 4-Gagor, 5-Un, 6-Chausana-1, 7-Chausana-2, 8-Toda, 9-Khodsama, 10-Shamli-Shamla, 11-B allamajara, 12-Bajheri, 13 Kera Bhau, 14-Nai Nangla, 15-Dather a, 16-Baheda, 17-Sakoti, 18-Udpur, 19-Machhrauli, 20-Lawa Daudpur of 1- Un KC, 2- Jhinjhana KC, PCs Kairana 1 & 4, Kairana 2, Kairana 3, 5- Mohammadpur Rai, 6-Ramra, 7-Panjeeth, 8-Mamaur, 9- Teetarvada, 10-Unchagaon, 11-Airati, 12-Kandela, 15- Dundookheda, 16-Issopur of 3- Kairana KC, Un NP, Jhinjhana NP & Kairana NPP of 1-Kairana Tehsil.",460
UTTAR PRADESH,MUZAFFARNAGAR,9,Thana Bhawan,,"KC 3-Thana Bhawan, PCs 1-Taprana, 2- Purmafee, 3- Nonagali, 4-Silawar, 5-Gadhipukhta, 6-Ma landi, 7-Tana, 8- Goharni, 9-Rajhad, 10-B hainswal-1, 11-Sikka, 12-Kedi, 13-Babri, 14-Butrada, 15-Sontta, 16-B anteekheda, 17-Karodahathi, 19- Kaservakalan, 20-Titauli of 2-Shamli KC, Garhipukhata NP, Thana Bhawan NP & Jalalabad NP of 2-Shamli Tehsil; PCs 1- Pindaura Jahangirpur, 2-Ha thchhoya & 3-Mundet of 1-Un KC of Kairana Tehsil.",460
UTTAR PRADESH,MUZAFFARNAGAR,10,Shamli,,"KC 1-Lisadh, PC 18-Shamli, 21-Banat of 2-Shamli KC, 4-Ailum NP, 5-Shamli NPP & 6-Banat NP of 2-Shamli Tehsil; PCs 13- Kandrawali, 14-Aaldi, 17-19 Kandhal a (E)(N)(S), 20-Gangeru (E), 21-Gangeru (W), 22-Gangeru (N) of 3-Kairana KC & Kandhala NPP of 1-Kairana Tehsil; PCs 18-Nala, 19-Taharpur Bhabisa, 20- Kaniyan, 21-Salfa & 22-Sunna of Budhana KC of Budhana Tehsil.",460
UTTAR PRADESH,MUZAFFARNAGAR,11,Budhana,,"4-Budhana Tehsil (Except PCs 18-Na la, 19-Taharpur Bhabisa, 20-Kaniyan, 21-Salfa & 22-Sunna of Budhana KC).",460
UTTAR PRADESH,MUZAFFARNAGAR,12,Charthawal,,"KCs 3-Baghra, 4-Charthawal, PCs 1- Nara, 2-Jarauda, 3- Bahadarpur, 4-Lachheda, 6-Sujru, 7- Bihari, 8-Harsauli, 9-Tawli, 10-Simli, 14-Vahalana, 15-Nirmana, 18-Barwala of 2-Kukra KC & Charthawal NP of 3-Muzaffarnagar Tehsil.",460
UTTAR PRADESH,MUZAFFARNAGAR,13,Purqazi,SC,"KCs 1-Muzaffarnagar, 5-Purchapar, 6-Sherpur & Purqazi NP of 3-Muzaffarnagar Tehsil.",460
UTTAR PRADESH,MUZAFFARNAGAR,14,Muzaffar Nagar,,"PCs 5-Bilaspur, 11-Jatmunjhera, 12-Makhiya li, 13- Shernagar, 16-Dhandhera, 17-Bhandoor a of 2-Kukra KC & 7- Muzaffarnagar NPP of 3-Muzaffarnagar Tehsil.",460
UTTAR PRADESH,MUZAFFARNAGAR,15,Khatauli,,"KCs 1-Khatauli, 2-Mansoorpur, PCs 1-Jansath, 2-Talada, 3- Tisang, 4-Mehalaki, 7-Khedachogawan, 10-Basayach, 11- Nangalachadhav of 3-Jansath KC, K hatauli NPP, Khatauli (CT) & Jansath NP of 5-Jansath Tehsil.",460
UTTAR PRADESH,MUZAFFARNAGAR,16,Meerapur,,"KCs 4-Meerapur, 5-Bhopa, PCs 5-Sa larpur, 6-Jatwara, 8- Kawal, 9-Dhansari, 12-Jolly, 13-Roor kali Talabali, 14-Nagla Bujurg, 15-Kamheda, 16-Tissa, 17-Ka krauli, 18-Tewda of 3- Jansath KC, Meerapur NP & Bhoker heri NP of 5-Jansath Tehsil.",461
UTTAR PRADESH,BIJNOR,17,Najibabad,,"KCs 3-Najibabad, 4-Nangal, 5-Sahanpur, Sahanpur NP, Jalalabad NP & Najibabad MB of 1-Najibabad Tehsil.",461
UTTAR PRADESH,BIJNOR,18,Nagina,SC,"KCs 1-Akbarabad, 2-Kira tpur & Kiratpur MB of 1-Najibabad Tehsil; KC 2-Nagina & Nagina MB of 3-Nagina Tehsil.",461
UTTAR PRADESH,BIJNOR,19,Barhapur,,"KCs 1-Barhapur, 3-Pureni, Barhapur NP of 3-Nagina Tehsil; KCs 6-Kadrabad, 7-Afzalgarh & Afzalgar h M.B. of 4-Dhampur Tehsil.",461
UTTAR PRADESH,BIJNOR,20,Dhampur,,"KC 3-Sherkot, PCs 1-Ajitpurdasi, 2-Berkhera Tanda, 4-Chak Mohmad Nagar, 5-Jamapur, 6-Ja smor, 10-Manpur Shivpuri, 11- Mitthepur, 12-Moh. Alipur Madho, 13-Mukerpuri, 14-Palanpur, 16- Rasoolpur Mohd. Kuli, 17-Sabdalpur, 19-Saddober, 20- Safiyabad, 21-Salarabad, 22-S eohara of 4-Seohara KC, PCs 1- Amkhera Shanjarpur, 3-Bamnoli, 7-Chakrajmal, 10-Dhampur Husainpur, 11-Fatehull apur Khas, 13-Mauzampur Jaitra, 14- Mohri, 15-Mozampur Suraj, 16-Nindru of 2-Dhampur KC, Dhampur MB, Sherkot MB & Seohara MB of 4-Dhampur Tehsil.",461
UTTAR PRADESH,BIJNOR,21,Nehtaur,SC,"KC 4-Haldaur & Haldaur MB of 2- Bijnor Tehsil; KC 1-Nehtaur, PCs 2-Athai Shekh, 4-Basera Dasu, 5-Basera Khurd, 6- Bhawanipur Tarkola, 8-Mankua, 9-Dhakka Karmachand, 12-Kotra Tappa Kesho, 17-Pipalsana, 18-Raipur Maluk, 19-Sedha, 20- Sherpur Balla, 21-Tapraula of 2-D hampur KC & Nehtaur MB of 4-Dhampur Tehsil.",461
UTTAR PRADESH,BIJNOR,22,Bijnor,,"KCs 1-Mandawar, 2-Bijnor, 3-Da ra Nagar, Mandawar NP, Jhalu NP & Bijnor MB of 2-Bijnor Tehsil.",461
UTTAR PRADESH,BIJNOR,23,Chandpur,,"KCs 1-Chandpur, 2-Basta, PCs 1-Aurangabad, 2-Azamgarh Urf Ratangarh, 3-Azampur, 4-Dhar upur, 5-Dhundli, 6-Govli, 8- Heempur Bujurg, 9-Jujhaila, 11-Majhaula Gujar, 12-Murahat, 14- Phoona, 16-Yusufa of 3-Phoona KC & Chandpur MB of 5- Chandpur Tehsil.",461
UTTAR PRADESH,BIJNOR,24,Noorpur,,"KC 4-Boodhpur, PCs 7-Haizar pur Bhatt, 10-Mahamdabad, 13-Paijaniya, 15-Shivala, 17-Naya k Nangla, 18-Sujatpur Tikar, 19-Khaspura, 20-Umribarhi, Chaj upura & Chehla of 3-Phoona KC & Noorpur MB of 5-Chandpur Tehsil; KC 5-Sahaspur, PCs 3-Budhanpur, 7-Kuri Bangar, 8-Lam ba Khera, 9-Moh. Alipur Inayat, 15-Pithapur, 18-Sadaf al of 4-Seohara KC & Sahaspur NP of 4-Dhampur Tehsil.",462
UTTAR PRADESH,MORADABAD,25,Kanth,,"6-Kanth Teshil; PCs 46-Baher i Brahmanan, 47-Adampur, 48- Salem Sarai, 49-Maksoodpur of 3-Jatpura KC, PCs 51-Sadarpur, 55-Milak Amawati, 57-Kazipura, 60-Gakkharpur, 61-Mustafapur of 4-Dilari KC of 1-Thakurdw ara Teshil & KC 2-Pakbara of 2-Moradabad Teshil.",462
UTTAR PRADESH,MORADABAD,26,Thakurdwara,,"KCs 1-Sharif Nagar, 2-Thakur dwara, PCs 34-Jatpura, 35-Sultanpur Dost, 36-Sumal K hera, 37-Sultanpur Munda, 38- Rajpur Keshariyawa, 39-Kankar Khera, 40-Tumaria Kalan, 41- Fatanpur, 42-Sahaspuri, 43-Dhak ia Peeroo, 44-Sidhwali, 45- Sarkara Khas of 3-Jatpura KC , PCs 50-Malakpur Semli, 52- Dakiya Jatt, 53-Rehta Mafi, 54-Dilari Changeri, 56-Budhanpur, 58-Payandapur, 59-Karanpur of 4- Dilari KC & Thakurdwara MB of 1-Thakurdwara Teshil; PC s 47-Udmanwala, 48-Baheri, 51- Barahi Lalpur Ahatmali, 52-Satti Khera, 53-Birpur Fatehullapur, 54-Udawala, 55-Padia Nagl a Mustahkam, 56-Chandpur Mustahkam, 59-Burhanpur Mustahkam , 60-Kukar Jhundi and 61- Chaturpur Naik of 4-Bhojpur Dharmpur KC of 2-Moradabad Teshil.",462
UTTAR PRADESH,MORADABAD,27,Moradabad Rural,,"KC 1-Moradabad City, PCs 45-Bhoj pur Dharmpur, 46-Pipalsana Mustahkam, 49-Devipura, 50-Pa siapura, 57-Niwar Khas, 58- Shyampur Hadipur of 4-Bhoj pur Dharmpur KC, Bhojpur Dharampur NP, Ward Nos.1, 3, 7, 9, 17, 18, 21, 24, 28, 32, 35, 39 to 42, 45,47, 48, 51 to 55, 57 & 58 in Moradabad (M Corp.) of 2-Moradabad Teshil.",462
UTTAR PRADESH,MORADABAD,28,Moradabad Nagar,,"Ward Nos. 2, 4, 5, 6, 8, 10 to 16, 19, 20, 22, 23, 25, 26, 27, 29, 30, 31, 33, 34, 36, 37, 38, 43, 44, 46, 49, 50, 56, 59 & 60 in Moradabad (M Corp.), of 2-Moradabad Teshil.",462
UTTAR PRADESH,MORADABAD,29,Kundarki,,"KCs 3-Got, 5-Mundapande of 2-Moradabad Teshil; KC 1- Kundarki & Kundarki N.P of 3-Bilari Tehsil.",462
UTTAR PRADESH,MORADABAD,30,Bilari,,"KCs 2-Bilari, 3-Jargawan & Bilari MB of 3-Bilari Tehsil; PCs 9- Gursari, 10-Rajthal, 11-Berni, 12-Kurh Fatehgarh, 13-Paiga Rafatpur, 14-Deora Khas , 15-Jahangeerpur, 16-Atwa, 17- Bhagatpur Peli, 18-Reeth, 19- Balkaranpur, 20-Chhawara of 1- Chandausi KC of 5-Chandausi Teshil.",463
UTTAR PRADESH,MORADABAD,31,Chandausi,SC,"KC 3-Narauli, PCs 1-Maulagarh, 2-Pathra, 3 Gumthal, 4- Akrauli, 5-Baniya Khera, 6-Fa tehpurdal, 7-Ashlatnagar Jarai, 8- Raholi, 21-Mohamad Nagar Kasba, 22-Pachak of 1-Chandausi KC, PCs 24-Bahjoi Dehat, 34-Beht a Jaisingh, 40-Sadat Wari, 41- Khajra Khakham, 42-Arjunpur J una, 43-Machhkhera, 44-Maithra Dharmpur, 45-Rampura, 46-Maukat her of 2-Bahjoi KC, Narauli NP, Chandausi MB & Bahjoi MB of 5-Chandausi Teshil.",463
UTTAR PRADESH,MORADABAD,32,Asmoli,,"KCs 1-Asmoli, 2-Bhoor, 3-Sara i Treen, PCs 57-Bela, 64-Madhan, 65-Dugawar, 67-Bilal Pat, 68-Malpur Urf Mallpur, 70-Khaiyya Mafi of 4-Sirsi KC of 4-Sambhal Te shil; PCs 25-Bamanpuri Kalan, 26- Thathi, 27-Bahrauli Taharpur , 28-Chandan Kati Mauza, 29- Rajpur, 30-Shivarajpur, 31-Kira ri, 32-Atrasi, 33-Ghasipur, 35- Nadhosa, 36-Kamalpur, 37-D hampur Kanho, 38-Chaupa Shobhapur & 39-Pathakpur of 2-B ahjoi KC of 5-Chandausi Tehsil.",463
UTTAR PRADESH,MORADABAD,33,Sambhal,,"KC 5-Sambhal City, PCs 56-Si rsi, 58-Barahi, 59-Nawada, 60- Gumsani, 61-Betla, 62-Fatehulla Ganj, 63-Seedal Mafi, 66- Saindhri, 69-Hazratnagar Garhi, 71-Battva, 72-Basoda, 73-Dondi of 4-Sirsi KC, Sambhal MB & Sirsi NP of 4-Sambhal Tehsil.",463
UTTAR PRADESH,RAMPUR,34,Suar,,"KCs 1-Tanda, 2-Suar, Forest R udarapur Range, Suar MB, Tanda MB & Maswasi NP of 1-Suar Tehsil.",463
UTTAR PRADESH,RAMPUR,35,Chamraua,,KC 3-Matkhera of 1-Suar Tehsil; KCs 1-Saidnagar & 2-Chamraua of 3-Rampur Tehsil.,463
UTTAR PRADESH,RAMPUR,36,Bilaspur,,"2-Bilaspur Tehsil; KC 1-Sihari, PCs 18-Nagla Udai, 25-Shyampur, 26-Khata Kalan, 27-Dhanaili Uttri, 28-Pashupura of 2-Milak KC of 5-Milak Tehsil.",463
UTTAR PRADESH,RAMPUR,37,Rampur,,KC 3-Panwaria & Rampur MB of 3-Rampur Tehsil.,463
UTTAR PRADESH,RAMPUR,38,Milak,SC,"4-Shahabad Tehsil; PCs 19-Ramnagar , 20-Dhamora, 21-Puraina, 22-Ainchora, 23-Larhpur, 24-Lohapatti Bholanath, 29-Bhainsori, 30-Jalif Nagla, 31-Vikrampur, 32-Khutia, 33-Dhanelipurbi, 34- Param, 35-Kripyapanday, 36-Purain ya Kalan of 2-Milak KC & Milak MB of 5-Milak Tehsil.",463
UTTAR PRADESH,JYOTIBA PHULE NAGAR,39,Dhanaura,SC,1-Dhanaura Tehsil.,464
UTTAR PRADESH,JYOTIBA PHULE NAGAR,40,Naugawan Sadat,,"KCs 2-Naugawan Sadat, 3-Kailsa & Naugawan Sadat NP of 2- Amroha Tehsil; PCs 1-Mubarakpur Kalan, 5-Rajoha, 6-Machra Bhagwanpur, 8-Koovi, 9-Karanpur Mafi, 12-Sihali Jageer, 13- Katai, 14-Jeehal, 19-Tanda, 20-Ta siha, 21-Chakori, 22-Umarpur, 24-Manauta, 26-Gharont, 27-Taharpur of 1-Hasanpur KC of 3- Hasanpur Tehsil.",464
UTTAR PRADESH,JYOTIBA PHULE NAGAR,41,Amroha,,"KC 1-Amroha, Amroha MB & Joya NP of 2-Amroha Tehsil.",464
UTTAR PRADESH,JYOTIBA PHULE NAGAR,42,Hasanpur,,"KCs 2-Ujhari, 3-Rahra, PCs 2-Mohamdabad, 3-Bijora, 4-Dhoriya, 7-Vatupura, 10-Shehbazpur Do r, 11-Hasanpur, 15-Deeppur, 16- Sultanpur Mollvi, 17-Machhrai , 18-Kankather, 23-Sateda Ahatmali, 25-Luhari Khadar of 1- Hasanpur KC, Hasanpur MB & Ujhari NP of 3-Hasanpur Tehsil.",464
UTTAR PRADESH,MEERUT,43,Siwalkhas,,"KCs 3-Rohta, 4-Jani Khurd, Siwalk has NP of 3-Meerut Tehsil; KC 1-Saroorpur & Karnawal NP of 1-Sardhana Tehsil.",464
UTTAR PRADESH,MEERUT,44,Sardhana,,"KCs 2-Sardhana, 3-Daurala, Sa rdhana MB, Daurala NP & Lawar NP of 1-Sardhana Tehsil; PCs 1-Akbarpur Sadat, 2-Amroli Urf Bada Gaon, 3-Kaul, 4-Khalidpur, 5-Gadina, 6-Gagsona, 9-Pilona, 11-Batnaur, 12-Bhagwanpur, 17-R ahawti, 20-Phalauda of 1- Mawana KC & Phalauda NP of 2-Mawana Tehsil.",464
UTTAR PRADESH,MEERUT,45,Hastinapur,SC,"KCs 2-Hastinapur, 3-Parikshatgar h, PCs 7-Tatina, 8-Niloha, 10- Bana, 13-Bhainsa, 14-Mawana Kalan-I, 15-Mawana Khurd, 16- Mubarikpur, 18-Sandhan, 19-Dhiko li of 1-Mawana KC, Mawana MB, Bahsooma NP, Hastinapur NP & Parikshatgarh NP of 2- Mawana Tehsil.",464
UTTAR PRADESH,MEERUT,46,Kithore,,"KC 4-Machhara & 10 Kithore NP of 2 Mawana Tehsil; KCs 1 Rajpura, 5 Kharkhauda & Khark hauda NP of 3 Meerut Tehsil.",464
UTTAR PRADESH,MEERUT,47,Meerut Cantt,,"Meerut (CB) & Ward Nos. 1, 6 to 9, 18, 23, 26, 32, 37, 40, 44, 52, 59, 61, 63, 64, 66, 67 & 70 in Meerut (M Corp.) of 3-Meerut Tehsil.",464
UTTAR PRADESH,MEERUT,48,Meerut,,"Ward Nos. 4, 12, 14, 15, 17, 20, 21, 22, 24, 27, 29, 36, 38, 42, 43, 45, 47 to 51, 53 to 58, 60, 62 , 65, 68 & 69 in Meerut (M Corp.) of 3-Meerut Tehsil.",464
UTTAR PRADESH,MEERUT,49,Meerut South,,"KC 2-Meerut, & Ward Nos. 2, 3, 5, 10, 11, 13, 16, 19, 25, 28, 30, 31, 33, 34, 35, 39, 41 & 46 in M eerut (M Corp.) of 3 Meerut Tehsil.",465
UTTAR PRADESH,BAGHPAT,50,Chhaprauli,,"KCs 2-Chhaprauli, 3-Binoli, PC s 8-Mukarrabpur Kandera, 17- Kishanpur, 18-Bhudpur, 22-Kasimpur Kheri of 1-Baraut KC, Doghat NP, Tikri NP & Chhaprau li NP of 1-Baraut Tehsil.",465
UTTAR PRADESH,BAGHPAT,51,Baraut,,"PCs 1-Kheri Pradhan, 2-Kotana, 3-Luhari, 4-Loyan, 5-Malakpur, 6-Shahpur Badoli, 7-Sadiqpur Si noli, 9-Badawad, 10-Sadatpur Jonmana, 11-Bam, 12-Badaka, 13-Wazidpur, 14-Mahawatpur, 15-Jiwana, 16-Bawali, 19-Bijrol, 20-Johari, 21-Hilwari, 23-Jagos of 1-Baraut KC & Baraut MB of 1-Baraut Tehsil; PCs 5-Bali, 6- Meetli, 7-Niwara, 8-Sisana, 9-Gy asri Urf Gandhi, 10-Saroorpur Kalan, 11-Fatehpur Putthi, 12- Dhanaura Silvernagar, 13-Bichpari, 14-Budhera, 15-Naithla, 16-Su ltanpur Hatana, 17-Faizpur Ninana, 18-Goripur Jawahar Nagar, 19-Sujara, 20-Tayodi & 21- Khera Islampur of 1-Baghpat KC of 2 Baghpat Tehsil.",465
UTTAR PRADESH,BAGHPAT,52,Baghpat,,"3-Khekra Tehsil; KC 2-Pilana, PCs 1-Baghpat, 2-Pali, 3-Pawla Bagamabad, 4-Tatiri of 1-B aghpat KC, Baghpat MB, Aminagar Sarai NP & Agarwal Mandi NP of 2-Baghpat Tehsil.",465
UTTAR PRADESH,GHAZIABAD,53,Loni,,"PCs 1-Agraula, 2-Lutfullapur Na wada, 3-Badshahpur Sirauli, 4- Aurangabad Ristal, 5-Behta Hajipur , 6-Pachaira, 7-Chirori, 8- Pavisadakpur, 9-Meerpur Hindu, 10-Asalatpur (Farookh Nagar), 11-Sirora Salempur, 13-Loni, 14-Banthla, 15-Mandaula, 16- Nistauli, 17-Sharfuddi npur Jawali of 2-Loni KC & Loni NP of 2- Ghaziabad Tehsil.",465
UTTAR PRADESH,GHAZIABAD,54,Muradnagar,,"KC 3-Muradnagar and 5-Muradnagar MB of 1-Modinagar Tehsil; PCs 2-Duhai, 4-Ataur, 5-Shams her, 9-Sadarpur, 17-Bahadurpur of 1-Ghaziabad KC, Ward Nos. 7, 12, 24, 27, 31, 32, 34, 39, 40, 43, 45, 47, 49, 51, 54, 56 & 58 in Ghaziabad (M Corp.) of 2- Ghaziabad Tehsil.",465
UTTAR PRADESH,GHAZIABAD,55,Sahibabad,,"PC 18-Arthala, 19-Makanpur of 2- Loni KC, Ward Nos. 1, 8, 9 , 13, 14, 16, 18, 19, 20, 25, 26, 30, 33, 38, 41, 50, 55 & 60 in Ghaziabad (M Corp.) of 2-Ghaziabad Tehsil.",465
UTTAR PRADESH,GHAZIABAD,56,Ghaziabad,,"Ward Nos. 2 to 6,10, 11, 15, 17, 21, 22, 23, 28, 29, 35, 36, 37, 42, 44, 46, 48, 52, 53, 57 & 59 in Ghaziabad (M Corp.) of 2- Ghaziabad Tehsil.",465
UTTAR PRADESH,GHAZIABAD,57,Modi Nagar,,"KCs 1-Modi Nagar, 2-Bhojpur, 4-M odi Nagar MB, Faridnagar NP, 7-Patla NP & 8-Niwari NP of 1-Modi Nagar Tehsil.",466
UTTAR PRADESH,GHAZIABAD,58,Dhaulana,,"KC 3-Dhaulana, PCs 6-Girdhar pur Tumrail, 8-Sabli, 10- Raghunathpur, 19-Baroda Hinduwan, 20-Anwarpur, 23-Dadri, 24- Badnauli, 25-Sarawa of 1-Hapur KC & Pilkhuwa MB of 3-Hapur Tehsil; 1-Ghaziabad KC (excl uding PCs 2-Duhi, 4-Ataur, 5- Shamsher, 9-Sardarpur & 17-B ahadurpur) and Dasna NP of 2- Ghaziabad Tehsil.",466
UTTAR PRADESH,GHAZIABAD,59,Hapur,SC,"PCs 1-Hapur, 2 Sadikpur, 3-Khark hari, 4-Bhatiyana, 5-Chamri, 7- Harsinghpur, 9-Gondi, 11-Asaura, 12-Peernagar Soodna, 13- Tatarpur, 14-Dadayara, 15-Doya mi, 16-Sirodhan, 17-Hafizpur Ubarpur, 18-Baroda Sihani, 21-Dahana, 22-Malakpur of 1-Hapur KC, PCs 1-Hirdaypur, 2-Simrauli, 3 -Meerpur Kalan, 4-Kathikhera, 6-Sikanderpur Kakori, 7-Ayadnagar Janoob, 9-Hosdarpur Garhi, 10-Lukhrara, 15-Bachhlota, 17-N ali Husainpur, 20-Chhapkauli of 2-Babugarh KC, Babugarh NP & Hapur MB of 3-Hapur Tehsil.",466
UTTAR PRADESH,GHAZIABAD,60,Garhmukteshwar,,"4-Garhmukteshwar Tehsil; PCs 5-Sarawani, 8-Rasoolpur Behlolpur, 11-Habaspur Bigas, 12-Mohammadpur Ajampur, 13- Mubarikpur Salamatpur, 14-M adhopur Mojampur, 16-Upaira, 18- Bankhanda, 19-Muzaffrabagarpur, 21- Shyampur Jatt, 22-Gohra Alamgeerpur & 23-Fatehpur Mat naura of 2-Babugarh KC of 3- Hapur Tehsil.",466
UTTAR PRADESH,GAUTAM BUDDHA NAGAR,61,Noida,,"PCs 25-Sorkha Jahidabad, 26-Chhija rsi, 31-Parthala Khanjarpur, 33-Chotpur, 35-Mamura, 36-Gaijhha Tilpatabad, 37-Chhalera Bangar, 38-Jalpura, 41-Sadarpur , 43-Sultanpur, 44-Baraula, 46- Bhangel Begampur of 2-Bisrkha KC & Noida (CT) of 1-Dadri Tehsil.",466
UTTAR PRADESH,GAUTAM BUDDHA NAGAR,62,Dadri,,"KC 1-Dadri, PCs 24-Kacheda Wars abad, 27-Bisrakh Jalalpur, 28- Patwari, 29-Chipiyana Bujurg, 30-Chhapraula, 32-Rozayakubpur, 34-Haibatpur, 39-Khodana Kalan, 40-Saini, 42-Khedi, 45- Khairpur Gujar, 47-Achheja of 2- Bisrkha KC & Dadri MB of 1- Dadri Tehsil; KC 1-Surajpur of 2-Gautam Budh Nagar Tehsil.",466
UTTAR PRADESH,GAUTAM BUDDHA NAGAR,63,Jewar,,"3-Jewar Tehsil; KCs 2-Dankaur, 3-Bilaspur, Bilaspur NP & Dankaur NP of 2-Gautam Budh Nagar Tehsil.",466
UTTAR PRADESH,BULANDSHAHAR,64,Sikandrabad,,"1-Sikandrabad Tehsil; PCs 4-Chhapr avat, 5-Baral, 8-Sainta, 9- Kurli, 10-Kota, 11-Bhamra, 16- Anchana, 18-Girdharpur Navada, 20-Gulaothi (Dehat), 21-Auladha, 24-Maholi of 2-Agouta KC & Gulaothi MB of 2-Bulandshahr Tehsil.",467
UTTAR PRADESH,BULANDSHAHAR,65,Bulandshahr,,"KC 3-Baran, PCs 1-Luharli, 2- Joligarh, 3-Akhtayarpur, 6- Sharifpur Bhainsroli, 7-Lohgra, 12-Ginora S hekh, 13-Nimchana, 14-Agouta, 15-Sihi, 17-Khangawa li, 19-Karimnagar Banboi, 22- Partabpur, 23-Salavatnagar Ganga wali, 25-Aulena of 2-Agouta KC & Bulandshahr MB of Bulandshahr Tehsil.",467
UTTAR PRADESH,BULANDSHAHAR,66,Syana,,3-Syana Tehsil.,467
UTTAR PRADESH,BULANDSHAHAR,67,Anupshahr,,"PCs 1-Fatehpur, 2-Serora, 4-P aharpur, 5-Shikoi, 8-Parli, 9- Anupshahr Bangar, 10-Salamatpur, 11-Anivas, 12 -Malakpur, 14- Birauli of 2-Anupshahar KC, PCs 1-Ja tpura, 2-Sakhne, 3-Navi Nagar, 4-Tetauta Urf Veergaun, 5-Jahangirabad, 7-Bamanpur, 8- Jaser, 9-Khadana, 10-Khanoda, 11-Ahamadnagar Urf Toli, 12- Bhiroli, 13-Ahar, 14-Khalour, 15- Dungra Jat, 16-Jatvaai, 17-Badar Khan, 18-Moharsa of 1-Jahangi rabad KC, Anup Shahr MB & Jahangirabad MB of 4-Anupshahr Tehsil; KC 1-Aurangabad & Aurangabad NP of Bulandshahr Tehsil.",467
UTTAR PRADESH,BULANDSHAHAR,68,Debai,,"5-Debai Tehsil; PCs 3-Bagsara, 6-Bibiyana, 7-Mau, 13-Dubka, 15-Suratgarh Urf Lodhai & 16-Rajour of 2- A nupshahar KC of 4-Anupshahr Tehsil.",467
UTTAR PRADESH,BULANDSHAHAR,69,Shikarpur,,6-Shikarpur Tehsil; PC 6-Katiya wali of 1-Jahangirabad KC of 4- Anupshahr Tehsil.,467
UTTAR PRADESH,BULANDSHAHAR,70,Khurja,SC,7-Khurja Tehsil. 12 - DISTRIC : ALIGARH,467
UTTAR PRADESH,BULANDSHAHAR,71,Khair,SC,"1-Khair Tehsil; PCs 29-Chandaus , 30-Pisawa, 31-Dargwan, 32- Sudeshpur, 36-Tikari Bhavapur, 37-Rampur Shahpur, 38- Sabalpur, 40-Shahpur, 41-Nagla P adam, 42-Jamunka, 43-Umri, 44-Sahajpura & 45-Kaseru of 3-Chandaus KC of 2-Gabhana Tehsil.",467
UTTAR PRADESH,BULANDSHAHAR,72,Barauli,,"KCs 1-Barauli, 2-Gabhana, PCs 33-Kinhua, 34-Darau Chandpur, 35-Amritpur Bakhtpur & 39-Bhoj pur Gaiyanpur of 3-Chandaus KC of 2-Gabhana Tehsil; PCs 30- Harduaganj, 31-Ukhlana, 32- Baraotha, 33-Sapera Bhanpur, 34- Talibnagar, 36-Devsaini, 37- Mahrawal, 38-Ramgarh P anjupur, 39-Godha, 40-Jawan Sikanderpur, 41-Baharampur, 42-Ma imri, 43-Kanora, 44- Chhalesar, 45-Satha, 46- Nagaula, 47- Barheti, 48- Rathgawan, 49-Kastli Basya of 3-Mort hal KC, PCs 23-Baranadi, 27- Chhidawali, 28-Azamabad Machhua, 29-Kalai of 2-Jalali KC, Harduaganj NP & Qasimpur (CT) of 4-Koil Tehsil.",468
UTTAR PRADESH,BULANDSHAHAR,73,Atrauli,,"KCs 1-Atrauli, 3-Dadon, 4- Bijoli, PCs 18-Gaonkhera, 19- Ganiyawali, 20-Jujharka, 21-G obli, 22-Chendauli Buzurg, 23- Bhavigarh, 24-Koreh Raghupura, 25-Fazalpur, 26-Rehmapur, 27- Gajipur, 28-Tebthu, 31-Madapur, 32- Utara, 33-Puraini Ismailpur of 2-Barala KC & Atrauli MB of 3-Atrauli Tehsil.",468
UTTAR PRADESH,BULANDSHAHAR,74,Chharra,,"KC 5-Chharra, PCs 29-Barala, 30-Sunhera, 34-Nausha, 35-Arni of 2-Barala KC & Chharra NP of 3-Atrauli Tehsil; KCs 5- Akarabad, 6-Vijaygarh, PCs 15- Sidhauli, 16-Asadpur Kiam, 17- Grusikharan, 18-Shahajahanpur Taj pur, 19-Ekari, 20-Changari, 21-Imlani, 22-Budhansi, 24-Jala li-II, 25-Alahdadpur, 26-Bhojpur of 2-Jalali KC, Jalali NP, Pilk hana NP, Kodiaganj NP & Vijaygarh NP of 4-Koil Tehsil.",468
UTTAR PRADESH,BULANDSHAHAR,75,Koil,,"KC 1-Koil, PC 35-Bhamola Mafi of 3-Morthal KC & Ward Nos. 7, 22, 28, 30 to 34, 36, 40 to 44, 47, 48, 49, 51, 52, 53 & 57 in Aligarh (M Corp.) of 4-Koil Tehsil.",468
UTTAR PRADESH,BULANDSHAHAR,76,Aligarh,,"Ward Nos. 1 to 6, 8 to 21, 23 to 27, 29, 35, 37, 38 , 39, 45, 46, 50, 54, 55, 56 & 58 to 60 in Aligarh (M Corp.) of 4-Koil Tehsil.",468
UTTAR PRADESH,BULANDSHAHAR,77,Iglas,SC,5-Iglas Tehsil & KC 4-Lodha of 4-Koil Tehsil.,468
UTTAR PRADESH,MAHAMAYA NAGAR,78,Hathras,SC,"1-Sasni Tehsil; KC 1-Hathras, Hathras MB & Mendu NP of 3-Hathras Tehsil.",468
UTTAR PRADESH,MAHAMAYA NAGAR,79,Sadabad,,4-Sadabad Tehsil; KC 3-Mursan & Mursan NP of 3-Hathras Tehsil.,468
UTTAR PRADESH,MAHAMAYA NAGAR,80,Sikandra Rao,,2-Sikandra Rao Tehsil & KC 2-Lakhanu of 3-Hathras Tehsil.,468
UTTAR PRADESH,MATHURA,81,Chhata,,"KCs 1-Kosi Kalan, 2-Nandgaon, 5-Chaumuhan, PCs 1-Hatana, 2-Kharant, 3-Falain-I, 5-G uheta-10 Viswa, 6-Paigaon, 7-Chandauri, 9-Nagla Hasnur, 10-Ba raka, 11-Bukhrari , 12- Ainch , 13-Shahpur, 14-Dhanauta , 15-Roop Nagar , 16- Sher Nagar, 17-Majhoi, 20-Barchawali, 21-Bi shambhara of 3-Paigaon KC, PCs 1-Dautana, 2-Bhadawal, 3- Chhata-I, 4-Chhata-II, 5-Khanpur, 6-Sankhi, 7-Ranwari, 8-Ajnot hi, 9-Ladpur, 10-Bahrawali, 18-Agrayala, 19-Baheta, 20-Kajr outh, 22-Syaraha of 4-Chhata KC, Kosi Kalan MB, Chhata NP, Chaumuhan NP, Nandgaon NP & Barsana NP of 1-Chhata Tehsil.",469
UTTAR PRADESH,MATHURA,82,Mant,,"PCs 4-Falain-II, 8-Jatawari , 18-Barha, 19-Husaini, 22-Rampur of Paigaon KC, PCs 11- Ujhani, 12-Shergarh, 13- Peerpur, 14-Dhimri, 15-Ranhera, 16-Senwa, 17-Astadi & 21- Gulalpur of 4-Chhata KC of 1-Chhata Tehsil; KCs 1-Nauhjhil, 2- Surir, 3-Akabarpur, 4-Mant & Ba jana NP of 2-Mant Tehsil.",469
UTTAR PRADESH,MATHURA,83,Goverdhan,,"KC 1-Goverdhan, PCs 1-Konai, 2- Basauti, 3-Barhauta,4-Ral, 5- Jikhangaon, 6-Tosh, 7-Jachonda, 8-Maura, 9-Bati, 10- Chhatikara, 11-Jaint, 12-Maghera, 13-Atas Bangar, 14-Sunrakh Bangar, 17- Dhaurera Bangar, 18-Ko ta of 2-Vrindaban KC, KC 3- Kosi Khurd, PCs 1-Sonsa, 2 -Madhurikund, 5-Satoha Asgarpur, 7- Junsuti, 8-Uncha Gaon, 9-Shahpur Chainpur, 10-Umari, 11-Tarsi, 12-Usphar of 4-Mathura KC, PCs 1- Koyala Alipur, 2-Karnawal, 3- Bad, 5-Bhainsa, 6-Chhargaon, 7- Sersa, 8-Bhudrasu, 9-Pura, 10- Bhahai, 17-Beri of 5-Bad KC, Goverdhan NP, Radhakund NP & Sonkh NP of 3-Mathura Tehsil.",469
UTTAR PRADESH,MATHURA,84,Mathura,,"PCs 3-Jaisinghpura, 4-Ganesar a, 6-Naugaon, 13-Maholi, 14- Narholi, 15-Mathura Bangar, 16-Aurangabad, 17-Dhangaon, 18- Aduki of 4-Mathura KC, PCs 15- Sakraya Bangar, 16-Vrindaban of 2-Vrindaban KC, Vrindaban MB, Mathura MB & Mathura (CB) of 3-Mathura Tehsil.",469
UTTAR PRADESH,MATHURA,85,Baldev,SC,"KC 5-Raya & Raya NP of 2-Mant Tehsil; KCs 6-Farah, 7-Baldev, 8-Barauli, PCs 4-Ladpur, 11-Ba rari, 12-Jhandipur, 13-Garhaya Latifpur, 14-Shahpur Farah, 15 -Mahuan, 16-Makhdoom of Bad KC, Mahaban NP, Baldev NP, Go kul NP & Farah NP of 3- Mathura Tehsil.",469
UTTAR PRADESH,AGRA,86,Etmadpur,,"3-Etmadpur Tehsil; Ward Nos. 12, 17, 19, 28, 59, 61 & 73 in Agra (M Corp.) of 4-Agra Tehsil.",469
UTTAR PRADESH,AGRA,87,Agra Cantt,SC,"Agra CB & Ward Nos. 2, 3, 6, 7, 13, 14, 16, 20, 21, 24, 34, 40, 46, 47, 50, 52, 53, 54, 60, 65 & 68 in Agra (M Corp.) of 4-Agra Tehsil.",470
UTTAR PRADESH,AGRA,88,Agra South,,"Ward Nos. 4, 8 to 11, 15, 18, 23, 25, 29, 30, 36 to 39, 41, 44, 49, 56, 57, 58, 63, 64, 67, 69, 71, 72, 74 to 77 & 80 in Agra (M Corp.) of 4-Agra Tehsil.",470
UTTAR PRADESH,AGRA,89,Agra North,,"Dayalbagh NP, Swamibagh NP, Ward Nos. 1, 5, 22, 26, 27, 31, 32, 33, 35, 42, 43, 45, 48, 51, 55, 62, 66, 70, 78 & 79 in Agra (M Corp.) of 4-Agra Tehsil.",470
UTTAR PRADESH,AGRA,90,Agra Rural,SC,"KCs 1-Bichpuri, 2-Ak ola, 3-Baroliahir, Azizpur (CT), Dhanauli (CT) & Nainana Jat (CT) of 4-Agra Tehsil.",470
UTTAR PRADESH,AGRA,91,Fatehpur Sikri,,6-Kiraoli Tehsil.,470
UTTAR PRADESH,AGRA,92,Kheragarh,,5-Kheragarh Tehsil.,470
UTTAR PRADESH,AGRA,93,Fatehabad,,2-Fatehabad Tehsil.,470
UTTAR PRADESH,AGRA,94,Bah,,1-Bah Tehsil.,470
UTTAR PRADESH,FIROZABAD,95,Tundla,SC,1-Tundla Tehsil; KCs 1-Narkhi & 2-Pachwan of 2-Firozabad Tehsil.,470
UTTAR PRADESH,FIROZABAD,96,Jasrana,,3-Jasrana Tehsil.,470
UTTAR PRADESH,FIROZABAD,97,Firozabad,,"Firozabad MB, Humayunpur (OG), Nagla Bhau (OG), Mirza Nagla (OG), Ambedkar Park (OG) , Ramgarh Nagla Kothi (OG), Asafabad (OG), Kakarahu (OG), Lalpur (OG) & Sukhmalpur Nizamabad (CT) of 2 Firozabad Tehsil.",470
UTTAR PRADESH,FIROZABAD,98,Shikohabad,,"KCs 3-Firozabad & 4-Matsaina of 2-Firozabad Tehsil; PCs 1- Makkhanpur, 2-Mohanipur, 3-Mohammadpur Labbhoua, 4- Dakhinara, 5-Aasdevmai Nurpur , 6-Dikhtoli, 7-Shikohabad, 8- Aronj, 9-Nawali, 10-Sadhupur , 11-Mohammadpur Ahir, 12- Armrajat, 13-Rasulpur, 14-Harganpur, 15-Hariya, 16-Abbaspur, 20-Amri of 1-Shikohabad KC & MB Shikohabad of 4-Shikohabad Tehsil.",470
UTTAR PRADESH,FIROZABAD,99,Sirsaganj,,"KCs 2-Sirsaganj, 3-Madanpur, 4- Ukhrand, PCs 17-Bramhabad Lachhpur, 18-Rudhau, 19-Dadiyamai of 1-Shikohabad KC & Sirsaganj MB of 1-Shikohabad Tehsil.",470
UTTAR PRADESH,ETAH,100,Kasganj,,"KCs 1-Nameni, 2-Bilram, 3-Sor on, Soron MB, Kasganj MB & Bilram NP of 1-Kasganj Tehsil.",471
UTTAR PRADESH,ETAH,101,Amanpur,,"KCs 4-Sahawar, 5-Amanpur, 6-Manpur Nagariya, Sahawar NP & Amanpur NP of 1-Kasganj Tehsil; PCs 68-Mohanpur, 69- Mijkhuree, 70-Sikahara, 71-Na gla Bheemsain, 72-Akhatau Mangadpur, 73-Pilakhuni, 74-Pit hanpur, 75-Dahelee Bujurg, 77- Bakavalee, 81-Tajpur, 89-C handpurmemada of 4-Sidhapura KC & Mohanpur NP of 2-Patiyali Tehsil.",471
UTTAR PRADESH,ETAH,102,Patiyali,,"KCs 1-Ganjdundwara, 2-Patiya li, 3-Dariyavganj, PCs 76- Samothee, 78-Bhujpura, 79- Sidhapura, 80-Kaliyanee, 82- Sarabal, 83-Ajeet Nagar, 84-Sailo t, 85-Hamirpur, 86-Utarana, 87- Jasmai, 88-Viloutee of 4-Sidhapur a KC, Sidhpura NP, Patiyali NP, Bhargain NP & Ganjdundwara MB of 2-Patiyali Tehsil.",471
UTTAR PRADESH,ETAH,103,Aliganj,,3-Aliganj Tehsil.,471
UTTAR PRADESH,ETAH,104,Etah,,"KCs 1-Etah, 2-Sakit, 3-Malawan, Etah MB & Sakit NP of 4-Etah Tehsil.",471
UTTAR PRADESH,ETAH,105,Marhara,,"KCs 4-Jirasami, 5-Marhara, 6- Pilua, PCs 106-Dholeshwar, 107- Horchi, 108-Manoura, 109-Magarou li, 110-Nidhouli Kalan, 111- Margaya, 112-Raphat Nagar S enthara, 113-Gahetoo of 7- Nidholikalan KC & Marhara MB of 4-Etah Tehsil.",471
UTTAR PRADESH,ETAH,106,Jalesar,SC,"5-Jalesar Tehsil; PCs 114- Gaharana, 115-Bhopatpur, 116- Jhinvar, 117-Rustamgarh, 118-D haniga, 119-Babsa, 120-Nagla Khilli, 121-Basundhara, 122-K heda, 123-Majharau of 7- Nidholikalan KC & Nidholikalan NP of 4-Etah Tehsil.",471
UTTAR PRADESH,MAINPURI,107,Mainpuri,,"KCs 1-Kurawali, 2-Mainpuri, Ku raoli NP, Jyoti Khuria NP & Mainpuri (MB+OG) of 1-Mainpuri Tehsil.",471
UTTAR PRADESH,MAINPURI,108,Bhongaon,,"KCs 1-Alipur Patti, 2-Bhongaon, 4-Bewar, Bhongaon NP & Bewar NP of 3-Bhongaon Tehsil.",471
UTTAR PRADESH,MAINPURI,109,Kishni,SC,"KC 3-Elau, 5-Kishni, 6-Kusmara of 3-Bhongaon Tehsil; Kusmara NP, Kishni NP of 1-Mainpuri T ehsil & KC 3-Kurra of 2-Karhal Tehsil.",471
UTTAR PRADESH,MAINPURI,110,Karhal,,"KC 1-Barnahal, 2-Karhal & Karhal NP of 2-Karhal Tehsil; KCs 3- Ghiror, 4-Kuchela & Ghiror NP of 1-Mainpuri Tehsil.",471
UTTAR PRADESH,BUDAUN,111,Gunnaur,,1-Gunnaur Tehsil.,472
UTTAR PRADESH,BUDAUN,112,Bisauli,SC,"KCs 1-Bisauli, 2-Karanpur, 3- Asafpur, PCs 68-Singthara, 69- Katgaon, 70-Vagrain, 71-Gargaia, 72-Penpal, 73-Agei, 74-Uraina, 75-Saidpur, 76-Pusgawan, 78-Hatra, 79-Baraur Amanullapur, 86- Khurrampur Bhamori, 87-Rahedi a, 88-Byoli, 89-Veerampur, 92- Manakpur of 4-Satasi KC, Bisauli MB, Mudia NP, Saidpur NP & Faizganj NP of 2-Bisauli Tehsil.",472
UTTAR PRADESH,BUDAUN,113,Sahaswan,,"KCs 1-Madhyami, 2-Sahaswan, 3- Sailabi & Sahaswan MB of 4- Sahaswan Tehsil; KC 2-Ughaiti, R udyan NP & Islamnagar NP of 3-Bilsi Tehsil.",472
UTTAR PRADESH,BUDAUN,114,Bilsi,,"KC 4-Kaulhai of 4-Sahaswan Tehs il; KC 4-Ujhani, Ujhani MB & Kachhla NP of 5-Budaun Tehsil; KC 1-Bilsi & Bilsi MB of 2-Bilsi Tehsil.",472
UTTAR PRADESH,BUDAUN,115,Badaun,,"KCs 5-Binawar, 6-Kunwargaon, Budaun MB & Kunwargaon NP of 5-Budaun Tehsil; PCs 77- Wazirganj, 80-Lahra Ladpur, 81- Sursena, 82-Kaser Panauta, 83-B ankota, 84-Kallia Kazampur, 85-Rota, 90-Karkatpur, 91-Gotha of 4-Satsai KC & Wazirganj NP of 2-Bisauli Tehsil.",472
UTTAR PRADESH,BUDAUN,116,Shekhupur,,"KC 4-Kakrala & Kakrala MB of 6-Dataganj Tehsil; KCs 1-Jagat, 2- Qadarchowk, 3-Shekhupur, Sakhanoo NP & Gulariya NP of 5- Budaun Tehsil.",472
UTTAR PRADESH,BUDAUN,117,Dataganj,,"KCs 1-Samrer, 2-Dataganj, 3-Ha zratpur, 5-Usawan, Alapur NP, Usawan NP, Usehat NP & Dataganj NP of 6-Dataganj Tehsil.",472
UTTAR PRADESH,BAREILLY,118,Baheri,,"KCs 1-Baheri, 2-Rai Nawada, 4-B anjaria, 5-Richha, Baheri NPP, Richha NP & Faridpur NP of 1-Baheri Tehsil.",472
UTTAR PRADESH,BAREILLY,119,Meerganj,,2-Meerganj Tehsil.,472
UTTAR PRADESH,BAREILLY,120,Bhojipura,,"KC 3-Shergarh, 8-Devraniya NP & 9-Shergarh NP of 1-Baheri Tehsil; KCs 1-Bhojipura, 2-Rithora, 3-CB Ganj , 8-Rithora NP, 9-Dhaura Tanda NP & Pipalsana C haudhdhari (CT) of 4-Bareilly Tehsil.",472
UTTAR PRADESH,BAREILLY,121,Nawabganj,,5-Nawabganj Tehsil.,472
UTTAR PRADESH,BAREILLY,122,Faridpur,SC,6-Faridpur Tehsil.,472
UTTAR PRADESH,BAREILLY,123,Bithari Chainpur,,"KC 3-Kiyara, 4-Bithari Chainpur , Thiriya Nizabat Khan NP & Kargaina (CT) of 4-Bareilly Tehs il; KCs 4-Bisharatganj, 5-Ballia & Bisharat-ganj NP of 3-Aonla Tehsil.",473
UTTAR PRADESH,BAREILLY,124,Bareilly,,"Ward Nos. 3, 4, 7, 12 to 15, 18, 19, 22, 23, 24, 26, 28 to 32, 36, 37, 39, 41, 46 to 49, 51, 55, 56 in Bareilly (M Corp.) & Northern Railway Colony (OG) - Ward No. 61 of 4-Bareilly Tehsil.",473
UTTAR PRADESH,BAREILLY,125,Bareilly Cantt,,"Bareilly (CB), Ward Nos. 1, 2, 5, 6, 8 to 11, 16, 17, 20, 21, 25, 27, 33, 34, 35, 38, 40, 42 to 45, 50, 52, 53, 54 & 57 to 60 in Bareilly (M Corp.) of 4 Bareilly Tehsil.",473
UTTAR PRADESH,BAREILLY,126,Aonla,,"KCs 1-Aonla, 2-Aliganj, 3-Siroli, Aonla NPP & Siroli NP of 3- Aonla Tehsil.",473
UTTAR PRADESH,PILIBHIT,127,Pilibhit,,"KCs 1-Nagar, 2-Amaria, 3-J ahanabad, Pilibhit MB, Gularia Bhindara NP & Jahanabad NP of 1-Pilibhit Tehsil.",473
UTTAR PRADESH,PILIBHIT,128,Barkhera,,"KCs 4-Neoria, 5-Pauta Kalan & Nyor ia Husainpur NP of 1-Pilibhit Tehsil; KC 2-Barkhera & Barkhera NP of 2-Bisalpur Tehsil; PCs 2-Athkona, 3-Abhaipur M.Shahgar h, 4-Karnapur, 5-Itauria J.Biharipur, 9-Dhakia Kesherpur, 11-Shivnagar, 12-Piparia Karam, 13-Pachpera Prahladpur, 14-Pachpera Garha, 15-Pras adpur, 18-Lalpur T.Madhautanda, 19-Burhia J.Itauria, 20-Raipur M.Rampur, 21-Rampura M. Bhabsi, 22-Shahgar & 23-Sandai of 1-West KC of 3-Puranpur Tehsil.",473
UTTAR PRADESH,PILIBHIT,129,Puranpur,SC,"KCs 2-North, 3-South, 4-East, 5- Jograjpur, PCs 1-Amraiya Kalan, 6-Keshopur T.Anandpur, 7-Kham aria Patti, 8-Chandupur, 10- Takia Deenarpur, 16-Puranpur Khas, 17-Fazilpur of 1-West KC, 7-Kalinagar NP & Puranpur MB of 3-Puranpur Tehsil.",473
UTTAR PRADESH,PILIBHIT,130,Bisalpur,,"KCs 1-Deoria Kalan, 3-Bisalpur , 4-Bilsanda, 5-Amrata, Bisalpur NPP & Bilsanda NP of 2-Bisalpur Tehsil.",473
UTTAR PRADESH,SHAHJAHANPUR,131,Katra,,"KCs 3-Kheda Bajheda, 4-Jalalpur , 5-Katra, Khudaganj NP, Katra NP of 2-Tilhar Tehsil & KC 3- Paraur of 4-Jalalabad Tehsil.",473
UTTAR PRADESH,SHAHJAHANPUR,132,Jalalabad,,"KCs 1-Jalalabad, 2-Allhaganj, 4-Kalan, 5-Mirzapur, Jalalabad MB & Allahganj NP of 4-Jalalabad Tehsil.",473
UTTAR PRADESH,SHAHJAHANPUR,133,Tilhar,,"KC 3-Badagaon of 1-Powayan Tehs il; KCs 1-Tilhar, 2-Nigohi & Tilhar MB of 2-Tilhar Tehsil.",474
UTTAR PRADESH,SHAHJAHANPUR,134,Powayan,SC,"KCs 1-Khutar, 2-Powayan, 4-B anda, 5-Nahil, Powayan NP & Khutar NP of 1-Powayan Tehsil.",474
UTTAR PRADESH,SHAHJAHANPUR,135,Shahjahanpur,,"KC 5-Nagar, Shahjahanpur CB, Sh ahjahanpur (MB+OG) & Rly. Settlement Roza NP of 3-Shahjahanpur Tehsil.",474
UTTAR PRADESH,SHAHJAHANPUR,136,Dadraul,,"KCs 1-Madanapur, 2-Kant, 3-Jamaur , 4-Dadraul, 6-Sehramau Dakshini & Kant NP of 3-Shahjahanpur Tehsil.",474
UTTAR PRADESH,KHERI,137,Palia,,6-Palia Tehsil; KC 3-Kukra & Fo rest Area of 2-Gola Gokrannath Tehsil.,474
UTTAR PRADESH,KHERI,138,Nighasan,,"1-Nighasan Tehsil; PCs 1-Benour a, 3-Mallbehar, 5-Ram Nagar Bagha, 6-Gulariya T. Amethi, 8-Ramiya Behar, 9-Sujanpur, 10- Jungle Sujanpur, 16-Semri, 17- Chandpura, 18-Sohariya, 19- Tahara of 2-Ramiya Behar KC & Dhaurahra NP of 5-Dhaurahra Tehsil.",474
UTTAR PRADESH,KHERI,139,Gola Gokrannath,,"KCs 1-Aliganj, 2-Haiderabad, 4- Daudpur, Gola Gokarannath MB & Mailani NP of 2-Gola Gokrannath Tehsil.",474
UTTAR PRADESH,KHERI,140,Sri Nagar,SC,"KCs 4-Sharda Nagar, 6-Sri Nagar , PCs 1-Manikapur, 2-Saidapur Devkali, 3-Saidapur Bhau, 14-K odhaiya, 16-Rousa, 17-Manoura, 18-Karanpur Kaimahra, 19-Rukundi pur, 20-Kaimahra of 2-Kheri Paila KC, PCs 1-Bhaduri, 2-C horaha, 3-Aithapur, 4-Rampur Gokul, 5-Dhourahra Khurd, 6-S anigawan, 8-Bhalliya Buzurg, 9- Parsehra Buzurg, 10-Atwa, 11-Si yathu, 12-Sisawakalan, 14- Bijhouli, 15-Umarpur, 16-Shankar pur, 18-Semrai & 19-Sherpur of 3-Paila KC of 4-Lakhimpur Tehsil.",474
UTTAR PRADESH,KHERI,141,Dhaurahra,,"KCs 1-Dhaurahra, 3-Isanagar, 4- Kattouli, PCs 2-Dulhi, 4- Jatpurwa, 7-Lakhahi, 11-Abhaypur , 12-Devmaniya, 13-Akathi, 14- Kafara, 15-Gurgutta Buzurg, 20 -Muri & 21-Dihuwa Kalan of 2- Ramiya Behar KC of 5-Dhaurahra Tehsil.",474
UTTAR PRADESH,KHERI,142,Lakhimpur,,"KCs 1-Kheri, 5-Kheri Sri Nagar , Lakhimpur MB, Oel Dhakhawa NP & Kheri NP of 4-Lakhimpur Tehsil.",474
UTTAR PRADESH,KHERI,143,Kasta,SC,"KCs 5-Kasta, 6-Mittouli, PCs 1-Lidhiyai, 2-Khuti Khurd, 3- Maigalganj, 6-Chapertala, 7-Jam uniyarana, 9-Dhakhaura, 10- Aurangabad, 11-Bargadia, 12-Ku kargoti, 13-Nayagawan, 14- Tirkapur, 22-Bhanpur & 23-Doulatpur of 4-Aurangabad KC of 3- Mohammdi Tehsil; PCs 4-Paila, 5- Amghat, 6-Gouria, 7-Achaniya, 8-Bahadurpur, 9-Pipri Ka lan, 10-Behjum, 11-Parsehra Kalan, 12- Bhulanpur, 13-Bel, 15-Atrouli of 2- Kheri Paila KC, PCs 7-Mudiya, 13-Neemgawan & 17-Kaima Buzurg of 3-Paila KC of 4- Lakhimpur Tehsil.",475
UTTAR PRADESH,KHERI,144,Mohammdi,,"KCs 1-Mohammdi, 2-Atwa Pipar iya, 3-Pasgawan, PCs 4 - Semraghat, 5-Alliyapur, 8-Pipri Az iz, 15-Barbar, 16-Patvan, 17- Ghaghpur, 18-Dilawal Nagar, 19-Bhounapur, 20-Basara, 21- Maqsoodpur of 4-Aurangabad KC, M ohammadi MB & Barbar NP of 3-Mohammdi Tehsil.",475
UTTAR PRADESH,SITAPUR,145,Maholi,,"KCs 1-Pisawan, 3-Maholi, 4-Chandr a & Maholi NP of 1-Mishrikh Tehsil; PCs 40-Saraora, 41-G odwa, 42-Bambhaura, 44-Rojaha, 45-Jagana, 46-Tihar, 47-Sahadat N agar, 48-Sohai, 49-Baseti, 51- Bibipur, 52-Koraiya Udaypur, 54- Jar, 55-Arthalia Grant, 56- Keshawpur & 57-Aliya of 3-Aliya KC of 2-Sitapur Tehsil (Sadar).",475
UTTAR PRADESH,SITAPUR,146,Sitapur,,"PCs 20-Neriklan, 21-Tika wapara, 22-Ramnagar, 23- Khagesiamau, 24-Sitapur, 25- Akoiya, 26-Raseora, 27- Rahimabad, 28-Sahsapur, 29-Alam Nagar, 30-Kanawakhera, 31- Parsehara, 32-Majlispur, 33-Ramkoa t, 34-Jawahirpur of 2-Sitapur (Sadar) KC, PCs 59-Khair abad, 60-Asodhar, 61-Gangapur Ulfatrai, 62-Pakaria, 63-Suhetara, 66-Bhem ari, 67-Husainpur Kaimhara, 68-Makhuwapur, 69-Su ltanpur Kamaicha, 70-Tappa Khajuria, 71-Paharpur, 72-Asharaf pur, 73-Dahelia Srirang, 74- Akbarganj, 75-Bhadiyasi, 77-Bhagaut ipur of 4-Khairabad KC, PCs 43-Kachnar, 50-Rampur Bhuda, 53-Hempur of 3-Aliya KC, Sitapur MB & Khairabad MB of 2-Sitapur Tehsil (Sadar).",475
UTTAR PRADESH,SITAPUR,147,Hargaon,SC,"PCs 35-Narsohi, 36-Gujra, 37- Badagaon, 38-Umari, 39-Dena of 2-Sitapur (Sadar) KC, PCs 58-Mu sepur Mutawalli, 64-Sonari, 65- Rakhaona, 76-Badewara of 4-K hairabad KC, KC 1-Hargaon & Hargaon NP of 2-Sitapur Tehsil (Sadar); KC 3-Katesar, PCs 2- Samaudideeh, 3-Bhadfar, 4-Marsanda , 5-Pipria, 6-Tejwapur, 9- Belwa Gohniya, 10-Anba, 11-Ku sepa, 12-Chandesua, 13-Makhu Behar, 14-Garasa, 15-Ratauli, 17-Ram Rurha, 18-Chenia, 19- Belwa Dingura, 20-Foolpur Guria, 21-Mugalpur & 22-Bareti of 1- Marsanda KC of 3-Laharpur Tehsil.",475
UTTAR PRADESH,SITAPUR,148,Laharpur,,"KCs 2-Tambaur, 4-Laharpur, 5- Parsendi, PCs 1-Mador, 7- Bohara, 8-Sumrawan & 16-Patras a of 1-Marsanda KC, Laharpur MB & Tambaur-Ahamadabad NP of 3-Laharpur Tehsil.",476
UTTAR PRADESH,SITAPUR,149,Biswan,,"KCs 1-Biswan, 2-Manpur, PCs 37-Ahamdabad, 38-Kankarkui, 39-Kauwakhera, 40-Aruw a, 41-Konsar, 42-Kotra, 44-Gurera, 45- Tedawakalan, 46-Nakaila, 47-Belwa Basahia, 48-Puraini, 49- Bagahadhak, 51-Murthana, 52-Lalpur, 53-Sukhawa Kala, 54- Sanda of 3-Jahangirabad KC & Bisw an MB of 4-Biswan Tehsil; PCs 3-Saraiyan, 4-Patara Ka lan, 12-Daudpur, 13-Mahotepur, 16- Maholi, 17-Lalawa, 19-Saraurakal a & 20-Bhithauli of 1-Peer Nagar KC of 6-Sidhauli Tehsil.",476
UTTAR PRADESH,SITAPUR,150,Sevata,,"KCs 4-Shahpur, 5-Sevata, 6-Re wsa, PCs 43-Jahangirabad & 50- Basudaha of 3-Jahangirabad KC of 4-Biswan Tehsil; KC 4- Rampur Mathura, PCs 55-Chhatauni, 58-Dhamauda & 61- Jaravan of 3-Sadarpur KC of 5-Mahmoodabad Tehsil.",476
UTTAR PRADESH,SITAPUR,151,Mahmoodabad,,"KCs 1-Pahla, 2-Mahmoodabad, Mahmoodabad MB, Paitepur NP, PCs 41-Sadarpur, 42-Bilauli Nan Ka ri, 43-Rajparapur, 44-Hajipur, 45-Bajehra, 46-Pokhara Kala , 47-Sultanapur, 48-Bhudkuda, 49- Aiwapur, 50-Dharampur, 51-Lal pur, 52-Khapura, 53-Ahibanpur, 54-Angethuwa, 56-Pipari, 57- Dhakhwa, 59-Kodaura & 60- Rasulabad of 3-Sadarpur KC of 5-Mahmoodabad Tehsil.",476
UTTAR PRADESH,SITAPUR,152,Sidhauli,SC,"KCs 2-Bhandiya, 3-Manwa, 4-Go ndlamau, Sidhauli NP, PCs 1- Sidhauli, 2-Husainganj, 5-Sujau lia, 6-Aladadpur, 7-Bamhera, 8- Hamirpur, 9-Bahrimau, 10-Ba saideeh, 11-Jairampur, 14- Unchakhera Kala, 15-Manpara & 18- Kasmanda of 1-Peer Nagar KC of 6-Sidhauli Tehsil.",476
UTTAR PRADESH,SITAPUR,153,Misrikh,SC,"KCs 2-Mishrikh, 5-Machhrehata, 6-Aurangabad & Misrikh- Cum- Neemsar MB of 1-Mishrikh Tehsil.",476
UTTAR PRADESH,HARDOI,154,Sawayazpur,,2-Sawayazpur Tehsil.,476
UTTAR PRADESH,HARDOI,155,Shahabad,,"KCs 1-Shahabad, 3-Alamnagar & 4-Shiroman Nagar of 1- Shahabad Tehsil.",476
UTTAR PRADESH,HARDOI,156,Hardoi,,"KCs 1-Hardoi, 4-Bawan, 6-Shar ah Daxin & Hardoi MB of 3- Hardoi Tehsil.",476
UTTAR PRADESH,HARDOI,157,Gopamau,SC,"KC 2-Pandarva of 1-Shahabad Tehsil; KCs 5-Gopamau, 7- Tadiyawan, PCs 137-Barkherwaa, 141-Khaara Khera, 146-Baane Kuiyaan, 148-Armee, 151-Behtaa Mu rtaza Baksh, 152-Paraspur, 153-Dahee, 155-Gondaraw of 8-Ahirori KC & Gopamau NP of 3- Hardoi Tehsil.",476
UTTAR PRADESH,HARDOI,158,Sandi,SC,"KC 1-Sandi of 4-Bilgram Tehsil; KCs 2-Baghauli, 3-Sursa, PCs 136-Mangolapur, 138-Baruaar, 139-Atw aa Kataiyaa, 140-Katka, 142-Ahiri, 143-Badaoli, 144- Basen, 145-Maheenkund, 147- Sunaoaa, 149-Haas Baraoli, 150- Ahirori & 154-Kaimau of 8- Ahirori KC of 3-Hardoi Tehsil.",477
UTTAR PRADESH,HARDOI,159,Bilgram- Mallanwan,,"KCs 2-Bilgram, 3-Mallanwan, 4-Madhauganj & 5-Kachhandau of 4-Bilgram Tehsil.",477
UTTAR PRADESH,HARDOI,160,Balamau,SC,"KCs 1-Kallyanmal, 5-Behandar, 6- Balamau, Beniganj NP, Kachhona NP & Som (CT) of 5-Sandila Tehsil.",477
UTTAR PRADESH,HARDOI,161,Sandila,,"KCs 2-Dhikunni, 3-Gondwa, 4-Sandila & Sandila MB of 5-Sandila Tehsil.",477
UTTAR PRADESH,UNNAO,162,Bangermau,,"KCs 3-Bangermau, 4-Ganjmuradabad, 5-Fatehpur Chaurasi, PCs 2-Udshah, 6-Saita, 7-Gondari, 8-Mustafabad, 9-Roori Sadikpur, 10-Atardhani, 12-Sadipur, 13-Ar gupur of 2-Kursat KC, Bangermau MB, Kursath NP, Ganjmuradabad NP, Fatehpur Chaurasi NP & Ugu NP of 1-Safipur Tehsil.",477
UTTAR PRADESH,UNNAO,163,Safipur,SC,"KC 1-Safipur, PCs 1-Osiyan, 3- Gurdhari, 4-Munda, 5-Barithana, 11-Gauriya Kala, 14-Pesari, 15-Ni gohi, 16-Kursath I, 17-Kursath II, 18-Sherpur Kala, 19-Tikana of 2- Kursath KC & 7-Safipur NP of 1-Safipur Tehsil; KCs 3-Haider abad, 4-Rasoolabad, PCs 1-Aldau, 6-Poorachand, 7-Biswal; 22-Rampur Khajhri of 2-Auras KC, 7- Rasoolabad NP & 12-Haiderabad NP of 2-Hasanganj Tehsil.",477
UTTAR PRADESH,UNNAO,164,Mohan,SC,"KCs 1-Mohan, 5-Bhauli, 6-Na wabganj, PCs 2-Purthyavan, 3- Auras, 4-Seehmau, 5-Bachhauli, 8-Mirjapur Ajgaon, 9-Maini Bhawakhera, 10-Hasanpur Pac hhimbav, 11-Jawan, 12-Gagan, 13-Bhurkundi, 14-Bayari Gaon, 15-Baradev, 16-Adaura, 17- Mawai, 18-Rampur Gadauvan, 19- Tikra Samad, 20-Hajipur Gosa, 21-Geruwa, 23-Dhamiyana of 2-Auras KC, 8-Nawabganj NP, 9-Mohan NP, 10-Nyotini NP & 11-Auras NP of 2-Hasanganj Tehsil.",477
UTTAR PRADESH,UNNAO,165,Unnao,,"KCs 4-Pariyar, 5-Unnao, PCs 2-Ma jra Piparkhera, 4-Maswasi, 5- Poni, 6-Magarwara, 19-Deeh, 20-S hekhpur Nari of 2-Harha KC, 6-Unnao MB & 7-Gangaghat M. B of 3-Unnao Tehsil.",477
UTTAR PRADESH,UNNAO,166,Bhagwantnagar,,5-Bighapur Tehsil; KCs 2-Harha (e xcluding Pop. Included in AC No. 165) & 3-Sikandarpur Karan of 3-Unnao Tehsil.,477
UTTAR PRADESH,UNNAO,167,Purwa,,4-Purwa Tehsil & KC 1- Bichhiya of 3-Unnao Tehsil.,477
UTTAR PRADESH,LUCKNOW,168,Malihabad,SC,"1-Malihabad Tehsil; KC 3-Kakoree, PC 5-Saidpur Maheri of 1- Lucknow KC & Kakori NP of 3-Lucknow Tehsil.",478
UTTAR PRADESH,LUCKNOW,169,Bakshi Kaa Talab,,"2-Bakshi Kaa Talab Tehsil; KC 2-Chinahat, PCs 1-Mutakkipur, 2- Alloo Nagar Diguria, 4-Ghaila, 6- Barawan Kalan, 11-Sikrohari of 1-Lucknow KC, Ward Nos. 5 & 20 in Lucknow (M Corp.) of 3- Lucknow Tehsil.",478
UTTAR PRADESH,LUCKNOW,170,Sarojini Nagar,,"KCs 4-Khushal Ganj, 5-B anthara, 6-Bijnaur, Ward Nos. 1 to 4, 7, 12 & 16 in Lucknow (M Corp.) of 3-Lucknow Tehsil.",478
UTTAR PRADESH,LUCKNOW,171,Lucknow West,,"Ward Nos. 17, 26, 36, 52, 63, 71, 75, 83, 87, 90, 92, 94, 95, 102, 104, 106, 107 & 109 in Lucknow (M Corp.) of 3-Lucknow Tehsil.",478
UTTAR PRADESH,LUCKNOW,172,Lucknow North,,"Ward Nos. 9, 14, 27, 38, 39, 41, 43, 45, 48, 51, 60, 66, 69, 72, 84, 93, 103 & 105 in Lucknow (M Corp.) of 3-Lucknow Tehsil.",478
UTTAR PRADESH,LUCKNOW,173,Lucknow East,,"Ward Nos. 10, 18, 28, 34, 37, 40, 44, 55, 57, 58, 61, 73, 79, 86, 88, 96 & 97 in Lucknow (M Corp.) of 3-Lucknow Tehsil.",478
UTTAR PRADESH,LUCKNOW,174,Lucknow Central,,"Ward Nos. 8, 11, 22, 25, 31, 32, 33, 42, 46, 47, 49, 54, 59, 62, 65, 67, 70, 74, 76, 77, 80, 81 , 82, 91, 99, 101, 108 & 110 in Lucknow (M Corp.) of 3-Lucknow Tehsil.",478
UTTAR PRADESH,LUCKNOW,175,Lucknow Cantt,,"Lucknow (CT), Ward Nos. 6, 13, 15, 19, 21, 23, 24, 29, 30, 35, 50, 53, 56, 64, 68, 78, 85, 89, 98 & 100 in Lucknow (M Corp.) of 3-Lucknow Tehsil.",478
UTTAR PRADESH,LUCKNOW,176,Mohanlalganj,SC,4-Mohanlalganj Tehsil.,478
UTTAR PRADESH,RAE BARELI,177,Bachhrawan,SC,"1-Maharajganj Tehsil; PCs 2-Thu lwansa, 3-Pindari Kalan, 5- Bavan Bujurg Balla (I), 6-Bavan Bujurg Balla (II), 8-Amawan, 9- Baikhara & 10-Paharawan of 4-Amav a KC of 3-Rae Bareli Tehsil.",478
UTTAR PRADESH,RAE BARELI,178,Tiloi,,2-Tiloi Tehsil.,478
UTTAR PRADESH,RAE BARELI,179,Harchandpur,,"KCs 3-Harchandpur, 5-Sataon of 3-Rae Bareli Tehsil & KC 1- Khiro of 4-Lalganj Tehsil.",478
UTTAR PRADESH,RAE BARELI,180,Rae Bareli,,"KCs 1-Rahi, 2-Nagar, PCs 1-Jatu va Tappe Bijhvan, 4-Sidhauna, 7-Hardas Pur, 11-Chhivla Mau, 12-Bandi Pur, 13-Samrahda, 14- Ghura Dih, 15-Koraras Bujurg, 16-Rasehta, 17-Lodhva Mau, 18- Dusauti of 4-Amava KC & Raebare li MB of 3-Rae Bareli Tehsil.",478
UTTAR PRADESH,RAE BARELI,181,Salon,SC,7-Salon Tehsil.,479
UTTAR PRADESH,RAE BARELI,182,Sareni,,"KCs 2-Lalganj, 3-Sareni, Lalganj To wn Area of 4-Lalganj Tehsil; KC 1-Dalmau West & Dalmau NP of 5-Dalmau Tehsil.",479
UTTAR PRADESH,RAE BARELI,183,Unchahar,,6-Unchahar Tehsil & KC 2-Dalm au East of 5-Dalmau Tehsil.,479
UTTAR PRADESH,SULTANPUR,184,Jagdishpur,SC,"KCs 1-Bazar Shukul, 2-Jagdishpur, 4-Haliyapur of 1- Musafirkhana Tehsil; PCs 3-Ghatampur, 11-Janapur, 13- Sembhui, 14-Chitahula, 16-S hooratgarh, 17-Harganw, 18- Dakhinwara, 19-Achalpur & 21-Ad ilpur of 1-Jamo KC of 2- Gauriganj Tehsil.",479
UTTAR PRADESH,SULTANPUR,185,Gauriganj,,"KCs 2-Shahgarh, 3-Itauza Pa schim, 4-Gauriganj, PCs 1- Goriabad, 2-Jamo, 4-Balbhdrapur , 5-Katari, 6-Reshi, 7- Shukhibajgarh, 8-Ramgarhi, 9- Umradeeh, 10-Gaura, 12-Mawai, 15-Biripur & 20-Poorechitai of 1-Ja mo KC of 2-G auriganj Tehsil; KC 3-Mushafirkhana & Musafirkhana NP of 1-Musafirkhana Tehsil.",479
UTTAR PRADESH,SULTANPUR,186,Amethi,,3-Amethi Tehsil.,479
UTTAR PRADESH,SULTANPUR,187,Isauli,,"KCs 4-Piper Gaon, 8-Ku rwar, 9-Hasanpur of 4-Sadar Tehsil & KC 5-Isauli of 1-Musafirkhana Tehsil.",479
UTTAR PRADESH,SULTANPUR,188,Sultanpur,,"KCs 2-Katka Khanpur, 3-Mayang, 5-Revenu Inspector Nagar & Sultanpur MB of 4-Sadar Tehsil.",479
UTTAR PRADESH,SULTANPUR,189,Sadar,,"KCs 1-Baronsa, 6-Semri, 7-Kur ebhar of 4-Sadar Tehsil; KCs 6- Gosaisinghpur & 7-Diyra of 6-Kadipur Tehsil.",479
UTTAR PRADESH,SULTANPUR,190,Lambhua,,5-Lambhua Tehsil.,479
UTTAR PRADESH,SULTANPUR,191,Kadipur,SC,"KCs 1-Akhand Nagar, 2-Dostpur, 3-K adipur, 4-Bijethua, 5-Belwai, Dostpur NP & Kadipur NP of 6-Kadipur Tehsil.",479
UTTAR PRADESH,FARRUKHABAD,192,Kaimganj,SC,"KCs 1-Shamshabad, 2-Kampil, 4- Nababganj, 5-Gird Kaimganj, Kaimganj MB, Shamsabad NP & Kampil NP of 1-Kaimganj Tehsil.",479
UTTAR PRADESH,FARRUKHABAD,193,Amritpur,,2-Amritpur Tehsil; KC 3-Ros hnabad of 1-Kaimganj Tehsil; KC 4- Shamshabad (East) of 3- Farrukhabad Tehsil.,479
UTTAR PRADESH,FARRUKHABAD,194,Farrukhabad,,"KC 1-Pahada, Farrukhabad-cum-F atehgarh (MB) & Fatehgarh (CB) of 3-Farrukhabad Tehsil.",480
UTTAR PRADESH,FARRUKHABAD,195,Bhojpur,,"KCs 2-Bhojpur, 3-Moha mmdabad, 5-Khimsepur, Mohammadabad NP & Kamalganj NP of 3-Farrukhabad Tehsil.",480
UTTAR PRADESH,KANNAUJ,196,Chhibramau,,"KCs 1-Chhibramau, 2-Sikandarpur, 3-Talgram, 4-Gursahayganj, Chhibramau MB, Gursahayganj MB, Sikandarpur NP, Samdhan NP & Talgram NP of 1-Chhibramau Tehsil.",480
UTTAR PRADESH,KANNAUJ,197,Tirwa,,"KC 5-Saurikh & Saurikh Nagar Panc hyat of 1-Chhibramau Tehsil; KCs 1-Tirwa, 2-Umarda, 4-Hase ran & Tirwaganj NP of 3-Tirwa Tehsil.",480
UTTAR PRADESH,KANNAUJ,198,Kannauj,SC,2-Kannauj Tehsil & KC 3-Thathiya of 3-Tirwa Tehsil.,480
UTTAR PRADESH,ETAWAH,199,Jaswantnagar,,"1-Jaswantnagar Tehsil; 2-Saifai Tehsil; KC 1-Takha of 4- Bharthana Tehsil; PCs 1-Sarai Ha lu, 2- Karri, 3- Beena, 4- Santoshpur Unwa, 5-Baralokpur, 6- Chaubia, 7-Mooni, 8-Rahin, 9- Biharipur and 10-Khera Helu of 2-Pa char KC of 3-Etawah Tehsil.",480
UTTAR PRADESH,ETAWAH,200,Etawah,,"KCs 1-City, 3-Paar, PCs 11-K hurisar, 12-Bahadurpur Luhiya, 13- Bhadwa Sabran, 14-Basrehar, 15-K illi Sultanpur of 2-Pachar KC, Etawah MB & Ekdil TA of 3-Etawah Tehsil.",480
UTTAR PRADESH,ETAWAH,201,Bharthana,SC,"5-Chakarnagar Tehsil; KCs 2-Bhar thana, 3-Bakewar, Bharthana MB, Bakewar TA & Lakhana TA of 4-Bharthana Tehsil.",480
UTTAR PRADESH,AURAIYA,202,Bidhuna,,"KCs 1-Arwakatra, 3-Sahayal, 4-Bidhuna & 6- Bidhuna TA of 1- Bidhuna Tehsil.",480
UTTAR PRADESH,AURAIYA,203,Dibiyapur,,"KC 2-Dibiyapur, PCs 1-Ajuapur, 2- Atsu, 3-Jua, 4-Tikampur, 5- Tarrai, 7-Ballapur, 8-Biruhuni, 9-Bhadsan, 10-Sabalpur, 11- Sanphar, 12-Phaphund, 13-Khanpur Phaphund of 5-Phaphund KC, 7-Dibiyapur TA & 9-Phaphund TA of 2-Auraiya Tehsil; KC 2- Achhalda & 5-Achhalda TA of 1-Bidhuna Tehsil.",480
UTTAR PRADESH,AURAIYA,204,Auraiya,SC,"KCs 1-Auraiya, 3-Ajitmal, 4-Muradganj, PCs 6-Pasaipur Kaisampur, 14-khoyla, 15-Devarpur, 16-Daulatpur, 17- Shahalampur of 5-Phaphund KC, 6-Au raiya MB, 8-Ajitmal TA & 10-Atsu TA of 2-Auraiya Tehsil.",481
UTTAR PRADESH,KANPUR DEHAT,205,Rasulabad,SC,1-Rasulabad Tehsil; KC 1-Jhinjhak & 2-Jhinjhak TA of 2-Derapur Tehsil.,481
UTTAR PRADESH,KANPUR DEHAT,206,Akbarpur-Raniya,,"KCs 1-Akbarpur, 3-Raniya, 4- Rura, 5-Shiwali, Shiwali TA, Akbarpur TA & Rura TA of 3-Akbarpur Tehsil.",481
UTTAR PRADESH,KANPUR DEHAT,207,Sikandra,,5-Sikandra Tehsil; KCs 1-Derapur & 2-Sithmara of 2-Derapur Tehsil.,481
UTTAR PRADESH,KANPUR DEHAT,208,Bhognipur,,4-Bhognipur Tehsil & 2-Gajner KC of 3-Akbarpur Tehsil.,481
UTTAR PRADESH,KANPUR NAGAR,209,Bilhaur,SC,1-Bilhaur Tehsil.,481
UTTAR PRADESH,KANPUR NAGAR,210,Bithoor,,"KC 4-Bhitargaon of 3- Ghatampur Tehsil; KC s 1-Pali, 4-Bidhnu, 5- Sachendi, 6-Bithoor & Bithoor NP of 2-Kanpur Sadar Tehsil.",481
UTTAR PRADESH,KANPUR NAGAR,211,Kalyanpur,,"Ward Nos. 3, 5, 6, 8, 14, 20, 21, 25, 27, 30, 32, 33, 47, 66, 68, 74 & 104 in Kanpur (M Corp.) of 2-Kanpur Sadar Tehsil.",481
UTTAR PRADESH,KANPUR NAGAR,212,Govindnagar,,"Armapur Estate (CT), Ward Nos. 7, 11, 19, 22, 37, 42, 48, 49, 50, 59, 60, 61, 80, 85, 92 & 101 in Kanpur (M Corp.) of 2-Kanpur Sadar Tehsil.",481
UTTAR PRADESH,KANPUR NAGAR,213,Sishamau,,"Ward Nos. 2, 4, 10, 13, 15, 16, 18, 28, 34, 39, 43, 46, 51, 57, 63, 64, 79, 88, 95, 98 & 103 in Kanpur (M Corp.) of 2-Kanpur Sadar Tehsil.",481
UTTAR PRADESH,KANPUR NAGAR,214,Arya Nagar,,"Ward Nos. 1, 26, 29, 52, 54, 55, 62, 69, 72, 76, 78, 89, 91, 94, 99, 102, 105, 106, 108, 110 in K anpur (M Corp.), Central Railway Colony (OG) - Ward No. 111 & Rawatpur Station Yard (OG) - Ward No. 112 of 2-Kanpur Sadar Tehsil.",481
UTTAR PRADESH,KANPUR NAGAR,215,Kidwai Nagar,,"Ward Nos. 12, 36, 44, 45, 65, 67, 71, 73, 82, 83, 86, 87, 90, 96, 107 & 109 in Kanpur (M Corp.) of 2-Kanpur Sadar Tehsil.",481
UTTAR PRADESH,KANPUR NAGAR,216,Kanpur Cantt,,"Kanpur (CB), Northern Railway Colony (CT), Ward Nos. 17, 23, 56, 58, 70, 75, 81, 84, 93, 97 & 100 in Kanpur (M Corp.) of 2- Kanpur Sadar Tehsil.",482
UTTAR PRADESH,KANPUR NAGAR,217,Maharajpur,,"KCs 2-Maharajpur, 3-Narwal, Chaker i (CT), Ward Nos. 9, 24, 31, 35, 38, 40, 41, 53 & 77 in Kanpur (M Corp.) of 2-Kanpur Sadar Tehsil.",482
UTTAR PRADESH,KANPUR NAGAR,218,Ghatampur,SC,"KCs 1-Rewna, 2-Patara, 3-Ghat ampur, 5-Baripal & Ghatampur Municipal Corporation of 3-Ghatampur Tehsil.",482
UTTAR PRADESH,JALAUN,219,Madhaugarh,,"1-Madhaugarh Tehsil; KCs 1-Nadi gaon, 2-Kailiya, 4-Konch KC, Konch MB & Nadigaon NP of 5-Konch Tehsil.",482
UTTAR PRADESH,JALAUN,220,Kalpi,,3-Kalpi Tehsil; KCs 1-Kuthaund & 2-Hadrukh of 2-Jalaun Tehsil.,482
UTTAR PRADESH,JALAUN,221,Orai,SC,4-Orai Tehsil; KC 3-Pirauna of 5-Konch Tehsil; KC 3-Jalaun & Jalaun MB of 2-Jalaun Tehsil.,482
UTTAR PRADESH,JHANSI,222,Babina,,"KCs 1-Baragoan, 2-Jhansi, 3-Ra ksa, 4-Babina, Forest Area, Baragaon NP, Baruwa Sagar MB, Jhansi CB, Jhansi Rly.Set. ITS & Babina CB of 5-Jhansi Tehsil; KC 2-Chirgaon & Chirgaon MB of 1-Moth Tehsil; PCs 4-Bamanw an, 5-Bangri Bangra, 13-Kukar Gaon, 15-Luhar Gaon Ghat & 19-Ram Pura of 1-Baghera KC of 3-Tahrauli Tehsil.",482
UTTAR PRADESH,JHANSI,223,Jhansi Nagar,,Jhansi (MB + OG) of 5-Jhansi Tehsil.,482
UTTAR PRADESH,JHANSI,224,Mauranipur,SC,"4-Mauranipur Tehsil; KCs 2-Tahr auli, 3-Todi Fatehpur, PCs 1- Achausa, 2-Atarsuwan, 3-Baghaira, 6-Baram Pura, 7-Baror, 8- Baraura, 9-Bari Bujurg, 10-Ch andwari, 11-Karguwan Khurd, 12- Khalar, 14-Londi, 16-Madha Dilawali, 17-Pathrendi, 18-Pipara, 20-Shamsherpura, 21-Semri & 22- Sarsenda of 1-Baghera KC & Todi Fatehpur NP of 3-Tahrauli Tehsil.",482
UTTAR PRADESH,JHANSI,225,Garautha,,"2-Garautha Tehsil; KCs 1-Moth, 3-Sa mthar, 4-Poonch, 5- Shahjhanpur, Moth NP & Samthar MB of 1-Moth. Tehsil.",482
UTTAR PRADESH,LALITPUR,226,Lalitpur,,"1-Talbehat Tehsil; KCs 1-Lagaun, 2-Lalitpur, 4-Jakhlaun & 7-Lalitpur MB of 2-Lalitpur Tehsil.",483
UTTAR PRADESH,LALITPUR,227,Mehroni,SC,"3-Mehroni Tehsil; KCs 3-Kalyanpur a, 5-Virdha, 6-Balabehat & 8-Pali NP of 2-Lalitpur Tehsil.",483
UTTAR PRADESH,HAMIRPUR,228,Hamirpur,,"1-Hamirpur Tehsil; KCs 3-K hanna, 4-Echauli, 5-Sisolar, 6-Maudaha & Maudaha MB of 3-Maudaha Tehsil.",483
UTTAR PRADESH,HAMIRPUR,229,Rath,SC,2-Rath Tehsil; 4-Sarila Tehsil; KCs 1-Biwanr & 2-Muskara of 3-Maudaha Tehsil.,483
UTTAR PRADESH,MAHOBA,230,Mahoba,,3-Mahoba Tehsil; KC 2-Kharela & Kharela NP of 2-Charkhari Tehsil.,483
UTTAR PRADESH,MAHOBA,231,Charkhari,,"1-Kulpahar Tehsil; KCs 1-Charkhar i, 3-Soopa & Char khari MB of 2-Charkhari Tehsil.",483
UTTAR PRADESH,BANDA,232,Tindwari,,"KCs 1-Jaspura, 2-Pailani, 3-K haptiha, 4-Chilla, 5-Tindwari, 6- Paprenda, 7-Jaurahi, 8-Mataundh, Tindwari NP & Mataundh NP of 1-Banda Tehsil.",483
UTTAR PRADESH,BANDA,233,Baberu,,2-Baberu Tehsil.,483
UTTAR PRADESH,BANDA,234,Naraini,SC,"KCs 1-Naraini, 2-Kartal, 3-Kalin jar & Naraini NP of 4-Naraini Tehsil; KCs 1-Atarra, 2-Oran, 5- Badausa, Atarra NP & Oran NP of 3-Atarra Tehsil.",483
UTTAR PRADESH,BANDA,235,Banda,,"KC 9-Banda & Banda (MB+OG) of 1-Banda Tehsil; KCs 3- Khurahand, 5-Bisanda, Bisanda NP of 3-Atarra Tehsil & KC 4- Girawan of 4-Naraini Tehsil.",483
UTTAR PRADESH,CHITRAKOOT,236,Chitrakoot,,"KCs 1-Karwi, 2-Parsaunja, 3- Sardhua, 4-Pahari, 5-Nandi & Chitrakoot Dham (Karwi) MB of 1-Karwi Tehsil.",484
UTTAR PRADESH,CHITRAKOOT,237,Manikpur,,"2-Mau Tehsil; KCs 6-Bhauri, 7-M anikpur & Manikpur Sarhat NP of 1-Karwi Tehsil.",484
UTTAR PRADESH,FATEHPUR,238,Jahanabad,,"KCs 1-Amauli, 3-Tappajar, 4- Paprenda, 5-Jahanabad, 6-Khajuha & Kora Jahanabad NP of 3-Bindki Tehsil.",484
UTTAR PRADESH,FATEHPUR,239,Bindki,,"KCs 2-Joniha, 7-Bindki, 8-Malwan, Bindki MB of 3-Bindki Tehsil & KC 7-Kandhi of 2-Fatehpur Tehsil.",484
UTTAR PRADESH,FATEHPUR,240,Fatehpur,,"KCs 1-Rampur Thariyaon, 2- Haswa, 8-Nagar, Bahua NP & Fatehpur MB of 2-Fatehpur Tehsil.",484
UTTAR PRADESH,FATEHPUR,241,Ayah Shah,,"KCs 3-Asothar, 4-Ayah Shah, 5 -Muttaur & 6-Gajipur of 2-Fatehpur Tehsil.",484
UTTAR PRADESH,FATEHPUR,242,Husainganj,,"KC 9-Husainganj of 2- Fatehpur Tehsil; KCs 2- A irayan, 5-Hathagaon & 6-Kotala of 1-Khaga Tehsil.",484
UTTAR PRADESH,FATEHPUR,243,Khaga,SC,"KCs 1-Khaga, 3-Vijayeepur, 4- Khakhareru, 7-Manjhanpur, 8-Dhata, Khaga NP & Kishunpur NP of 1-Khaga Tehsil.",484
UTTAR PRADESH,PRATAPGARH,244,Rampur Khas,,"KCs 1-Atheha, 3-Rampur, PCs 28-Deum Purab, 29-Naubasta, 30-Silaudhi, 31-Katehi, 32-Bhaisana of KC 2-Lachhmanpur, PCs 69-Alipur, 70-Arro, 71-Asrahi, 72-Dharupur, 73-Narayanpur, 74- Virsinghpur, 75-Mada Mai, 76-Pr atap Rudrapur, 77-Lalupur, 78- Bhatani, 79-N oudhiya, 80-Kama Patti, 81-Purwara & 82- Khandwa of 4-Dhingwas KC of 1- Lalganj Tehsil; PCs 2-Dewara, 11-Kasba Latifpur, 12-Pure Dhnatik ariya of 1-Kusuwapur KC & PC 78-Asog of 4-Babaganj KC of 2-Kunda Tehsil",484
UTTAR PRADESH,PRATAPGARH,245,Babaganj,SC,"KC 1-Kusuwapur (except PCs 2- Dewara, 11-Kasba Latifpur & 12- Pure Dhnatikariya), KC 4-Babaganj (except PC 78-Asog) & KC 5-Derwa of 2-Kunda Tehsil; PCs 83-Pure Basant Rai, 84-Veer Bhadrapur, 85-Mahasinpur, 86-Purma i Sultanpur, 87-Pure Fatte Singh, 88-Kalyanpur, 89-Dhigausi, 90-Dhingwas & 91-Ramgarh Raila of 4-Dhingwas KC of 1-Lalganj Tehsil.",484
UTTAR PRADESH,PRATAPGARH,246,Kunda,,"KCs 2-Manikpur, 3-Kunda, 6-Bihar , Manikpur NP & Kunda NP of 2-Kunda Tehsil.",485
UTTAR PRADESH,PRATAPGARH,247,Vishwanath Ganj,,"KCs 2-Mandhata 3-Vishwanath Ganj & 4-Purab Gaon of 3- Sadar Tehsil; KC 2-Lachhmanpur (except PCs 28-Deum Purab, 29-Naubasta, 30-Silaudhi, 31-Kat ehi & 32-Bhaisana) & KC 5- Lilapur of 1-Lalganj Tehsil.",485
UTTAR PRADESH,PRATAPGARH,248,Pratapgarh,,"KCs 1-Nagar, 5-Garwara, Bela Pratapgarh MB, Katra Medniganj NP, Pratapgarh City NP, Antu NP of 3-Sadar Tehsil & KC 1- Kohandour of 5-Patti Tehsil.",485
UTTAR PRADESH,PRATAPGARH,249,Patti,,"KCs 2-Deewanganj, 3-Patti, 4-Amapur , 5-Saifabad & Patti NP of 5-Patti Tehsil.",485
UTTAR PRADESH,PRATAPGARH,250,Raniganj,,4-Raniganj Tehsil.,485
UTTAR PRADESH,KAUSHAMBI,251,Sirathu,,Sirathu Tehsil.,485
UTTAR PRADESH,KAUSHAMBI,252,Manjhanpur,SC,Manjhanpur Tehsil.,485
UTTAR PRADESH,KAUSHAMBI,253,Chail,,Chail Tehsil.,485
UTTAR PRADESH,ALLAHABAD,254,Phaphamau,,"KCs 1-Phaphamau, 3 Holagarh, 5- Kaudihar, 6-Singraur & Lal Gopalganj Nindura NP of 1-Soraon Tehsil.",485
UTTAR PRADESH,ALLAHABAD,255,Soraon,SC,"KCs 2-Soraon, 4-Mauaima, Mau Aima NP of 1-Soraon Tehsil; KC 1-Kernaeepur, PCs 22-Buwapur, 23- Sarai Dattey, 24-Kusungur, 25-Sarai Liladhar Urf Baranpur , 26-Juganideeh, 27-Balkaranpur, 30-Sisai Sipah, 31-Vakseda, 33-Ti kri, 34-Hasanpur Korari, 35- Varji, 37-Bajahi, 38-Raghunathpur, 39-Sikandra & 41-Mathura Urf Parandeeh of 2-Sikandra KC of 2-Phulpur Tehsil.",485
UTTAR PRADESH,ALLAHABAD,256,Phulpur,,"KCs 4-Babuganj, 5-Ghunsi, 6-B ahadurpur, PCs 28-Fajila Urf Kalupur, 29-Ramgarhkothari, 32 Sarai Gani, 36-Chaimalpur, 40- Atanpur of 2-Sikandra KC, Phulpur NP & Jhusi Kohna (CT) of 2- Phulpur Tehsil.",485
UTTAR PRADESH,ALLAHABAD,257,Pratappur,,"KCs 1-Motiha, 5-Pratappur, 6-Janghai, PCs 65-Mulnapur, 66- Bhopatpur, 67-Khizirpur, 68-M ohammadabad, 69-Gopalipur, 76- Ranipur, 77-Masardhi, 78-Makhadoompur of 4-Masadhi KC of 6- Handia Tehsil & KC 3-Mailhan of 2-Phulpur Tehsil.",485
UTTAR PRADESH,ALLAHABAD,258,Handia,,"KCs 2-Saidabad, 3-Handia, 7- Dhanupur, PCs 62-Damgardha, 63-Madaripur, 64-Yaseenpur, 70-Re vathu, 71-Arajunpatti, 72- Katahara, 73-Naikipur, 74-Deva, 75-Shahari Bojha of 4-Masadhi KC & Handia NP of 6-Handia Tehsil.",486
UTTAR PRADESH,ALLAHABAD,259,Meja,,"KCs 1-Sirsa, 2-Chaurasi, 3-Manda , Sirsa NP & Bharatganj NP of 7-Meja Tehsil.",486
UTTAR PRADESH,ALLAHABAD,260,Karachhana,,"KCs 1-Panasa, 2-Baraon, 4-Naini & Chak Imam Ali (CT) of 5- Karachhana Tehsil.",486
UTTAR PRADESH,ALLAHABAD,261,Allahabad West,,"KCs 1-North, 2 South, Ward Nos. 1 to 4 in Allahabad (CB), Ward Nos. 1, 4 to 6, 15, 26, 30, 44, 49, 50, 53, 54, 63, 64, 66 to 69 in - Allahabad (M Corp.), Subedarganj Ra ilway Colony (OG) - Ward No. 71, Begum Bazar (OG) - Ward No. 72, Bhagal Purwa (OG) - Ward No. 73, Kodra (OG) - Ward No. 74, IOC Colony, Deoghat, ADA Colony and Jhalwagaon (OG) - Ward No. 75 of 3-Sadar Tehsil.",486
UTTAR PRADESH,ALLAHABAD,262,Allahabad North,,"Ward Nos. 5 & 6 in Allahabad (CB), Ward Nos. 3, 9, 11, 13, 14, 16, 17, 18, 21, 22, 23, 27, 28, 29, 34, 38, 43, 45, 47, 60, 61, 62 & 65 in Allahabad (M Corp.) of 3-Sadar Tehsil.",486
UTTAR PRADESH,ALLAHABAD,263,Allahabad South,,"Ward No. 7 in Allahabad (CB), Ward Nos. 2, 7, 8, 10, 12, 19, 20, 24, 25, 31, 32, 33, 35, 36, 37, 39 to 42, 46, 48, 51, 52, 55 to 59 & 70 in Allahabad (M Corp.), Mahewa West (OG) - Ward No.76, Gangotri Nagar (OG) - Ward No. 77, ITI Factory and Res. Colony (OG) - Ward No. 78, Bharat Pump and Compressor. Factory (OG) - Ward No. 79, Mukta Vihar (OG) - Ward No. 80, T.S.L.Factory (OG) - Ward No. 81, Triveni Nagar (N.E.C.S.W.) (OG) - Ward No. 82, Doorbani Nagar (OG) - Ward No. 83, A.D.A. Colony (OG) - Ward No. 84, Gu runanak Nagar (OG) - Ward No. 85, Shiv Nagar (OG) - Ward No. 86 & Gandhi Nagar, Manas Nagar, Industrial Labour Colony ( OG) - Ward No. 87 of 3-Sadar Tehsil.",486
UTTAR PRADESH,ALLAHABAD,264,Bara,SC,4-Bara Tehsil & KC 3-Madhya of 5-Karachhana Tehsil.,486
UTTAR PRADESH,ALLAHABAD,265,Koraon,SC,8-Koraon Tehsil; KCs 4-Kohdar & 5-Dighlo of 7-Meja Tehsil.,486
UTTAR PRADESH,BARABANKI,266,Kursi,,"KCs 1-Fatehpur, 2-Vishunpur, 3- Kursi, Fatehpur NP, PCs 63- Bhatuwamau, 64-Kaitha, 65-Belhara, 66-Sademau, 67-Ujarwara, 68-Loharpur, 69-Para, 70-Chheda, 71-Bindavragharthariya, 72- Basaree, 76-Mohammadpurkhala, 77-Alhemau, 79-Jagatpur, 80- Surjanpur & 81-Raipur of 4-Mohammadpur KC of 4-Fatehpur Tehsil.",486
UTTAR PRADESH,BARABANKI,267,Ram Nagar,,"2-Ram Nagar Tehsil; KC 1-Sir auligauspur of 3-Sirauligauspur Tehsil; PCs 73-Daulatpur, 74-Ba llopur, 75-Piparee & 78-Jiganee of 4-Mohammadpur KC of 4-Fatehpur Tehsil.",487
UTTAR PRADESH,BARABANKI,268,Barabanki,,"KCs 4-Nawabganj, 5-Dewa North, 6-Dewa South, Nawabganj NPP, Banki NP & Dewa NP of 7-Nawabganj Tehsil.",487
UTTAR PRADESH,BARABANKI,269,Zaidpur,SC,"KC 3-Siddhaur & Sidhhaur NP of 5-Haidergarh Tehsil; KCs 1- Pratapganj, 2-Jaidpur, 3-Satrikh, Sa trikh NP & Jaidpur NP of 7- Nawabganj Tehsil.",487
UTTAR PRADESH,BARABANKI,270,Dariyabad,,"KCs 2-Dariyabad, 3-Surpur, PCs 6-Tahsipur, 7-Asena, 8- Kashipur, 9-Barela Narainpur , 10-Dharauli, 11-Pahrupur, 12- Beekapur, 13-Patulaki, 14-Belh ree, 15-Sarai Shahalam, 16- Rasoolpurkala, 17-Khetasarai , 18-Khajuree, 19-Dhema, 20- Koilawar, 21-Khamauli, 22-Ba rhuwa, 23-Chamrauli of 1- Banikodar KC & Dariyabad NP of 6-Ram Sanehi Ghat Tehsil; KC 2-Tikait Nagar & Tikait Nagar NP of 3-Sirauligauspur Tehsil.",487
UTTAR PRADESH,BARABANKI,271,Rudauli,,"1-Rudauli Tehsil; PCs 1- Amhiya, 2-Bathauli, 3- A sarfpur, 4-Akohree & 5-Dhema of 1-Banik odar KC of 6-Ram Sanehi Ghat Tehsil.",487
UTTAR PRADESH,BARABANKI,272,Haidergarh,SC,"KCs 1-Trivediganj, 2-Haidergar h, 4-Subeha, 5-Kothi & Haidergarh NP of 5-Haidergarh Tehsil.",487
UTTAR PRADESH,FAIZABAD,273,Milkipur,SC,1-Milkipur Tehsil.,487
UTTAR PRADESH,FAIZABAD,274,Bikapur,,2-Sohawal Tehsil; KC 1-Bikapur & Bikapur NP of 4-Bikapur Tehsil.,487
UTTAR PRADESH,FAIZABAD,275,Ayodhya,,"KCs 1-City, 2-Ayodhya, 3-Pura , Faizabad CB, Faizabad MB & Ayodhya MB of 3-Faizabad (Sadar) Tehsil.",487
UTTAR PRADESH,FAIZABAD,276,Goshainganj,,"KCs 4-Maya, 5-Goshainganj & Gos hainganj NP of 3-Faizabad (Sadar) Tehsil; KCs 2-Chaure C handauli, 3-Tarun & 4-Haider Ganj of 4-Bikapur Tehsil.",487
UTTAR PRADESH,AMBEDKAR NAGAR,277,Katehari,,"KCs 1-Bhiti, 2-Maharua, 3-Katehari of 4- A kbarpur Tehsil; KC 1-Aurangabad & Iltifatganj Bazar NP of 1-Tanda Tehsil.",487
UTTAR PRADESH,AMBEDKAR NAGAR,278,Tanda,,"KCs 2-Tanda, 3-Baskhari, 4-H answar, Tanda MB & Ashrafpur Kichhochha NP of 1-Tanda Tehsil.",488
UTTAR PRADESH,AMBEDKAR NAGAR,279,Alapur,SC,2-Alapur Tehsil.,488
UTTAR PRADESH,AMBEDKAR NAGAR,280,Jalalpur,,3-Jalalpur Tehsil.,488
UTTAR PRADESH,AMBEDKAR NAGAR,281,Akbarpur,,"KCs 4-Akbarpur, 5-Sikandarpur, 6-Ra mpur Sakarwari & Akbarpur MB of 4-Akbarpur Tehsil.",488
UTTAR PRADESH,BAHRAICH,282,Balha,SC,"KCs 5-Mihinpurwa, 6-Dharam apur, PCs 139-Girdharpur, 142-Lakshmanpur Matehi, 143-Ke shawapur, 144-Saraiyan, 145-Banjariya, 147-Puraina B hawanibux, 148-Pakariya Diwan, 150-Matiha, 151-Sarramundari, 152- Ghurghutta, 153-Gulra, 154-Gayaghat, 156-Balsinghpur, 157- Daulatpur, 158-Lagdiha, 159-Baivahi of 7-Balha KC & Fore st Area of 1-Nanpara Tehsil.",488
UTTAR PRADESH,BAHRAICH,283,Nanpara,,"KCs 1-Shivpur, 3-Charda, PCs 131-Nanpara Dehati, 132- Bhatehta, 133-Gulalpurwa, 134-Majhauwa Bhulaura, 135- Lakhahiya Kalan, 136-Tajpur, 137-Amba Pokhar, 138-Bhaluhiya Bhart, 140-Rajwapur, 141-Bhopatpur belwa, 146-Patrahiya, 149- Bhawaniyapur Banghusari, 155-Pars a Agaiya of 7-Balha KC & Nanpara MB of 1-Nanpara Tehsil.",488
UTTAR PRADESH,BAHRAICH,284,Matera,,"KCs 2-Nawabganj & 4-Matera of 1-Nanpara Tehsil; PCs 2-Mohammadnagar, 5-Kishunpurmafi, 6-Singaha, 11-Jauhara, 12-Soharwa, 13-Raipur, 14- Chakoojot, 15-Laukana, 16- Begampur, 17-Jalal Patti, 18-Itkauri, 19-Jagdeeshpur Shokha, 20-Meerpur Kasba, 21-Tanda Jalal of 1-Bahraich KC & Risiya Bazar NP of 3-Bahraich Tehsil; PCs 26-Dharmenpur, 27-Teriya, 28-Ramgaon, 29-Mukeriya, 30- Basounamafi, 31-Newada, 32-Mirjapur & 33-Dashrathpur of 2-Tajwapur KC of 2-Mahasi Tehsil.",488
UTTAR PRADESH,BAHRAICH,285,Mahasi,,"KCs 1-Mahsi, 3-Jaitapur, PC s 34-Khasaha Mohammadpur, 35- Balasarai, 36-Beershahpur, 37-Rampurwa, 38-Udwapur, 39- Gopchandpur, 40-Dahav, 41-Tajwapur , 42-Behtabhaya, 43-Sarai Mehrabad, 44-Jabdi, 47-Tendwa Bas ant Pur, 48-Gajapatipur, 49- Kataha & 50-Khaira of 2-Tajw apur KC of 2-Mahasi Tehsil.",488
UTTAR PRADESH,BAHRAICH,286,Bahraich,,"KC 2-Chilwariya, PCs 1-Bahraich Khash, 3-Singha Parasi, 4- Shahpurjot Yoosuf, 7-Nagraur, 8-Bishunpur Rahu, 9- Bakhshipura, 10-Deeha, 22-Katra Bahadur Ganj, 23-Musgarha of 1-Bahraich KC & Bahraich MB of 3-Bahraich Tehsil; PCs 77- Imaliya, 78-Badagaon, 79-Goku lpur, 80-Ramawapur, 81- Gudawapur, 82-Hariharpur, 84-B hanpur, 86-Pipriya Mahipal Singh, 87-Sarwa, 88-Sadyabad, 89-Chilharia, 90-Bhawanipur, 91-Khaira & 98-Katgharakala of 5- Huzurpur KC of 4-Kaiserganj Tehsil; PCs 45-Shekhdaheer & 46-B hatpurwa of 2-Tajwapur KC of 2-Mahasi Tehsil.",489
UTTAR PRADESH,BAHRAICH,287,Payagpur,,"KCs 3-Payagpur & 4-Wisheshwarganj of 3-Bahraich Tehsil; KC 4-Katakamarautha, PCs 83-Pat upur, 85-Jiganiya Jasakaran Singh, 92-Rampur, 93-Basant pur, 94-Huzoorpur, 95-Khanpur, 96-Singhpur, 97-Khargapur, 99-Laukahi , 100-Gyanapur & 101- Adilpur of 5-Huzurpur KC of 4-Kaiserganj Tehsil.",489
UTTAR PRADESH,BAHRAICH,288,Kaiserganj,,"KCs 1-Kaiserganj, 2-Jarwal, 3-Fakharpur & Jarwal NP of 4-Kaiserganj Tehsil.",489
UTTAR PRADESH,SHRAWASTI,289,Bhinga,,"KCs 1-Bhinga, 2-Bhangha, 3-Laxm anpur, 4-Tulsipur, Bhinga NP, PCs 5-Bansgarhi, 7-Bhagwanpur, 8-Bhagwanpurbhaisahi, 9-Veerpur, 15-Fatehpurbangai, 16-Gangabhagar, 20-Jamunahabhawaniyapur, 21-Jogiya, 22-Kathramafi, 24-Malhipurkhurd, 26-Pa rsohna, 29-Sagargawan, 30- Sangampurwa, 31-Sarra, 32-Shik arichaura, 34-Sonpurkalan & 35-Tikuiya of 5-Malhipur KC of 1-Bhinga Tehsil.",489
UTTAR PRADESH,SHRAWASTI,290,Shrawasti,,"2-Ekauna Tehsil; PCs 1-Acchra urashahpur, 2-Babhanpurwa, 3- Badhni, 4-Bahorwa, 6-Begampur, 10-Chamarpurwa, 11-Dadaura, 12-Damupurwa, 13-Devra, 14- Devraniya, 17-Gauspur, 18- Hardattnagargirant, 19-Ima liyakaranpur, 23-Mahadewa, 25- Manveriyadewan, 27-Rampurbasti , 28-Raniseer, 33-Sitkahna, 36-Tiwarigawan & 37-Trilokpur of 5-Malhipur KC of 1-Bhinga Tehsil.",489
UTTAR PRADESH,BALRAMPUR,291,Tulsipur,,"KCs 3-Harraiya Satgharwa & 4-Ma thura of 1-Balrampur Tehsil; KC 2-Maharaj Ganj, PCs 28- Shiva Nagar, 29-Gopalipur, 30- Balapur, 31-Mudila-I, 32-Mudila -II, 33-Nauwa, 34-Rehra, 35- Chauhatter Kala, 36-Naikiniya, 37- Bankatwa Kalan, 38-Patan, 39-Piprahwa Vishunpur, 40-Chainpur , 42-Tulsipur, 43-Kandaila, 44-Siktihwa, 45-Badgo, 46-Laxmanpur, 47-Mohanpur, 48- Laukahwa, 49-Vishunpur Kharhaniya , 51-Jaddapur, 52-Mahadev Harihar Nagar, 53-Harhata of 1-Tuls ipur KC & Tulsipur NP of 2- Tulsipur Tehsil.",490
UTTAR PRADESH,BALRAMPUR,292,Gainsari,,"KCs 3-Gainsari, 4-Pipra, 5- Pachperwa, PCs 41-Sheetalapur, 50-Ramwapur, 54-Bilauha, 55-Lax mi Nagar, 56-Nachaura, 57-Sanjhwal, 58-Kodri of 1-Tulsi pur KC & Pachperwa NP of 2- Tulsipur Tehsil.",490
UTTAR PRADESH,BALRAMPUR,293,Utraula,,"KCs 2-Utraula, 4-Puraina Buland, 5-Gaindas Buzurge, 6-Rehra Bazar, 7-Sadulla Nagar, PCs 98-Sakrahiya, 100-Sherganj Grint, 101-Pakri Bhuwar, 102-Barhya Pa kri, 103-Gokula Mafi, 105- Mahmoodabad Grint, 106-Bankatwa of 3-Pehar KC & Utraula MB of 3-Utraula Tehsil.",490
UTTAR PRADESH,BALRAMPUR,294,Balrampur,SC,"KCs 1-Balrampur Paschimi, 2-Ba lrampur Purvi & Balrampur MB of 1-Balrampur Tehsil; KC 1- Sri Datt Ganj, PCs 87-Gumadi, 88- Pipra Yaqoob, 89-Agaya Buzurge, 90-Shivpur Mahant, 91-Pipra Ramchander, 92-Mujaihni, 93-Mahadai ya Sirsiya, 94-Bangawan, 95-Gidhaur, 96-Gaur, 97-Kalu B ankat, 99-Redwaliya, 104- Chamroopur, 107-Jafarabad & 108-P ehar of 3-Pehar KC of 3- Utraula Tehsil.",490
UTTAR PRADESH,GONDA,295,Mehnaun,,"KCs 3-Intiyathok, 4-Dhnepur, 7-Mehnaun, PCs 103-Vishunapur Belbhariya, 104-Lalnagar, 105-C hauhatta, 106-Chhitnapur, 107- Bhangha, 108-Sevraha, 109-Amwa Khudai Nagar, 110-Jhuri Kueeyan, 111-Ithiya Nabijot, 112-Shivgrah, 113-Mahadeva Kalan, 114-Chauri Parihar, 116- Khargupur Imiliya, 117-Tenduwa Chaukhriya, 118-Devtha, 119-Mau Samsabad, 121-Lonawa Dargah, 122-Narainpur Mafi of 5-Khargupur KC & Khargupur NP of 1-Gonda Tehsil.",490
UTTAR PRADESH,GONDA,296,Gonda,,"KCs 1-Gonda, 6-Salpur & G onda MB of 1-Gonda Tehsil.",490
UTTAR PRADESH,GONDA,297,Katra Bazar,,"KCs 4-Dubha, 5-Birwa, 6-Pahar apur & Katra Bazar NP of 4- Colonelganj Tehsil; KC 2-Kauria , PCs 115-Dewariya Kalan, 120- Susgawan, 123-Asidha, 124-B abhani Sarai, 125-Paraspur Ailhwa, 126-Bhatpi & 127-Bholajot of 5-Khargupur KC of 1-Gonda Tehsil.",491
UTTAR PRADESH,GONDA,298,Colonelganj,,"KCs 1-Colonelganj, 2-Paraspur, 3 -Mangura & Colonelganj MB of 4-Colonelganj Tehsil.",491
UTTAR PRADESH,GONDA,299,Tarabganj,,"KCs 2-Ballipur, 4-Umri Begumganj, 5-Tarabganj & 6-Amdahi of 3- Tarabganj Tehsil.",491
UTTAR PRADESH,GONDA,300,Mankapur,SC,"KC 1-Mankapur, PCs 45-Datauli, 46-Ranipur, 47-Gyanipur Ram Parsad, 48-Dhuswa Khas, 49-Firozpur, 50-Updhyapur Grant, 51- Mechuka, 55-Karoha, 56-Machli G aon Nankar of 3-Machhligaon KC, Mankapur NP & Mankapur ITI of 2-Mankapur Tehsil; KCs 1- Nawabganj, 3-Mahadeva & Naw abganj MB of 3-Tarabganj Tehsil.",491
UTTAR PRADESH,GONDA,301,Gaura,,"KCs 2-Babhnan, 4-Maskanwa, 5- Gaura, PCs 52-Madhaipur, 53- Amghati, 54-Kaleniya, 57-Ta mapar, 58-Mahewa Nankar, 59- Alanpur Grint, 60-Durgapur, 61 -Amwa Mafi, 62-Jagnnathpur, 63- Kakrghata, 64-Garrahi & 65 -Bakhr awa of 3-Machhligaon KC of 2-Mankapur Tehsil.",491
UTTAR PRADESH,SIDDHARTHNAGAR,302,Shohratgarh,,1-Shohratgarh Tehsil & Sangram pur KC of 4-Itwa Tehsil.,491
UTTAR PRADESH,SIDDHARTHNAGAR,303,Kapilvastu,SC,2-Naugarh Tehsil.,491
UTTAR PRADESH,SIDDHARTHNAGAR,304,Bansi,,"KCs 1-Chetiya, 3-Sadar, 4-Kheserha, 5-Tilauli, & Bansi NPP of 3- Bansi Tehsil.",491
UTTAR PRADESH,SIDDHARTHNAGAR,305,Itwa,,"KCs Biskohar, Sadar, Khadsari, K huniyaw of 4-Itwa Tehsil & KC 1-Vainia of 5-Domariyaganj Tehsil.",491
UTTAR PRADESH,SIDDHARTHNAGAR,306,Domariyaganj,,"KCs 2-Shahpur, 3-Sadar, 4-Hallaur, 5-Surji of 5-Domariyaganj Tehsil & KC 2-Didayi of 3-Bansi Tehsil.",491
UTTAR PRADESH,BASTI,307,Harraiya,,"KCs 1-Sikandar Pur, 2-Vikramjote , 3-Parashurampur, 7-Harraiya Sadar, 8-Vishesarganj & Harraiya NP of 1-Harraiya Tehsil.",491
UTTAR PRADESH,BASTI,308,Kaptanganj,,"KCs 4-Gaur, 5-Paikoliya, 6-K aptanganj, 9-Chilma of 1-Harraiya Tehsil ; PCs 64-Ajgaiwa Jangal, 65- Sivpur, 66-Tinich Shukla and 67-Betouha of KC 3-Sonaha of 4-Bhanpur Tehsil.",492
UTTAR PRADESH,BASTI,309,Rudhauli,,"2-Rudhauli Tehsil; KCs 1-Ramnagar , 2-Sagara, 4-Dasia, PCs 51- Amma, 52-Mahnowa, 53-Banar jijangal, 54-Padaree, 55- Hasanpur, 56-Dumaree, 57-Ourj angal, 58-Amrouli Sumali, 59- Pitout, 60-Pachanoo, 61-Delpar Khurd, 62-Basthanwa, 63- Majhouwa Khurd, 66-Jagatpur, 69- Pakaree Bhikhi, 70-Chamraha & 71-Sakroula of KC 3-Sonaha of 4-Bhanpur Tehsil.",492
UTTAR PRADESH,BASTI,310,Basti Sadar,,"KCs 1-Sadar, 2-Munderawa, 7-S anughat & Basti MB of 3-Basti Sadar Tehsil.",492
UTTAR PRADESH,BASTI,311,Mahadewa,SC,"KCs 3-Mahadewa, 4-Nagar, 5-Gay ghat & 6-Kudraha of 3-Basti Sadar Tehsil.",492
UTTAR PRADESH,SANT KABIR NAGAR,312,Menhdawal,,"1-Menhdawal Tehsil; PCs 53-Jangal Kala, 54-Balooshasan, 55- Badhua, 56-Bhagwanpur, 57-K oorimaphy, 58-Sangath, 59- Boondipar, 60-Baghnagar urf Bakhir a, 61-Talwadachh, 62-Mahla, 63-Hardi, 64-Hawpur Bharari, 65- Sihtikar, 66-Bargo, 67-Shivapar, 68-Kolhua lakda of 3-Baghauli KC & Ledwa Mahua (CT) of 2- Khalilabad Tehsil.",492
UTTAR PRADESH,SANT KABIR NAGAR,313,Khalilabad,,"KCs 1-Semariyawan, 2-Meerganj , 4-Khalilabad, PCs 49-Juri, 50- Gangauli, 51-Chandideeha, 52-J eenkhal, 69-Jangal Un, 70- Bargo, 71-Bahilpar, 72-Sarauli of 3-Baghauli KC, Khalilabad MB & Magahar NP of 2-Khalilabad Tehsil.",492
UTTAR PRADESH,SANT KABIR NAGAR,314,Dhanghata,SC,3-Dhanghata Tehsil.,492
UTTAR PRADESH,MAHARAJGANJ,315,Pharenda,,3-Pharenda Tehsil.,492
UTTAR PRADESH,MAHARAJGANJ,316,Nautanwa,,1-Nautanwa Tehsil.,492
UTTAR PRADESH,MAHARAJGANJ,317,Siswa,,2-Nichlaul Tehsil.,492
UTTAR PRADESH,MAHARAJGANJ,318,Maharajganj,SC,"KCs 1-Sadar, 2-Ghughuli, 4-Bhit auli, Mahrajganj MB & Ghughuli NP of 4-Maharajganj Tehsil.",492
UTTAR PRADESH,MAHARAJGANJ,319,Paniyra,,"KCs 3-Partawal, 5-Paniyra & 6-Ka tarari of 4-Maharajganj Tehsil.",492
UTTAR PRADESH,GORAKHPUR,320,Caimpiyarganj,,"1-Caimpiyarganj Tehsil; PCs 1- Turkwaliya, 2-Tal Likheeya, 3- Fulwariya, 4-Sihorwa, 5-Jindapur, 6-Jangal Kauriya, 7-Sherpur Chamraha, 8-Mirpur, 9-Mainabhagar, 10-Awaipakar, 11- Dohariya, 12-Jamuar, 13- Jagatbela, 14-Bhandaro & 15- Domingrah of 5-Bhauwapar KC of 2-Sadar Tehsil.",493
UTTAR PRADESH,GORAKHPUR,321,Pipraich,,"KCs 3-Nagar, 4-Bhatahat & 5-Pi praich of 3-Sadar Tehsil.",493
UTTAR PRADESH,GORAKHPUR,322,Gorakhpur Urban,,"Ward Nos. 1 to 4, 6, 7, 8, 11, 12, 13, 16 to 21, 23, 25 to 28, 30, 32, 34, 37, 40 to 45, 47, 48, 49, 54, 55 & 57 to 60 in Gorakhpur (M Corp.) of 3-Sadar Tehsil.",493
UTTAR PRADESH,GORAKHPUR,323,Gorakhpur Rural,,"KC 2-Khorabar, PCs 16-Bhilaura, 17-Talnawar, 18-Akala, 19- Nausar, 20-Pichhaura, 21-Bhauwapar , 22-Sewai, 23-Kakarakhor, 24-Jangal Ranisohas Kunwari, 25-Jotabagahi, 26-Cheriya of 1- Bhauwapar KC, Ward Nos. 5, 9, 10, 14, 15, 22, 24, 29, 31, 33, 35, 36, 38, 39, 46, 50, 51, 52, 53 & 56 in Gorakhpur (M. Corp.) of 3-Sadar Tehsil.",493
UTTAR PRADESH,GORAKHPUR,324,Sahajanwa,,"2-Sahajanwa Tehsil; PCs 1-Ahirau li, 2-Varyabhar Urf Nakaha, 3- Vigahi, 4-Ashapar, 13-Khutbhar, 14-Satuabhar, 15-Katghar, 16- Chhatai, 17-Vishwanathpur, 18- Kudabharath, 19-Kotha, 20- Kasba Sangrampur, 21-Gorsaira, 22-Dhanaipur & 23-Tekwar of 1-Khajani KC of 6-Khajani Tehsil.",493
UTTAR PRADESH,GORAKHPUR,325,Khajani,SC,"KCs 2-Bhadar, 3-Sikariganj, 4- Belghat, PCs 5-Sangdandbaboo, 6-Suraini, 7-Rampur Pandey, 8- Gahna, 9-Bahuripar Bujurg, 10- Sahasi, 11-Sarya, 12-Rudrapur , 24-Gopalpur, 25-Aoji & 26- Gohali Basant of 1-Khajani KC of 6-Khajani Tehsil.",493
UTTAR PRADESH,GORAKHPUR,326,Chauri-Chaura,,4-Chauri-Chaura Tehsil.,493
UTTAR PRADESH,GORAKHPUR,327,Bansgaon,SC,5-Bansgaon Tehsil.,493
UTTAR PRADESH,GORAKHPUR,328,Chillupar,,7-Gola Tehsil.,493
UTTAR PRADESH,KUSHI NAGAR,329,Khadda,,"KCs 1-Khadda, 2-Bhujauli, 3-Kotw a & Khadda NP of 1-Padrauna Tehsil.",493
UTTAR PRADESH,KUSHI NAGAR,330,Padrauna,,"KCs 4-Vishunpura, 5-Padrauna & Padrauna NPP of 1-Padrauna Tehsil.",493
UTTAR PRADESH,KUSHI NAGAR,331,Tamkuhi Raj,,"KCs 3-Tamkuhi Raj, 4-Tara ya, PCs 147-Manghariya, 148- Gaurishriram, 150/151-Basgaw , 152-Dhokaraha, 153/154- Amawakhas of 1-Dudahi KC & S eorahi NP of 4-Tamkuhi Raj Tehsil.",494
UTTAR PRADESH,KUSHI NAGAR,332,Fazilnagar,,"KC 2-Turkpatti, PCs 134-Jangal Sisawa, 135-Jangal Luathaha, 136-Kiratpatti, 137-Mathiya Maphi, 138-Baikhunthpur, 139-Chalf, 140-Jangal Bishunpura, 141-Bata rauli Dhurkharawa, 142- Sorahawa, 143-Ghorath, 144- Dudahi, 145-Thadhibhar, 146- Dumahi, 149-Bishunpur Bariyapatti of 1-Dudahi KC of 4-Tamkuhi Raj Tehsil & KC 3-Fazilnagar of 3-Kasia Tehsil.",494
UTTAR PRADESH,KUSHI NAGAR,333,Kushinagar,,"KC 6-Sekhawania of 2-Padrauna Tehsil; KCs 1-Tekuwatar, 2- Kasia & Kushinagar NP of 3-Kasia Tehsil.",494
UTTAR PRADESH,KUSHI NAGAR,334,Hata,,"KCs 1-Hata, 2-Sukrauli, PCs 121-Barawa, 122-Sakhauli, 123- Ahirauli, 124-Lehani, 125-Asana, 126- Turakaha, 127-Khairatwa, 128-Bhaluha, 129-Telgawa, 130 -Madhawaliya, 131-Rohua Machhargawa of 3-Bodarwar KC & Hata NP of 2-Hata Tehsil.",494
UTTAR PRADESH,KUSHI NAGAR,335,Ramkola,SC,"KCs 4-Kaptanganj, 5-Ramkol a, PCs 110-Badahara, 111-Bodarwar, 112-Gangarai, 113- Padakhori, 114-Bhiswa, 115-Shahapur, 116-Harpur Mac hhagar, 117-Tawakalpur, 118- Soharuna, 119-Khurahuriya, 120-Ba rdiha of 3-Bodarwar KC, Kaptanganj NP & Ramkola NP of 2-Hata Tehsil.",494
UTTAR PRADESH,DEORIA,336,Rudrapur,,2-Rudrapur Tehsil.,494
UTTAR PRADESH,DEORIA,337,Deoria,,"KCs 1-Gauribazar, 6-Deoria, Gaur ibazar NP & Deoria MB of 1- Deoria Tehsil.",494
UTTAR PRADESH,DEORIA,338,Pathardeva,,"KCs 2-Bakhra, 3-Desahi Deoria, 5-Pathardeva of 1-Deoria Tehsil.",494
UTTAR PRADESH,DEORIA,339,Rampur Karkhana,,"KC 4-Rampur Karkhana, PCs 156-Dhanauti Kala, 157-Chakbandi Alias Pranpur, 158-Sohanipar, 159-Langada, 160-Dhusawa, 161- Siswa, 162-Mahuee, 163-Bariyar pur, 164-Rautpar, 165-Sirsia, 167-Pagara Alias Parsia, 170-Parsia Gulali of 7-Bariyarpur KC & Rampur Karkhana NP of 1-Deoria Tehsil; KC 1-Bhatni & Bhatni NP of 4-Salempur Tehsil.",494
UTTAR PRADESH,DEORIA,340,Bhatpar Rani,,5-Bhatpar Rani Tehsil.,494
UTTAR PRADESH,DEORIA,341,Salempur,SC,"KCs 2-Salempur, 3-Lar, Salempur NP , Majhuliraj NP & Lar NP of 4-Salempur Tehsil.",494
UTTAR PRADESH,DEORIA,342,Barhaj,,"3-Barhaj Tehsil; PCs 166-Deoria Mir, 169-Ahilwar Khurd, 171- Parsia Mishra, 172-Majhawalia, 173-Baripur, 174-Bairauna & 175-Sonughat of 7-Bariyarpur KC of 1-Deoria Tehsil.",495
UTTAR PRADESH,AZAMGARH,343,Atrauliya,,1-Burhanpur Tehsil.,495
UTTAR PRADESH,AZAMGARH,344,Gopalpur,,"KCs 1-Mahrajganj, 2-Kaptanganj, 7-Billariyaganj, 8-Bankat, Mahrajganj NP & Bilariaganj NP of 2-Sagri Tehsil.",495
UTTAR PRADESH,AZAMGARH,345,Sagri,,"KCs 3-Haraiya, 4-Raunapar, 5-Azamtgarh, 6-Jiyanpur, Azmatgarh NP & Jiyanpur NP of 2-Sagri Tehsil.",495
UTTAR PRADESH,AZAMGARH,346,Mubarakpur,,"KCs 2-Mubarakpur, 3-Sathiyaon, 6-Jahanaganj & Mubarkpur MB of 3-Azamgarh Tehsil.",495
UTTAR PRADESH,AZAMGARH,347,Azamgarh,,"KCs 1-Nagar, 4-Rani ki Sarai, 5-Sumbhi & Azamgarh MB of 3- Azamgarh Tehsil.",495
UTTAR PRADESH,AZAMGARH,348,Nizamabad,,"KC 1-Nizamabad, 2-Durvasa, 3- Kotha, PCs 75-Shervan, 76- Khudkasta Urf Saraimeer, 77-Kh arewan, 78-Pawai Larpur, 79- Sanjarpur, 80-Achalpur, 81-Da rikha Shekh Ahmadpur, 82- Khandwari, 83-Kanaitha, 84-Nev ada, 85-Gokulpur, 86-Kamalpur, 87-Mirzapur, 88-Kujiyari, 89-Ag sara Mustfabad, 90-Revra Parvejpur, 91-Hajaremalpur, 92-Sidha Sultanpur, 93-Khada, 94- Banjeer Patti of 4-Saraimeer KC , Nizamabad NP & Saraimeer NP of 4-Nizamabad Tehsil.",495
UTTAR PRADESH,AZAMGARH,349,Phoolpur-Pawai,,"KCs 1-Pawai, 2-Mahul, 3-Phoolpur , Phoolpur NP, PCs 70-Manra, 71-Rajapur Sikraur, 72-Basti, 73-Ohadpur & 74-Jagdishpur of 4- Saraimeer KC of 5-Phoolpur Tehsil.",495
UTTAR PRADESH,AZAMGARH,350,Didarganj,,"KC 4-Phalthi, 5-Didarganj, 6-Sika raur, 7-Atharaha of 5-Phoolpur Tehsil & KC 5-Muhammadpur of 4-Nizamabad Tehsil.",495
UTTAR PRADESH,AZAMGARH,351,Lalganj,SC,"KCs 1-Lalganj, 2-Dewganw, 4-Thek ma, 5-Bardah, PCs 59-Sihuka Abirpur, 65-Dandval, 68-Jhinjhpur , 76-Udhara Rasulpur of 3- Kooba KC & Katghar Lalganj NP of 6-Lalganj Tehsil.",495
UTTAR PRADESH,AZAMGARH,352,Mehnagar,SC,"7-Mehnagar Tehsil; PCs 56- Lal Mau, 57-Mehanajpur, 58- Jamudih, 60-Kooba Khas, 61-Panday Atarkusha, 62-Jiyapur, 63- Tiyara, 64-Rampur Jamin Palhan, 66-Barava, 67-Patti Bhikhari, 69-Jamukha, 70-Haibatpur Ur f Dubhav, 71-Bangaon, 72-Pakari Kala (I), 73-Pakari Khurda (II), 74-Kujrav, 75-Kharka, 77-Taravan (I), 78-Taravan (II), 79-Maulani pur, 80-Naurasiya, 81-Bhilihili & 82-Barehata of 3-Kooba KC of 6-Lalganj Tehsil.",495
UTTAR PRADESH,MAU,353,Madhuban,,"2-Madhuban Tehsil; KC 1-Dohari ghat, PCs 25-Atarsawan, 26- Takteua Rampur, 28-Katihari Buzu rg, 29-Bhatmila, 35-Kudahani, 36-Badrawn, 37-Amila, 38-Sonadih of 2-Amila KC & Doharighat NP of 1-Ghosi Tehsil.",496
UTTAR PRADESH,MAU,354,Ghosi,,"KC 3-Ghosi, PCs 27-Bojhi, 30-Chandrapar, 31-Punapar, 32- Peuwatal, 33-Rampur, 34-Shohad, 39-Bhira, 40-Banagawan, 41-Dharauli, 42-Pideuth Si nghpur, 43-Pakribugurg, 44-Ahemadpur Asana, 45- Baniapar Saiyadtahir, 46-Bhikharipur, 47-Nadwakhas, 48-Jamdih, 49-Kalupar, 50-Akolhi Mubarkpur of 2-Amila KC, Amila NP & Ghosi NP of 1-Ghosi Tehsil; KC 3- Koiriapar, PCs 55-Kandheri, 56- Bhadsamanopur, 57-Dandikhas, 58-Indara-(First), 59-Indara-(S econd), 60-Lilari Bharauli, 61- Jaisinghpur, 62-Alinagar, 63-Adar i, 64-Kasara, 65-Mahuwar Basgitia, 66-Para Mubarkpur , 67-Garthauli, 68-Shahpur, 69- Kopaganj, 70-Saharoj, 71-Khukhundwa, 72-Bara, 73-Lairodonwar of 4-Kopaganj KC, Kopaganj NP & Adari NP of 3-Mau Nath Bhanjan Tehsil.",496
UTTAR PRADESH,MAU,355,Muhammadabad- Gohna,SC,4-Muhammadabad Gohna Tehsil.,496
UTTAR PRADESH,MAU,356,Mau,,"KCs 1-Haldharpur, 2-Ratanpura, 5-Mau Nath Bhanjan, PCs 51- Khawaja Jahanpur, 52-Nasopur, 53 -Sarwan, 54-Ranvirpur of 4- Kopaganj KC & Mau Nath Bhanjan MB of 3-Mau Nath Bhanjan Tehsil.",496
UTTAR PRADESH,BALLIA,357,Belthara Road,SC,"1-Belthara Road Tehsil; PCs 1-Pa l Chandraha, 2-Tari Baragaon, 3-Nikasi, 7-Malap Harsenpur , 9-Padari, 10-Nagara, 18- Gothawan, 19-Deoriya, 20-Nar ahin & 21-Dihawan of 1-Nagara KC of 3-Rasara Tehsil.",496
UTTAR PRADESH,BALLIA,358,Rasara,,"KCs 2-Salempur, 3-Rasara, 4 -Kotawari, 5-Chilkahar, PCs 4- Atrooli Karmoota, 5-Shah Muha mmadpur, 6-Tiyara Haiderpur, 8- Dewadhiya, 11-Kodai, 12-Sonapali, 13-Kharuon, 14-Athila, 15- Siswar Kalan, 16-Khaira Nisfi , 17-Rekuwan Naseerpur of 1- Nagara KC & 6-Nagarpalika Parishad Rasara of 3-Rasara Tehsil.",496
UTTAR PRADESH,BALLIA,359,Sikanderpur,,2-Sikanderpur Tehsil.,496
UTTAR PRADESH,BALLIA,360,Phephana,,"KCs 1-Garwar, 2-Phephana, 3-Chi t, 4-Sohaon & Chitbara Gaon NP of 4-Ballia Tehsil.",496
UTTAR PRADESH,BALLIA,361,Ballia Nagar,,"KCs 5-Nagar, 6-Dubahar, PCs 13 3-Jawahin, 134-Hariharpur, 135-Repura, 136-Rampur Titi hi, 137-Kachhuwa Khas, 138- Pindari, 139-Sinhakund, 140-Parsiy an, 141-Haldi, 142-Puras, 143-Rohuwan, 158-Hans Nagar of 7- Haldi KC & Ballia MB of 4- Ballia Tehsil.",497
UTTAR PRADESH,BALLIA,362,Bansdih,,5-Bansdih Tehsil.,497
UTTAR PRADESH,BALLIA,363,Bairia,,"6-Bairia Tehsil; PCs 144-Bigahi n, 145-Sonwani, 146-Samrath Pah, 147-Dudhaila, 148-Dighar, 149-Gangapur, 150-Majhouwan, 151-Belahari, 152-Mudadih, 153-B harkhokha, 154-Baghunch, 155-Badilpur, 156-Pachrukhiya & 157- Narainpur of 7-Haldi KC of 4-Ballia Tehsil.",497
UTTAR PRADESH,JAUNPUR,364,Badlapur,,2-Badlapur Tehsil.,497
UTTAR PRADESH,JAUNPUR,365,Shahganj,,"KCs 1-Khuthan, 2-Sarpataha, 3- Sarai Mohiuddinpur, 4-Kasba & Shahganj MB of 1-Shahganj Tehsil.",497
UTTAR PRADESH,JAUNPUR,366,Jaunpur,,"KCs 5-Khetasarai, 6-Lapari & K hetasarai NP of 1-Shahganj Tehsil; KC 3-City & Jaunpur NPP of 4-Jaunpur Tehsil.",497
UTTAR PRADESH,JAUNPUR,367,Malhani,,"KCs 4-Baksha, 5-Malhani & 6-Rari of 4-Jaunpur Tehsil.",497
UTTAR PRADESH,JAUNPUR,368,Mungra Badshahpur,,"KCs 3-Mungra, 4-Pawara, 5-Su janganj, 6-Belwar & Mungra Badshahpur MB of 3-Machhlishahr Tehsil.",497
UTTAR PRADESH,JAUNPUR,369,Machhlishahr,SC,"KCs 2-Belawan, 7-Barsathi & 8-Nigoh of 5-Mariahu Tehsil; KCs 1-Kasba, 2-Ramgarh & Machchlis hahar NP of 3-Machhlishahr Tehsil.",497
UTTAR PRADESH,JAUNPUR,370,Mariyahu,,"KCs 1-Kasba, 3-Jamalapur, 5-Ra mpur, 6-Nonari & Mariyahu NP of 5-Mariyahu Tehsil.",497
UTTAR PRADESH,JAUNPUR,371,Zafrabad,,"KCs 1-Zafrabad, 2-Saremu & Za frabad NP of 4-Jaunpur Tehsil; KC 2-Beyalasi of 6-Kerakat Tehsil & KC 4-Nevadhiya of 5- Mariyahu Tehsil.",497
UTTAR PRADESH,JAUNPUR,372,Kerakat,SC,"KCs 1-Muftiganj, 3-Thanagaddi, 4-Ke rakat, 5-Bajrangnagar, 6- Dobhi & Kerakat NP of 6-Kerakat Tehsil.",497
UTTAR PRADESH,GHAZIPUR,373,Jakhanian,SC,Jakhanian Tehsil.,497
UTTAR PRADESH,GHAZIPUR,374,Saidpur,SC,"KCs 1-Khanpur, 2-Sadat, 3-Sai dpur, PCs 1-Kurban Sarai, 13- Pachrasi, 14-Turna, 15-Sa ichana, 20-Mahamudpur Pali, 21- Basuchak, 22-Rampur Majha, 23- Diyara Bar of 4-Nandganj KC & Saidpur NP of Saidpur Tehsil.",498
UTTAR PRADESH,GHAZIPUR,375,Ghazipur,,"PCs 2-Sauri, 3-Kusumhi Khurd, 4-Andhokhar, 5-Kataghara, 6- Dandapur, 7-Tardeeh, 8-Harihar pur, 9-Gola, 10-Chilar, 11- Barahra, 12-Koryadih, 16-Deos ingha, 17-Sihori, 18-Barahpur, 19- Pachara, 24-Nari Pachdewara & 25-Chandipur of 4-Nandganj KC of Saidpur Tehsil; KC 5-Karanda, PCs 2-Bikapur urf Pasideeh, 8- Ghazipur Shahar, 9- A amghat (all Mohallas included in Ghazipur MB), 10-Chhawani Li ne Z.A., 11-Chhawani Line Non Z.A. (included in Ghazipur MB), 12-Bayepur, 13-Sakara, 14- Mohanw, 15-Chaukiya, 16-Diliya, 17-Fateullahpur, 18-Maharaj Ganj, 19-Murawal, 20-Saheri of 4- Ghazipur Nagar KC, Ghazipur MB & Ghazipur (OG) of Ghazipur Tehsil.",498
UTTAR PRADESH,GHAZIPUR,376,Jangipur,,"PCs 1-Gahali Basarikpur, 2- Nakhatpur, 3-Mustafabad, 4- Bhojapur, 5-Bijaura, 18-Pipnar , 19-Lahurapur, 20-Korari, 21- Dhaneshpur of 1-Mardah KC, KCs 2-Birno, 3-Jangipur, PCs 1- Nagwa urf Kataila, 3-Biraic h, 4-Andhau, 5-Bindwalia, 6- Akarampur Urf Banzaripur, 7-Raj depur of 4-Ghazipur Nagar KC & Jangipur NP of Ghazipur Tehs il; PCs 1-Garuwamaksoodpur, 2- Duhia, 3-Tarighat, 4-Yuvrajpur, 5-Bawara, 6-Suhwal, 7-Ramwal, 8-Bemuwa, 17-Dhadhani Ranveer Rai, 19-Bhagirathpur & 20- Dewa Bairanpur of 1-Tarighat KC of Zamania Tehsil.",498
UTTAR PRADESH,GHAZIPUR,377,Zahoorabad,,"KCs 1-Kasimabad, 2-J ahoorabad & 5-Dehma of Mohammadabad Tehsil; PCs 6-Sara r urf Haidarganj, 7-Gai, 8- Chawar, 9-Ghariha, 10-Dorsar , 11-Raipur Baghpur, 12-Singera LC, 13-Khajurgaw, 14-Indour, 15-Du rkhusi, 16-Kodai, 17-Mardah of 1-Mardah KC & 6-Bahadurganj NP of Ghazipur Tehsil.",498
UTTAR PRADESH,GHAZIPUR,378,Mohammadabad,,"KCs 3-Mohammdabad (West), 4-Mohammdabad (Middle), 6- Mohammdabad (East) & Mohammadabad MB of Mohammadabad Tehsil & KC 4-Reotipur of Zamania Tehsil.",498
UTTAR PRADESH,GHAZIPUR,379,Zamania,,"KCs 1-Tarighat (except PCs 1-Garuwa maksoodpur, 2- Duhia, 3-Tarighat, 4-Yuvrajpur, 5-Bawara, 6-Suhwal, 7-Ramwal, 8-Bemuwa, 17-Dhadhani Ranveer Rai, 19-Bhagirathpur & 20- Dewa Bairanpur), 2-Zamania, 3-Dildarnagar, 5-Gahmar, Dildarnagar NP & Zamania MB of Zamania Tehsil. 66 - DISTRIC : CHANDAULI",498
UTTAR PRADESH,GHAZIPUR,380,Mughalsarai,,"KCs 1-Mughalsarai, 2-Alinagar, PCs 42-Madhupur, 43-Jashuri, 44-Dhuricoat, 48-Gorari, 61-Bis auri of 3-Majhwar Chandauli KC, Dulhipur (CT), Mughalsarai MB, Mughalsarai Rly. Settelement NP & Chandauli NP of Chandauli Tehsil.",499
UTTAR PRADESH,GHAZIPUR,381,Sakaldiha,,"KCs 1-Chahania North, 2-Chahania South, 3-Sakaldiha, PCs 72- Amaval, 74-Paura, 75-Pit hapur, 79-Dharahara, 80-Ranepur & 95- Salempur of 4-Dhanapur KC of 1-Sakaldiha Tehsil.",499
UTTAR PRADESH,GHAZIPUR,382,Saiyadraja,,"KC 5-Kamalpur, PCs 73-Maniya rpur, 76-Khor, 77-Onaval, 78-Dedhgava, 81-Avajapur, 82-Vardi shara, 83-Kavayi Paharpur, 84-Amara, 85-Birana, 86-Gur ehu, 87-Niditpur, 88-Dharar, 89- Neknampur, 90-Diya, 91-Hingutar Jagadishpur, 92-Babhaniyav Raypur, 93-Dhanapur-I & 94-Dhanapu r-II of 4-Dhanapur KC of Sakaldiha Tehsil; KCs 4-Saidra ja, 5-Dheena & Saiyadraja NP of Chandauli Tehsil.",499
UTTAR PRADESH,GHAZIPUR,383,Chakia,SC,"3-Chakia Tehsil; PCs 45-Pratappur , 46-Ramgarh, 47-Hathiyani, 49-Bishunpura, 50-Jagadishpur, 51- Pakhanpura, 52-Kanta, 53-Dharouli, 54-Marih, 55-Oura iya, 56-Chak, 57-Darveshpur, 58-Negura, 59-Majhwarkhash, 60- Lilapur & 62-Manikpur of 3-Majhwar Chandauli KC of Chandauli Tehsil.",499
UTTAR PRADESH,VARANASI,384,Pindra,,"KCs 2-Pindra, 3-Anei, PCs 4-Ba sani, 5-Bahutara, 6-Bhanpur, 17-Baikunthpur, 20-Murdi, 21-Nahiya, 25-Baragaon of 1-Harahaua KC & Baragaon (CT) of 1-Pindra Tehsil.",499
UTTAR PRADESH,VARANASI,385,Ajagara,SC,"KCs 4-Palahi Patti, 5-Ajagara, PCs 1-Dallipur, 2-Rasulpur, 3- Shahpur, 7-Babatpur, 8-Raisipa tti, 9-Surwa, 10-Harhua, 11- Birapatti, 12-Koirajpur, 13-Au sanpur, 14-Undi, 15-Sabhaipur, 16- Ekla, 18-Garwa, 19-Paschimpur , 22-Gauri, 23-Parsadpur, 24- Hathiwar, 26-Puarikala, 27-P uarikhurd & 28-Bhopapur of 1- Harahaua KC of 1-Pindra Tehsil.",499
UTTAR PRADESH,VARANASI,386,Shivpur,,"KCs 6-Shivpur, 7-Jallhupur, Lohta (CT), Phulwaria (CT), Shivdaspur (CT) & Maruadih Rly. Se ttlement (ITS) of 2-Varanasi Tehsil.",499
UTTAR PRADESH,VARANASI,387,Rohaniya,,"KCs 4-Rohaniya, 5-Shahar (e xcept PCs 7-Bhagwanpur, 20- Ramnagar, 21-Sultanpur & 22-Bh iti), PCs 2-Kashipur, 6- Todarpur, 7-Kaneri, 9-Suichak, 11-Bhadrasi, 16-Babhniawan, 19- Parsupur, 20-Bhawanipur of 3- Rajatalab KC, Kotwa (CT), Kandwa (CT) & Gangapur NP of 2-Varanasi Tehsil.",500
UTTAR PRADESH,VARANASI,388,Varanasi North,,"Ward Nos. 1, 2, 4 to 7, 9, 10, 11, 13, 14, 19, 20, 21, 23, 25, 27, 33, 34, 36, 38, 51, 60, 61, 73, 79, 82 & 84 in Varanasi (M Corp.) of 2-Varanasi Tehsil.",500
UTTAR PRADESH,VARANASI,389,Varanasi South,,"Ward Nos. 3, 8, 12, 17, 18, 22, 24, 26, 29, 30, 35, 40, 42, 43, 44, 46 to 50, 52 to 55, 59, 62, 64, 69, 76, 78, 80, 83, 87 & 88 in Varanasi (M Corp.) of 2-Varanasi Tehsil.",500
UTTAR PRADESH,VARANASI,390,Varanasi Cantt,,"Varanasi CB, Ward Nos. 15, 16, 28, 31, 32, 37, 39, 41, 45, 56, 57, 58, 63, 65 to 68, 70, 71, 72, 74, 75, 77, 81, 85, 86, 89 & 90 in Varanasi (M Corp.), Lahartara (OG) - Ward No. 91, Maruadih (OG) - Ward No.92, PCs 7-Bhagwanpur, 20-Ramnagar, 21- Sultanpur, 22-Bhiti of 5- Sahar KC & Ramnagar MB of 2-Varanasi Tehsil.",500
UTTAR PRADESH,VARANASI,391,Sevapuri,,"KCs 1-Sevapuri, 2-Mirzamur ad, PCs 1-Shahanshahpur, 3-Narsada, 4-Sihorwa, 5-Birbhan pur, 8-Harsos, 10-Ganjari, 12-Kachanar, 13-Jakhini, 14- Singhi, 15-Aswari, 17-Chandapur, 18-Mahgaon, 21-Bhikhampur, 22-Maru i & 23-Beersinghpur of 3-Rajatalab KC of 2-Varanasi Tehsil.",500
UTTAR PRADESH,SANT RAVIDAS NAGAR,392,Bhadohi,,3-Bhadohi Tehsil.,500
UTTAR PRADESH,SANT RAVIDAS NAGAR,393,Gyanpur,,"KCs 1-Konia, 2-Matethu, PCs 49-Chhatrashahpur, 50-Pali, 51- Ganeshraypur, 53-Chaksikhari, 56-Gyanpur, 61-Puregaderiya, 62-Kasidaha, 63-Umariya, 64-Sans arapur, 65-Bari, 67-Kasiyapur, 68-Raipur, 69-Thanipur, 70-Kat hauta, 71-Purebhagawat of 3- Gyanpur KC, Gopi Ganj MB & Gyanpur NP of 2-Gyanpur Tehsil.",500
UTTAR PRADESH,SANT RAVIDAS NAGAR,394,Aurai,SC,"1-Aurai Tehsil; PCs 52-Saraimis rani, 54-Bedpur, 55-Jorai, 57- Gharawa, 58-Gopiganj, 59-Bhidiu ra, 60-Sarairajputani & 66- Saripur of 3-Gyanpur KC of 2-Gyanpur Tehsil.",500
UTTAR PRADESH,MIRZAPUR,395,Chhanbey,SC,Lalganj Tehsil & 1-Chhanbey KC of Mirzapur Tehsil.,500
UTTAR PRADESH,MIRZAPUR,396,Mirzapur,,"KCs 2-Gaipura, 3-Vindhyachal, Mi rzapur-cum-Vindhyachal MB & Bharuhana (CT) of Mirzapur Tehsil.",501
UTTAR PRADESH,MIRZAPUR,397,Majhawan,,"KCs 4-Sadar, 5-Dewari, 6-Pahari, 7-Majhawan & Kachhawa NP of Mirzapur Tehsil.",501
UTTAR PRADESH,MIRZAPUR,398,Chunar,,"KCs 1-Haveli, 3-Kriyat, 4-Bhuili & Chunar MB of Chunar Tehsil.",501
UTTAR PRADESH,MIRZAPUR,399,Marihan,,"Marihan Tehsil; KCs 2-Aharaura, 5-Sakteshgarh, Ahraura MB & Bakiabad (CT) of Chunar Tehsil.",501
UTTAR PRADESH,SONBHADRA,400,Ghorawal,,"Ghorawal Tehsil; KC 1-Karma, PCs 25-Tilouli, 26-Ormaura, 27- Badhouli, 28-Manpur, 29-Panwar, 30-Khairahi, 31-Budharkala, 32-Pakari, 33-Paliyakalan, 34- Kusi & 35-Jhengurpur of 2-Robertsganj KC of Robertsganj Tehsil.",501
UTTAR PRADESH,SONBHADRA,401,Robertsganj,,"KCs 3-Vijaigarh, 4-Nagawan, 5-Kon, PCs 36-Rampur, 37-Mahewa, 38-Pipri, 39-Lasda, 40-Sirpalpur, 41-Mehud Kala, 42-Churk of 2-Robertsganj KC, R obertsganj MB & Churk Ghurma NP of Robertsganj Tehsil.",501
UTTAR PRADESH,SONBHADRA,402,Obra,,"KC 6-Agori,Chopan NP & Obra NP of Robertsganj Tehsil; PCs 1-Ranhor, 2 & 3-Kuldomari (East & West), 4-Anpara, 5-Parasi, 9-Belwadah, 10-Pati, 11-Murdhawa, 12-Khairahi, 13-Parani of 1-Pipri KC, Renukoot NP & Pipri NP of Duddhi Tehsil.",501
UTTAR PRADESH,SONBHADRA,403,Duddhi,SC,"KCs 2-Muirpur, 3-Jarha, 4- Babhani, 5-Gohada, 6-Duddhi, 7-Windhamganj, PCs 6-Baasi, 7-Chilkadad, 8-Kota of 1-Pipri KC & Duddhi NP of Duddhi Tehsil.",501
UTTARAKHAND,UTTARKASHI,1,Purola,SC,"1-Mori Tehsil; 2-Purola Tehsil; KCs 2-Naugaon, 3-Barnigad, PCs 39-Gandoli & 41-Gair (Banal) of 4- Rajgarhi KC of 3-Rajgarhi (Barkot) Tehsil.",507
UTTARAKHAND,UTTARKASHI,2,Yamunotri,,"5-Chinyalisaur Tehsil; KC 1-Bark ot, PCs 40-Gulari, 42-Rajgarhi, 43-Chaptari, 44-Gangtar i & 45-Nagangaon of 4-Rajgarhi KC of 3- Rajgarhi (Barkot) Tehsil; PCs 50-Kalyani, 51-Jineth, 52-Genwala (Bhandarsyun), 53-Kurmola, 54-Jhunga of 1-Dunda KC & Barkot NA of 4-Dunda Tehsil.",507
UTTARAKHAND,UTTARKASHI,3,Gangotri,,"6-Bhatwari Tehsil; PCs 46-Barethi, 47-Matli, 48-Nakuri (Barsali), 49-Beerpur (Dunda) of 1-Dunda KC & KC 2-Bhatwari (Dhanari) of 4-Dunda Tehsil.",507
UTTARAKHAND,CHAMOLI,4,Badrinath,,"1-Joshimath Tehsil; KC Chamoli, 2A-Chamoli MB of 2-Chamoli Tehsil & 3-Pokhari Tehsil.",507
UTTARAKHAND,CHAMOLI,5,Tharali,SC,"5-Tharali Tehsil; KC Nandprayag, Nandprayag NP & Forest Area of 2-Chamoli Tehsil.",507
UTTARAKHAND,CHAMOLI,6,Karnprayag,,4-Karnprayag Tehsil & 6-Gairsain Tehsil.,507
UTTARAKHAND,RUDRYAPRAYAG,7,Kedarnath,,1-Ukhimath Tehsil & KC Chopta Ja khani of 2-Rudraprayag Tehsil.,507
UTTARAKHAND,RUDRYAPRAYAG,8,Rudraprayag,,"KC Rudraprayag, Rudraprayag NP of 2-Rudraprayag Tehsil & Jakholi Tehsil.",507
UTTARAKHAND,TEHRI GARHWAL,9,Ghanshali,SC,"KC Chamiyala, PCs 4-Paukhal, 5- Pilkhi, 6-Thela, 7-Holta, 8- Muyalgaon, 9-Dhangi, 10-Maigadhar, 11-Akhori, 12-Dhaunikhal, 13-Pakh, 14-Kathur-Hindaw, 15-C hanji, 16-Pangriyana of Dangi KC & Bhilangna Range P-3 of 1-Ghanshali Tehsil.",508
UTTARAKHAND,TEHRI GARHWAL,10,Deoprayag,,"KCs Kirtinagar, Chandrabadni, Deoprayag NA, PCs 37- Lalathpatoun, 38-Lalurikhal, 39-Bira kot, 40-Hindolakhal, 41-Aamni, 42-Mahar & 43-Bhatkot of Deopray ag KC of 2-Deoprayag Tehsil; PCs 180-Paurikhal, 181 Gaumukh, 182-Raurdhar & 183-Jagdhar of Jakhnidhar KC of Jakhnidhar Tehsil.",508
UTTARAKHAND,TEHRI GARHWAL,11,Narendranagar,,"5-Narendranagar Tehsil; PCs 34-Ku rn, 35-Baunth, 36-Bachelikhal, 44-Bharpur & 45-Dansara of Deopr ayag KC of 2-Deoprayag Tehsil.",508
UTTARAKHAND,TEHRI GARHWAL,12,Pratapnagar,,"3-Pratapnagar Tehsil; PCs 106-Bhal diyana, 107-Kandikhal, 108- Kafal Pani, 109-Pali, 110-Sirain & 111-Padiyar Gaon of Udaypur KC of Tehri Tehsil; PCs 1-Mandar, 2-Devtadhar & 3- Chandreshwarsain of Dangi KC of Ghansali Tehsil.",508
UTTARAKHAND,TEHRI GARHWAL,13,Tehri,,"KC Chamba, Tehri Nagar Palika & Chamba NA of 4-Tehri Tehsil; PCs 173-Nandgaon, 174-Gadoliya, 175-Jakhnidhar-Koti, 176- Nawakot, 177-Khandogi, 178-Anjanisain & 179-Garakot of Jakhnidhar KC of 7-Jakhnidhar Tehsil.",508
UTTARAKHAND,TEHRI GARHWAL,14,Dhanolti,,"6-Dhanolti Tehsil; PCs 95-Katkhe t, 96-Laluri, 97-Bayargaon, 98- Maindkhal, 99-Lawani, 100-Kandarkhal, 101-Chham, 102-Bangiyal, 103-Kailar, 104-Kamand, 105-Thaul dhar of Udaipur-KC & Tehri Range of 4-Tehri Tehsil.",508
UTTARAKHAND,DEHRADUN,15,Chakrata,ST,1-Chakrata Tehsil; 5-Kalsi Tehsil & 6-Tuni Tehsil.,508
UTTARAKHAND,DEHRADUN,16,Vikasnagar,,"PCs 1-Binhar East, 2-Binhar West, 3- Ambari, 4-Prithvipur, 5-Enfield Grant, 6-Dhakrani, 8-Fatehpur, 9- West Hopetown 2, 10-West Hopetown 1, 11-Kedarwala, 12-R udrapur of Vikasnagar KC, 11- ABC-Vikasnagar NPP & Herverat Pur 'Nagarpanchayat' of 2- Vikasnagar Tehsil.",508
UTTARAKHAND,DEHRADUN,17,Sahaspur,,"KC Jhajra, PCs 7-Dharmawala , 13-Sorna, 24-Sahaspur & 25- Jassowala of Vikasnagar KC of 2- Vikasnagar Tehsil; PC 1-Arcedia Grant of Dehrakhas KC of 3-Dehradun Tehsil.",508
UTTARAKHAND,DEHRADUN,18,Dharampur,,"PCs 2-Sewla Kalan, 3-Majra, 4- Bharunwala Grant, 5-Dehrakhas, 6- Ajabpur Kalan, 9-Kanwali of Dehrakhas KC, Claiment Town Cantonment of Raipur KC, Ward Nos. 6, 7, 9, 10, 23, 28, 42, 43, 45 & 53 in Dehradun (M.Corp) of 3-Dehradun Tehsil.",509
UTTARAKHAND,DEHRADUN,19,Raipur,,"PC 7-Aghoiwala of Dehrakhas KC, PCs 20-Gujrara Mansingh, 21- Danda Lakhaund, 22-Kandauli, 29-Dwara , 30-Raipur, 31-Mianwala of Raipur KC, Raipur (CT), Ward Nos. 13, 15, 20, 26, 29, 35, 36, 44 & 46 in Dehradun (M.Corp) of 3-Dehradun Tehsil.",509
UTTARAKHAND,DEHRADUN,20,Rajpur Road,SC,"Ward Nos. 1 to 4, 8, 12, 16, 18, 21, 24, 30, 33, 34, 41, 48, 50, 52, 56 & 60 in Dehradun (M.Corp) of 3-Dehradun Tehsil.",509
UTTARAKHAND,DEHRADUN,21,Dehradun Cantt,,"Ward Nos. 1, 2, 3 of Dehradun (CB), FRI and College Area, Ward Nos. 11, 14, 17, 25, 31, 37, 40, 47, 49, 51, 54, 55, 58 & 59 in Dehradun (M.Corp) of 3-Dehradun Tehsil.",509
UTTARAKHAND,DEHRADUN,22,Mussoorie,,"PCs 8-Karanpur Khas, 10-Kaulagar h, 11-Jakhan, 12-Garhi, 13- Rikhauli, 14-Johri, 15-Kayarkuli B hatta of Dehrakhas KC, PCs 16- Chamasari, 17-Silla, 18-Sarona, 19-Chalang of Raipur KC, Mussoorie Nagarpalika Parisad, Wa rd Nos. 4 to 7 in Dehradun (CB), Ward Nos. 5, 19, 22, 27, 32, 38, 39 & 57 in Dehradun (M.Corp) & Landhaur Cantonment Bo ard of 3-Dehradun Tehsil.",509
UTTARAKHAND,DEHRADUN,23,Doiwala,,"PCs 23-Badripur, 24-Doodhli, 25-Nakraunda, 26-Badasi Grant, 27- Markham Grant I, 28-Markham Grant II & 32-Nathuvawala of Raipur KC of 3-Dehradun Tehsil; PCs 3 -Majri Grant, 5-Bhogpur, 6-Gadool, 7-Sungaon, 8-Barkot Maufi, 9- Ranipokhri Grant, 10-Ramnagar Danda, 11-Bhaniawala, 12-Sindhw al Gaon, 13-Jolly Grant of Rishikesh KC, Doiwala Nagarpanc hayat, Ramgarh Range & Thano Forest Range of 4-Rishikesh Tehsil.",509
UTTARAKHAND,DEHRADUN,24,Rishikesh,,"PCs 1-Rishikesh, 2-Chhidderwala, 4-Raiwala of Rishikesh KC, Virbhadra (ITS), Pratitnagar (CT) - Ward No. 1 & Rishikesh Municipality of 4-Rishikesh Tehsil.",509
UTTARAKHAND,HARDWAR,25,Hardwar,,Ward Nos. 1 to 20 in Hardwar (MB) of 2-Hardwar Tehsil.,509
UTTARAKHAND,HARDWAR,26,B.H.E.L. Ranipur,,"B.H.E.L Ranipur N.A.C, PCs 02- Ahmadpur Karach, 03-Jwalapur, 04-Bhadrabad, 09-Salempur Mahdod- I, 10-Salempur Mahdod-II, 11-Annekihetampur, 12-Aurangabad of Jwalapur KC, Ward Nos. 21 to 27, Gurukul Kangri (OG) - Wa rd No. 28 & Jwalapur Mahavidyala (OG) - Ward No. 29 in Hardwar (MB) of 2-Hardwar Tehsil.",509
UTTARAKHAND,HARDWAR,27,Jwalapur,SC,"PCs 01-Sekhupur Urf Kankhal , 05-Bodahedimohiudeenpur, 06- Atmalpur Bongla, 07-Rohalki Ki shanpur, 08-Mirpur Mawajpur, 13- Garh, 14-Shivdaspur Urf Teliwala, 15-Kotamuradnagar, 16- Sohalpur Sikroda, 17-Daluwala , 18-Shadevpur Shawajpur, 19- Mukarpur, 20-Alawalpur, 21- Ahmadpur Grant & 22-Dadupur Govindpur of Jwalapur KC of 2-Hardwar Tehsil; PCs 01- Banjarewalagrant, 02-Nokara Gr ant, 03-Dolatpurhajratpur urf Budhwashaid, 04-Fatehullapur Urf Telpura, 05-Aurangjebpur. 06-Kheri Shikohpur, 07-Kheri Shik ohpur J.M., 08-Sikroda-I, 10- Majahidpur Satiwala & 11-Ibrahimpur Masahi of Bhagwanpur KC of 1-Roorkee Tehsil.",510
UTTARAKHAND,HARDWAR,28,Bhagwanpur,SC,"PCs 09-Sikroda-II, 12-Habibpur Niwada, 13-Manak Majra, 14- Jalalpur Dada, 15-Hasanpur Madanpur, 16-Chhaparsher Afganpur, 17-Latifpur Khubbanpur, 21-Bhagw anpur, 22-Hallumajra of Bhagwanpur KC, Forest Area, PC s 09-Karondi, 18-Sikandarpur Bhaswal, 19-Sirchandi, 20-Khel pur Nasrulapur, 24-Ruhalki Dayalpur, 25-Kunja Bhadarpur, 26-Chudiyala Mohanpur, 27- Bhalsawagaj, 28-Bindukharak, 29-Bahedeki Saidabad & 30- Manakpur Aadampur of Iqbalpur KC of 1-Roorkee Tehsil.",510
UTTARAKHAND,HARDWAR,29,Jhabrera,SC,"PCs 01-Delna, 02-Harjolijhoja, 03-Thanshipur, 04-Mahmudpur, 05- Paniyala Chandapur, 06-Iqbalpur Kamelpur, 07-Madhopur Hajratpur, 08-Nanhera A nantpur, 10-Saliyar Salhapur of Iqbalpur KC, PCs 15-Lakhnota, 16-Jhabrerik alan, 17-Sherpur Khelmau, 18- Kotwal Aalmpur, 19-Jhabrera, 20-Lathardevahun, 21-Thithki Kawadpur, 22-Kurdi, 23-Udalheri of Manglore KC & Jhabrera NAC of 1-Roorkee Tehsil.",510
UTTARAKHAND,HARDWAR,30,Pirankaliyar,,"PCs 11-Gumawala, 12-Imlikher a Dharampur, 13-Mohammadpur Panda, 14-Rampur, 17-Pirankaliyar , 18-Dhanori, 19-Dolatpur, 20- Badheri Rajputan, 21-B hounri, 22-Margubpur Didaheri, 23-Danderi Khwajgipur, 24-Belra of Roorkee KC & PC 23-Dariyapur Dayalpur of Bhagwanpur KC of 1-Roorkee Tehsil.",510
UTTARAKHAND,HARDWAR,31,Roorkee,,"PCs 15-Roorkee, 16-Malakpur Latif pur, 27-Bijholi of Roorkee KC, Roorkee Cantoment Board & Roor kee MB of 1-Roorkee Tehsil.",510
UTTARAKHAND,HARDWAR,32,Khanpur,,"PCs 24A-Rajpur Mustafabad Ur f Gadharona, 25-Landhaura, 26- Shikarpur, 28-Dandera, 29-Jorasi, 25A-Toda Kalyanpur of Roorkee KC, Dandera CT, Mohanpur Moha mmadpur CT, Landaura NAC of 1-Roorkee Tehsil & KC Khanpur of 3-Laksar Tehsil.",510
UTTARAKHAND,HARDWAR,33,Manglaur,,"PCs 01-Libbarheri, 02-Manglaur , 03-Bhagwanpur Chandanpur, 04- Banhera Tanda, 05-Mundlana, 06-Ha rjoli Jatt, 07-Kagwali, 08- Harchandpur, 09-Mohammadpur Jatt, 10-Kherajatt, 11-Kalyanpur Urf Narsan Kalan, 12-Nagala Salaru , 13-Tikola Kalan, 14-Nakibpur Urf Ghosipura of Manglaur KC & M anglaur MB of 1-Roorkee Tehsil.",510
UTTARAKHAND,HARDWAR,34,Laksar,,KC Laksar & Laksar N.A.C. of 3-Laksar Tehsil.,511
UTTARAKHAND,HARDWAR,35,Hardwar Rural,,KC Pherupur Ramkhera of 2-Hardwar Tehsil.,511
UTTARAKHAND,GARHWAL,36,Yamkeshwar,,"7-Yamkeshwar Tehsil; KC Sil ogi, PCs 41-Langur Palla-3, 42-Langur Palla-4 & 43-Seela-1 of Lansdowne KC of 5-Lansdowne Tehsil; KC Pokhal, PCs 77-Seela-1, 78-Seela- 2, 79-Seela-3, 80-Seela-4, 81- Seela-5, 82-Langur Palla-1, 83- Langur Palla-2, 84-Langur Palla-3, 85-Langur Palla-4 of Dogadda KC & Dogadda MB of 6-Kotdwar Tehsil.",511
UTTARAKHAND,GARHWAL,37,Pauri,SC,"KCs Pauri, Kot, Nahsain, Mundneshw ar, Agrora & Pauri NP of 2- Pauri Tehsil; PCs 232-Rawatsyun, 233-Bangarsyun & 234- Edwalsyun-1 of Srinagar KC of 1-Srinagar Tehsil.",511
UTTARAKHAND,GARHWAL,38,Srinagar,,"PCs 229-Katulsyun-1, 230-Katulsy un-2, 231-Katulsyun-3, 235- Chlansyun-1, 236-Chlansyun-2, 237-Chlansyun-3, 238-Chlansyun-4 of Srinagar KC & Srinagar MB of 1-Srinagar Tehsil; KCs Chakisain & Thalisain of 3-Thalisain Tehs il; PCs 164-Ghur daursyun-1, 165- Ghurdaursyun-2, 166-Ghurdaursy un-3, 169-Bidolsyun, 170- Balikandarsyun-1, 171-Balikandarsyun- 2, 172-Balikandarsyun-3 & 173-Balikandarsyun-4 of ( # ) Pabbo KC of 2-Pauri Tehsil.",511
UTTARAKHAND,GARHWAL,39,Chaubattakhal,,( # ) 8-Chaubattakhal Tehsil; 9-Satpuli Tehsil & KC Birokhal of 3- Thalisain Tehsil.,511
UTTARAKHAND,GARHWAL,40,Lansdowne,,"4-Dhumakot Tehsil; KC Rikhnik hal, PCs 38-Kaudiya-2, 39-Kaudiya- 3, 40-Kaudiya-4, 44-Talla Badalpu r-1, 45-Talla Badalpur-2, 46-Talla Badalpur-3 of Lansdowne KC & Lansdowne Cantt. Board of 5- Lansdowne Tehsil.",511
UTTARAKHAND,GARHWAL,41,Kotdwar,,"PCs 73-Sukhron, 74-Saneh, 75- Haldukhata, 76-Motadhak of Dogadda KC & Kotdwara MB of 6-Kotdwar Tehsil. (#) Remaining part of Pabbo KC in Chaubattakhal Tehsil.",511
UTTARAKHAND,PITHORAGARH,42,Dharchula,,1-Munsiyari Tehsil & 2-Dharchula Tehsil.,511
UTTARAKHAND,PITHORAGARH,43,Didihat,,"KCs Didihat, Muwani, Kanalichhina & Askot of 3-Didihat Tehsil; PCs 10-Bisabazerh, 11-Totanoula, 13 -Kharkdauli, 14-Marhmanley, 15- Banda of Satshilling KC, PCs 17-Munakot, 23-Gaurihat, 24- Mazrikanda, 25-Dauli of Munakot KC, Forest area & Didihat NP of 5-Pithoragarh Tehsil.",512
UTTARAKHAND,PITHORAGARH,44,Pithoragarh,,"KCs Pithoragarh, Gurna, PCs 18-Ko tali, 19-Naghar, 20-Badari, 21- Marhsoun, 22-Qwetarh of Munakot KC, PCs 9-Jibi, 12-Nainisaini, 16-Satgal of Satshilling KC & Pi thoragarh NP of 5-Pithoragarh Tehsil.",512
UTTARAKHAND,PITHORAGARH,45,Gangolihat,SC,4-Gangolihat Tehsil; KC Thal and Berinag of 3-Berinag Tehsil.,512
UTTARAKHAND,BAGESHWAR,46,Kapkote,,"PCs 2-Aare, 8-Khunauli, 10-Ghinghar tola, 11-Chaura, 14-Tuperh & 20-Vilkhet of Bageshwar KC of 1-Bageshwar Tehsil; 2-Kanda Tehsil & 3-Kapkote Tehsil.",512
UTTARAKHAND,BAGESHWAR,47,Bageshwar,SC,"1-Garur Tehsil; KC Kafaligair, PCs 13-Talla Katayur, 15-Dug Bageshwar, 21-Rawaikhal of Bageshwar KC & Bageshwar Municipality Board of 2-Bageshwar Tehsil.",512
UTTARAKHAND,ALMORA,48,Dwarahat,,7-Dwarahat Tehsil & 5-Choukhuttiya Tehsil.,512
UTTARAKHAND,ALMORA,49,Salt,,"4-Salt Tehsil; KCs 3-Manila, 4- Syalde & PC 9-Rotapani of 1- Bhikiasain KC of 1-Bhikiyasain Tehsil.",512
UTTARAKHAND,ALMORA,50,Ranikhet,,"KC 2-Machor, PCs 1-Bhikiasain, 2-D ob, 3-Bauli, 4-Singoli, 5-Batula, 6-Binaoli, 7-Sanara & 8-Bangora of 1-Bhikiasain KC of 1- Bhikiyasain Tehsil; KCs 2-Tarikhet, 3-Jalali, PCs 1-Ranikhet Sadar, 2-Pantkotuli, 3-Karchuli of 1-Rani khet KC & Ranikhet (CB) of 2- Ranikhet Tehsil.",512
UTTARAKHAND,ALMORA,51,Someshwar,SC,"6-Someshwar Tehsil; PCs 4-Chauk uni, 5-Dugaurha, 6-Pankhura, 7- Suri, 8-Garshari, 9-Shaharo, 10-K unwali, 11-Naini, 12-Riyuni, 13- Malli Riyuni & 14-Dida of 1-Ranikhet KC of 2-Ranikhet Tehsil; PCs 3-Daulaghat, 4-Khauri, 5-Govindpur , 6-Katarmal, 7-Kwerali, 8- Kathpuriya & 9-Shitalakhet of 1-Ha walbagh KC of 3-Almora Tehsil.",512
UTTARAKHAND,ALMORA,52,Almora,,"KC 2-Almora, PCs 1-Linguta, 2-Tri naili, 3-Nyoli, 4-Palyoun of 3- Panuwanaula KC, PCs 1-Hawalbagh, 2-Pakhura, 10-Sainj, 11- Doba, 12-Khunt, 13-Dhamas, 14-Jyoli of 1-Hawalbagh KC, Almora MB & Almora CB of 3-Almora Tehsil.",512
UTTARAKHAND,ALMORA,53,Jageshwar,,8-Jainthi Tehsil; 9-Bhanoli Tehsil; KC 4-Lamgarha & PC 5-Toli of 3- Panuwanaula KC of 3-Almora Tehsil.,513
UTTARAKHAND,CHAMPAWAT,54,Lohaghat,,3-Pati Tehsil; 4-Lohaghat Tehsil & 5-Barakot Sub Tehsil.,513
UTTARAKHAND,CHAMPAWAT,55,Champawat,,1-Champawat Tehsil & 2- Sri Purnagiri Tehsil.,513
UTTARAKHAND,NAINITAL,56,Lalkuwa,,6-Lalkuwa Tehsil; KC Kathgodam & PC 60-Arjunpur of Lalkua KC of 5-Haldwani Tehsil.,513
UTTARAKHAND,NAINITAL,57,Bhimtal,,"4-Dhari Tehsil; KC Ramgarh, PCs 26-Chanfi, 27- Pandegaon, 28- East Chhakhata, 29-Rausil, 54-Pinr aon of Bhimtal KC & Bhimtal NP of 3-Nainital Tehsil.",513
UTTARAKHAND,NAINITAL,58,Nainital,SC,"1-Betalghat Tehsil; 2-Koshiyan Ku toli Tehsil; PCs 24-Bhawali, 25- West Chhakhata of 3-Bhimtal KC , PCs 31-Khurpatal, 32-Mangoli, 33-Bagar, 34-Syat, 35-Tallakota, 36- Saurh, 37-Amgarhi of Bagar KC, Forest Area, Nainital MB, Nainit al CB & Bhowali MB of Nainital Tehsil.",513
UTTARAKHAND,NAINITAL,59,Haldwani,,"Ward Nos. 1 to 25, Dhamua D hoga Bandobasti (OG) - Ward No. 26, Korta (Chanmari Mohalla.) (OG) - Ward No. 27, Byura (OG) - Ward No. 28, Bamori Malli (OG) - Ward No. 29, Bamori Talli Bandobasti, Amrawati Colony, Shakti Vihar, Bhatt Colony (OG) - Ward No. 30 & Bamori Talli Kham ( OG) - Ward No. 31 in Haldwani- cum-Kathgodam (MB+OG) of 5-Haldwani Tehsil.",513
UTTARAKHAND,NAINITAL,60,Kaladhungi,,"7-Kaladhungi Tehsil; PC 30-Choupara of Bagar KC of 3-Nainital Tehsil; PCs 63-Haldwani Khas, 66-Lamachaur, 67-Fatehpur, 68- Bhagwanpur, 69-Kamluwaganja, 71- Lohariyashal, 73-Dewalchaur, 74-KusumKhera of Haldwani KC, PCs 70-Chandnichauk, 75- Anandpur of Lalkua KC, Mukhani (Roopnagar, Basant Vihar Colony and Judges Farm) (OG) - Ward No . 32, Manpur Uttar (Palika Yatayat Nagar) (OG) - Ward No. 33, Haripur Sukha (Van Cancer Hospital) (OG) - Ward No. 34, Ha ldwani Talli (OG) - Ward No. 35, Gojajally Uttar (Shishu Bhartiya Vidya Mandir) (OG) - Ward No. 36, Kusum Khera (OG) - Ward No. 37, Bithoria No.1 (OG) - Ward No. 38 in Haldwani-cum-Kathgodam (MB +OG) & Forest Area of 5- Haldwani Tehsil.",513
UTTARAKHAND,NAINITAL,61,Ramnagar,,8-Ramnagar Tehsil.,513
UTTARAKHAND,UDHAMSINGH NAGAR,62,Jaspur,,5-Jaspur Tehsil & KC 1-K unda of 4-Kashipur Tehsil.,514
UTTARAKHAND,UDHAMSINGH NAGAR,63,Kashipur,,"PCs 3-Painga, 6-Khokhratal, 7-Ban skhera, 8-Basai of 2-Painga KC, PCs 10-Maheshpura, 11-Dhanori Patti, 12-Gopipura, 13-Gangapur Gonsai, 14-Manpur of 3 Kashipur KC, Kashipur MB & Ramnagar Forest Range of 4-Kashipur Tehsil.",514
UTTARAKHAND,UDHAMSINGH NAGAR,64,Bajpur,SC,"PCs 2-Rajpura Rani, 4-Barkhera Pandey, 5-Dabhura of 2-Painga KC, PCs 9-Dhakiya Kalan, 15- Partappur, 16-Kundeshwari of 3- Kashipur KC & Mahaua Kheraganj TA C of 4-Kashipur Tehsil; PCs 3-Maholi Jungle, 4-Hazira, 5-Barhai ni, 6-Haripura, 7-Baria Daulat, 8-Bhajuwa Nagla of 1-Bajpur-I KC, PCs 12-Guljarpur, 13-Rampura Sakar, 14-Sultanpur, 15-Faridpur, 16-Vikrampur, 17-Jogipura, 18- Biraha, 20-Maheshpura, 21-Khusalpur , 22-Ratanpur, 23-Betkheri of 2-Bajpur-II KC, A-M.B. Bajpur , Sultanpur TAC & Banna Khera Forest Range of 6-Bajpur Tehsil.",514
UTTARAKHAND,UDHAMSINGH NAGAR,65,Gadarpur,,"PCs 1-Kelakheda, 2-Charkarpur , 9-Barwala, 10-Ganeshpur, 11- Badripur of 1-Bajpur-I KC, PC 19 -Mudiyakala of 2-Bajpur-II KC & C- T.A.C. Kelakhera of 6- Bajpur Tehsil; KC 1-G adarpur, PCs 8-Kulha, 9-Dhanpur Vijaypur, 13-Vijaynagar of 2-Dineshpur KC, Pipal Parao Forest Range, Dineshpur TAC & G adarpur MB of 7-Gadarpur Tehsil.",514
UTTARAKHAND,UDHAMSINGH NAGAR,66,Rudrapur,,"PCs 10-Barirai, 11-Mehtosh, 12-Chandayan & 14-Amarpur of 2- Dineshpur KC of 7-Gadarpur Tehs il; PCs 20-Rampura, 22-Danpur, 23-Matkota, 24-Kalyanpur of 2- Rudrapur KC, Tanda Forest Range & Rudrapur MB of 3-Kichha Tehsil.",514
UTTARAKHAND,UDHAMSINGH NAGAR,67,Kichha,,"PCs 4-Najimabad, 5-Bhanga, 6-Sirolik ala, 7-Kichha, 8-Indrapur, 10- Jawharnagar, 11-Nagla of 1-Kichha KC, Dauli Forest Range, PCs 12-Chhinki, 13-Darau, 14-Kurauy a, 15-Chukti, 16-Bhamorla, 17- Simla Pistaur, 18-Kanakpur, 19 -Dewariya, 21-Phoolbagh of Rudrapur KC & Kichha MB of 3-Kichha Tehsil.",514
UTTARAKHAND,UDHAMSINGH NAGAR,68,Sitarganj,,"PCs 1-Kunwarpur, 2-Tiliyapur, 3-Na kha, 4-Nakuliya, 5-Pindri, 6- Baruabagh, 9-Rampura, 10-Roodpur, 11-Nakatpura, 12-Sarkarha, 13-Sitarganj of 1-Sitarganj KC, Si targanj MB & Shaktigarh TAC of 2- Sitarganj Tehsil; PCs l-Firozpur, 2-Bara, 3-Shahdora & 9-Kotkhra of 1-Kichha KC of 3-Kichha Tehsil.",514
UTTARAKHAND,UDHAMSINGH NAGAR,69,Nanak Matta,ST,"KC 2-Nanak Matta, PCs 7-Bijati, 8-Mainajhundi of 1-Sitarganj KC, Barakoli Forest Range & Raikhal Forest Range of 2-Sitarganj Tehsil; PCs 1-Umarukhurd, 3-Gurk hera, 4-Jhankat, 5-Paheniya, 7- Naugwa Thaggu, 8-Mundali & 10-Phu lliya of 1-Khat ima KC of 1- Khatima Tehsil.",514
UTTARAKHAND,UDHAMSINGH NAGAR,70,Khatima,,"PCs 2-Sarpura, 6-Jarasu Partapur , 9-Bari Anjaniya, 11-Sisiya, 12- Majhola, 13-Nagla Tarai, 14-Ja dopur, 15-Haldi, 16-Sunpahar of 1- Khatima KC, A-M.B. Khatima, 1- Jhankaiya Forest Range, 2-Mahof Forest Range, KC 2-Bigra Bag, Dogari Forest Range, Khatima Forest Range, Kilpura Forest Range & Lohiya Head Forest Range of 1-Khatima Tehsil.",515
WEST BENGAL,COOCHBEHAR,1,MEKLIGANJ,SC,"1. CDB Haldibari, 2. Haldibari (M), 3. CDB Mekliganj and 4. Mekliganj (M)",517
WEST BENGAL,COOCHBEHAR,2,MATHABHANGA,SC,"1. CDB Mathabhanga-II, 2. Mat habhanga (M). and 3. Hazrahat- I, Hazrahat-II and Pachagarh GPs of CDB Mathabhanga-I",517
WEST BENGAL,COOCHBEHAR,3,COOCHBEHAR UTTAR,SC,CDB Cooch Behar-II,517
WEST BENGAL,COOCHBEHAR,4,COOCHBEHAR DAKSHIN,,"1. Coochbehar(M) and 2. Chandamar i, Chilkirhat, Falimari, Ghughumari, Haribhanga, Moyamari, Patchhara, Putimari Fuleswari and Sutkabari GPs of CDB Cooch Behar-I",517
WEST BENGAL,COOCHBEHAR,5,SITALKUCHI,SC,"1. CDB Sitalkuchi and 2. Bairagirhat, Gopalpur, Jorpatiki, Kedarhat, Kursamari, Nayarhat and Shikarpur GPs of CDB Mathabhanga-I",517
WEST BENGAL,COOCHBEHAR,6,SITAI,SC,"1. CDB Sitai and 2. Bara At iabari-I, Bara Atiabari-II, Bara Soulmari, Bhetaguri-IIGitaldaha- I, Gitaldaha-II, Gosanimari-I, Gosanimari-II, Matalhat, Okrabari, Petla and Putimari-II GPs o f CDB Dinhata-I",517
WEST BENGAL,COOCHBEHAR,7,DINHATA,,"1CDB Dinhata-II, 2. Bhetaguri-I, Dinhata Gram-I, Dinhata Gram-II and Putimari-I GPs of CDB Dinhata-I and 3. Dinhata (M)",517
WEST BENGAL,COOCHBEHAR,8,NATABARI,,"1. Deoanhat, Dauaguri, Guriahati- I, Guriahati-II, Jiranpur and Panisala GPs of Cooch Beha r-I and 2. Andaran Fulbari-II, Balarampur-I, Balarampur-II, Chilakhana-I, Chilakhana-II, Deocharai, Dhalpal-II, Maruganj, Natabari-I, Natabari-II GPs o f CDB Tufanganj-I",517
WEST BENGAL,COOCHBEHAR,9,TUFANGANJ,,"1. CDB Tufanganj-II, 2.Tufanganj (M) and 3. Andaran Fulbari-I, Balabhut, Dhalpal-I, Nakkatigachh GPs of CDB Tufanganj-I",518
WEST BENGAL,JALPAIGURI,10,KUMARGRAM,ST,"1. CDB Kumargram and 2. Bhat ibari, Kohinoor, Mahakalguri Parokata, Samuktala, Tatpar a-I and Turturi GPs of CDB Alipurduar-II",518
WEST BENGAL,JALPAIGURI,11,KALCHINI,ST,"1. CDB Kalchini, 2. Majherdabri GP of CDB Alipurduar-II",518
WEST BENGAL,JALPAIGURI,12,ALIPURDUARS,,"1. Banchukamari, Chakowak heti, Mathura, Parorpar, Patlakhawa, Shalkumar-I, Shalkumar-II, Tapsikhata, Vivekananda-II, Vivekananda-I, GPs of CDB Alipurduar-I 2. Alipurduar Rly Jnc(ct) 3.. A lipurduar (M), 4. Chaporerpar-I, Chaporerpar-II, and Tatpara-II GPs of CDB Alipurduar-II",518
WEST BENGAL,JALPAIGURI,13,FALAKATA,SC,1. CDB Falakata and 2. Pu rba Kanthalbari GP of CDB Alipurduar-I,518
WEST BENGAL,JALPAIGURI,14,MADARIHAT,ST,1. CDB Madarihat and 2. Binnaguri and Sakoyajhora-I GPs o f CDB Dhupguri,518
WEST BENGAL,JALPAIGURI,15,DHUPGURI,SC,"1. Banarhat-I, Barogharia, G adhearkuthi, Gadong-I, Gadong-II, Jharaltagram-I, Jharaltagra m-II, Magurmari-I, Magurmari-II, Sakoyajhora-II, Salbari-I, Salbar i-II, Dhupguri-I and Dhupguri-II GPs of CDB Dhupguri",518
WEST BENGAL,JALPAIGURI,16,MAYNAGURI,SC,1. CDB Maynaguri,518
WEST BENGAL,JALPAIGURI,17,JALPAIGURI,SC,"1. Jalpaiguri (M), 2. Arabi nda, Bahadur, Boalmari Nandanpur, Garalbari, Kharia, Kharija Be rubari-I, Kharija Berubari-II, Mondalghat, Nagar Berubari and South Berubari GPs of CDB Jalpaiguri",518
WEST BENGAL,JALPAIGURI,18,RAJGANJ,SC,"1. Binnaguri, Kukurjan, Majh iali, Mantadari, Panikauri, Sannyasikata, Sikarpur and Suk hani GPs of CDB Rajganj. 2. Baropatia Nutanabos Belakoba, Paharpur and Patkata GPs o f CDB Jalpaiguri.",518
WEST BENGAL,JALPAIGURI,19,ABGRAM-FULBARI,,"1. Ward Nos. 31 to 44 of Siliguri M Corp.2. Dabgram-I, Dabgram-II, Fulbari-I and Fulbari-II GPs of CDB Rajganj",518
WEST BENGAL,JALPAIGURI,20,MAL,ST,1. CDB Mal & 2. Mal (M),518
WEST BENGAL,JALPAIGURI,21,NAGRAKATA,ST,"1. CDB Nagrakata, 2. CDB Matiali, 3. Banarhat-II and Chamurchi GPs of CDB Dhupguri.",518
WEST BENGAL,DARJEELING,22,KALIMPONG,,"1. CDB Kalimpong-I 2. Kalim pong (M) 3. CDB Kalimpong-II, 4. CDB Gorubathan",519
WEST BENGAL,DARJEELING,23,DARJEELING,,"1. CDB Darjeeling-Pulbazar, 2. Darjeeling (M) and 3.Dhootria Kalej Valley, Ghum Khasmahal, Sukhia-Simana, Rangbhang Gopaldhara, Pokhriabong-I, Pokhriabong-II, Pokhriabong-III, Lingia Maraybong, Permaguri Tamsang, Plungdung and Rangbul GPs of CDB Jorebunglow Sukiapokhri",519
WEST BENGAL,DARJEELING,24,KURSEONG,,"1. Gorabari Margaret's Hope, Lower Sonada-I, Lower Sonada- II, Munda Kothi and Upper Sonada GPs of CDB Jorebunglow Sukiapokhri 2. CDB Mirik, 3. Mi rik (NA), 4. CDB Kurseong, 5. Kurseong (M) 6. (i) Sitong Forest (Village), (ii) Sivok Hill Forest (Village), (iii) Sivok Forest (Vill age) in Champasari GP of CDB Matigara and 7. CDB Rangli Rangliot",519
WEST BENGAL,DARJEELING,25,MATIGARA- NAXALBARI,SC,"1. CDB Naxalbari, 2. Athar akhai, Champasari (excluding Villages Sitong Forest, Sivoke Hill Forest and Sivoke Forest) Matigara-I, Matigara-II, Patharghata GPs of CDB Matigara",519
WEST BENGAL,DARJEELING,26,SILIGURI,,Ward Nos 1 to 30 and 45 to 47 of Siliguri M Corp.,519
WEST BENGAL,DARJEELING,27,PHANSIDEWA,ST,1. CDB Phansidewa & 2. CDB Kharibari,519
WEST BENGAL,UTTAR DINAJPUR,28,CHOPRA,,1. CDB Chopra 2. Gobindopur and Kamalagaon Sujali GPs of CDB Islampur,519
WEST BENGAL,UTTAR DINAJPUR,29,ISLAMPUR,,"1. Islampur (M) and 2. Agdimti Khanti, Gaisal-I, Gaisal-II, Gunjaria, Islampur, Matikunda- I, Matikunda-II, Panditpota-I, Panditpota-II, Ramganj-I and Ramganj-II GPs of CDB Islampur",519
WEST BENGAL,UTTAR DINAJPUR,30,GOALPOKHAR,,1. CDB Goalpokhar-I,519
WEST BENGAL,UTTAR DINAJPUR,31,CHAKULIA,,1. CDB Goalpokhar-II 2. Ba zargaon-I and Bazargaon-II GPs of CDB Karandighi,519
WEST BENGAL,UTTAR DINAJPUR,32,KARANDIGHI,,"Altapur-I, Altapur-II, Dalkhol a-I, Dalkhola-II, Domhana, Karandighi-I, Karandighi-II, Lahut ara-I, Lahutara-II, Raniganj, Rasakhowa-I and Rasakhowa-II GPs of CDB Karandighi",519
WEST BENGAL,UTTAR DINAJPUR,33,HEMTABAD,SC,"1. CDB Hemtabad 2. Bhatun, Bindol, Jagadishpur, Mahipur, Sherpur, Rampur and Sitgram GPs of CDB Raiganj",520
WEST BENGAL,UTTAR DINAJPUR,34,KALIAGANJ,SC,"1. CDB Kaliaganj, 2. Kaliaganj (M) 3. Barua and Birghai GPs of CDB Raiganj",520
WEST BENGAL,UTTAR DINAJPUR,35,RAIGANJ,,"1. Raiganj (M) and 2. Bahin, Ma raikura, Gouri, Kamalabati-I and Kamalabati-II GPs of CDB Raiganj",520
WEST BENGAL,UTTAR DINAJPUR,36,ITAHAR,,CDB Itahar,520
WEST BENGAL,DAKSHIN DINAJPUR,37,KUSHMANDI,SC,"1. CDB Kushmandi, 2. Bel bari-II, Jahangirpur and Sukdebpu r GPs of CDB Gangarampur",520
WEST BENGAL,DAKSHIN DINAJPUR,38,KUMARGANJ,,"1. CDB Kumarganj, 2. Ashokegram, Basuria, Chaloon and Uday GPs of CDB Gangarampur",520
WEST BENGAL,DAKSHIN DINAJPUR,39,BALURGHAT,,"1. CDB Hilli 2. Amritakhand, Va tpara and Chingishpur GPs o f CDB Balurghat 3. Balurghat (M)",520
WEST BENGAL,DAKSHIN DINAJPUR,40,TAPAN,ST,"1. Boaldar, Chak Vrigu, Ja lghar, Bolla, Danga, Gpalbati, Najirpur and Patiram GPs of CDB Balurghat 2. Dwipkhanda, Gophanagar, Harsura, Malancha and Tapan Chandipur GPs of CDB Tapan",520
WEST BENGAL,DAKSHIN DINAJPUR,41,GANGARAMPUR,SC,"1. Gangarampur (M), 2. Be lbari-I, Damdama, Gangarampu r and Nandanpur GPs of CDB Gan garampur 3. Ajmatpur, A utina, Gurail, Hazratpur , Ramchandrapur and Rampara Chenchra GPs ofCDB Tapan",520
WEST BENGAL,DAKSHIN DINAJPUR,42,HARIRAMPUR,,1. CDB Harirampur & 2. CDB Banshihari,520
WEST BENGAL,MALDAHA,43,HABIBPUR,ST,"1. CDB Bamangola, 2. Aktail, Baidyapur, Bulbul Chandi, Dhumpur, Habibpur, Jajail, K anturka and Mangalpur GPs o f CDB Habibpur",520
WEST BENGAL,MALDAHA,44,GAZOLE,SC,1. CDB Gazole,520
WEST BENGAL,MALDAHA,45,CHANCHAL,,"1. CDB Chanchal-I, 2. Baru i, Kusidha, Rashidabad and Tulsihatta GPs of CDB Harischandrapur-I",520
WEST BENGAL,MALDAHA,46,HARISCHANDRA PUR,,"1. CDB Harischandrapur-II 2. Bh ingole, Harishchandrapur and Mahendrapur GPs of CDB Harischandrapur-I",520
WEST BENGAL,MALDAHA,47,MALATIPUR,,"1. CDB Chanchal-II 2. Mahara jpur, Peerganj, Sreepur-I and Sreepur-II GPs of CDB Ratua-II",521
WEST BENGAL,MALDAHA,48,RATUA,,"1. CDB Ratua-I, 2. A raidanga, Paranpur, Pukuria and Sambalpur GPs of CDB Ratua-II",521
WEST BENGAL,MALDAHA,49,MANIKCHAK,,"1. CDB Manikchak, 2. Milki, Fulbaria and Sovanagar GPs o f CDB English Bazar",521
WEST BENGAL,MALDAHA,50,MALDAHA,SC,"1. CDB Maldaha 2. Old Maldaha (M) 3. Narhatta GPof CDB English Bazar 4. Aiho, Rishipur and Sreerampur GPs of CDB Habibpur",521
WEST BENGAL,MALDAHA,51,ENGLISH BAZAR,,"1. English Bazar (M) 2. Amriti, Binodpur, Jadupur-I, Jadupur- II, Kajigram, Kotwali and Mahadipur GPs of CDB English Bazar",521
WEST BENGAL,MALDAHA,52,MOTHABARI,,"1. CDB Kaliachak-II, 2. Alinagar and Kaliachak-I GPs of CDB Kaliachak-I",521
WEST BENGAL,MALDAHA,53,SUJAPUR,,"1. Alipur-I, Alipur-II, Bam ongram Mashimpur, Gayeshbari, Jalalpur, Jalua Badhal, Kalia Chak-II, Mozampur, Naoda Jadupur, Silampur-I, Silampu r-II and Sujapur GPs of CDB Kaliachak-I",521
WEST BENGAL,MALDAHA,54,BAISNABNAGAR,,1. CDB Kaliachak-III,521
WEST BENGAL,MURSHIDABAD,55,FARAKKA,,"1. CDB Farakka, 2. Gajinagar Malancha and Kanchantala GPs of CDB Samserganj",521
WEST BENGAL,MURSHIDABAD,56,SAMSERGANJ,,"1. Dhulian (M), 2. Bhasai paikar, Bogdadnagar, Chachanda, Dogachhi Napara, Nimtita, Pr atapganj and Tinpukuria GPs o f CDB Samserganj",521
WEST BENGAL,MURSHIDABAD,57,SUTI,,"1. CDB Suti-II, 2. Bahutali, Harua and Sadikpur GPs of CDB Suti-I",521
WEST BENGAL,MURSHIDABAD,58,JANGIPUR,,1. Jangipur (M) 2. CDB R aghunathganj-I 3. Ahiran and Bansabati GPs of CDB Suti-I,521
WEST BENGAL,MURSHIDABAD,59,RAGHUNATHGANJ,,"1. CDB Raghunathganj-II, 2. Nurpur GP of CDB Suti-I and 3. Maiya GP of CDB Lalgola",521
WEST BENGAL,MURSHIDABAD,60,SAGARDIGHI,,CDB Sagardighi,521
WEST BENGAL,MURSHIDABAD,61,LALGOLA,,"1. Airmari Krishnapur, B ahadurpur, Bilbora Kopra, Dewansarai, Jasaitala, Kalmegha, Lalgola, Manikchak, Nashipur, Paikpara and Ramc handrapur GPs of CDB Lalgola and 2. Kantanagar GP of CDB Bhagawangola-I",522
WEST BENGAL,MURSHIDABAD,62,BHAGAWANGOLA,,"1. CDB Bhagawangola-II, 2. Bhagawangola, Habaspur, Hanumantanagar, Kuthirampur, M ahammadpur, Mahisasthali and Sundarpur GPs of CDB Bhagawangola-I",522
WEST BENGAL,MURSHIDABAD,63,RANINAGAR,,"1. CDB Raninagar-I, 2. Kalinagar-I, Kalinagar-II, Malibari-I, Malibari-II and Raninagar-I GPs of CDB Raninagar-II and 3. Dhulauri GP of CDB Domkal",522
WEST BENGAL,MURSHIDABAD,64,MURSHIDABAD,,"1. CDB Murshidabad Jiaganj, 2. Jiaganj Azimganj (M) and 3. Murshidabad (M)",522
WEST BENGAL,MURSHIDABAD,65,NABAGRAM,SC,"1. CDB Nabagram, 2. Neallis hpara Goaljan, Radharghat-I, Radharghat-II and Sahajadpur GP s of CDB Baharampur",522
WEST BENGAL,MURSHIDABAD,66,KHARGRAM,SC,"1. CDB Khargram, 2. Kalyanpur-I and Kalyanpur-II GPs of CDB Burwan",522
WEST BENGAL,MURSHIDABAD,67,BURWAN,SC,"1. Biprasekhar, Burwan-I, Burwan-II, Kharjuna, Kuli, Kurunnurun, Panchthupi, Sabal daha, Sabalpur, Sahora and Sundarpur GPs of CDB Burwan and 2. Godda, Jajan and Gundiria GPs of CDB Bharatpur-I",522
WEST BENGAL,MURSHIDABAD,68,KANDI,,"1. CDB Kandi, 2. Kandi (M), 3. Satui Chowrigachha GP o f CDB Baharampur",522
WEST BENGAL,MURSHIDABAD,69,BHARATPUR,,"1. CDB Bharatpur-II, 2. Alugram , Amlai, Bharatpur, Sijgram and Talgram GPs of CDB Bharatpur-I",522
WEST BENGAL,MURSHIDABAD,70,REJINAGAR,,"1. CDB Beldanga-II, 2. Begunbar i, Kapasdanga and Mirjapur-I GPs of CDB Beldanga-I",522
WEST BENGAL,MURSHIDABAD,71,BELDANGA,,"1. Beldanga (M), 2. Bhabta-I, B habta-II, Debkundu, Mirjapur-II, Mahula-I and Sujapur Kumarpur GPs of CDB Beldanga-I 2. Bhakuri-II, Haridasmati, Now da Panur, Rajdharpara and Rangamati Chandpara GPs of CDB Baharampur",522
WEST BENGAL,MURSHIDABAD,72,BAHARAMPUR,,"1. Baharampur (M), 2. Bhakur i-I, Daulatabad, Gurudaspur, Hatinagar and Manindranagar GPs of CDB Baharampur",522
WEST BENGAL,MURSHIDABAD,73,HARIHARPARA,,"1. CDB Hariharpara, 2. Chhaighari and Madanpur GPs of CDB Baharampur",522
WEST BENGAL,MURSHIDABAD,74,NOWDA,,"1. CDB Nowda, 2. Chaitannapur-I, Chaitannapur-II, Madda and Mahula-II GPs of CDB Beldanga-I",522
WEST BENGAL,MURSHIDABAD,75,DOMKAL,,"1. Ajimganjgola, Bhagirathpur, Domkal, Garaimari, Garibpur, Ghoramara, Jitpur, Juginda, Ju ranpur, Madhurkul, Raipur and Sarangpur GPs of CDB Domkal",523
WEST BENGAL,MURSHIDABAD,76,JALANGI,,"1. CDB Jalangi 2. Katlamar i-I, Katlamari-II, Rajapur and Raninagar-II GPs of CDB Raninagar-II",523
WEST BENGAL,NADIA,77,KARIMPUR,,"1. CDB Karimpur-I, 2. Dhor adaha-I, Dhoradaha-II, Murutia, Natidanga-I, Natidanga-II and Rahamatpur GPs of CDB Karimpur-II",523
WEST BENGAL,NADIA,78,TEHATTA,,"1. Betai-I, Betai-II, Chhitka, Kanainagar, Natna, Patharghata-I, Raghunathpur, Shyamnagar and Tehatta GPs of CDB Tehatta-I 2. Dighal Kandi , Nandanpur, Narayanpur-I and Narayanpur-II GPs of CDB Karimpur-II",523
WEST BENGAL,NADIA,79,PALASHIPARA,,"1. Chanderghat and Patharghata-II GPs of CDB Tehatta-I 2. CDB Tehatta-II, 3. Bikrampur, Bilkumari, Dhananjaypur and Haranagar GPs of CDB Nakashipara",523
WEST BENGAL,NADIA,80,KALIGANJ,,"Bara Chandghar. Debagram, Faridpur, Gobra, Hatgachha, Juranpur, Kaliganj, Matiari, Mira -I, Mira-II, Panighata, Plassey- I and Plassey-II GPs of CDB Kaliganj",523
WEST BENGAL,NADIA,81,NAKASHIPARA,,"1. Bethua Dahari-I and Bethua D ahari-II, Billwa Gram, Birpur- I, Birpur-II, Dharmada, D ogachhia, Majher Gram, Muragachha, Nakasipara and Patikabari GPs of CDB Nakashipara 2. Palit Begi a and Rajarampur Ghoraikhetra GPs of CDB Kaliganj",523
WEST BENGAL,NADIA,82,CHAPRA,,CDB Chapra,523
WEST BENGAL,NADIA,83,KRISHNANAGAR UTTAR,,"1. Krishnanagar (M), 2. Bhandar Khola, Bhimpur, Asannagar, Dogachhi and Pora Gachha GPs of CDB Krishnanagar-I",523
WEST BENGAL,NADIA,84,NABADWIP,,"1. CDB Nabadwip, 2. Nabadwip (M), 3. Bhaluka and Joania GPs of CDB Krishnanagar-I",523
WEST BENGAL,NADIA,85,KRISHNANAGAR DAKSHIN,,"Bhat Jungla, Chak Dilnagar, Daypara, Dignagar and Ruipuku r GPs of CDB Krishnanagar-I and 2. CDB Krishnanagar-II",523
WEST BENGAL,NADIA,86,SANTIPUR,,"1. Babla, Baganchra, Belgoria-I, Belgoria-II Gayeshpur and Haripur GPs of CDB Santipur and 2. Santipur(M)",523
WEST BENGAL,NADIA,87,RANAGHAT UTTAR PASCHIM,,"1. Taherpur NA 2. Bir nagar (M), 3. Ranaghat (M), 4. Ramnagar-I, Barasat, Kalinarayanpur-Paharpur and Khisma GPs of CDB Ranaghat-I 5. Arbandi-I, Arbandi-II, Fulia Township and Nabla GPs o f CDB Santipur",524
WEST BENGAL,NADIA,88,KRISHNAGANJ,SC,"1. CDB Krishnaganj, 2. Badku lla-I, Badkulla-II, Betna Gobindapur, Dakshin Para-I, Dakshin Para-II, Gajna, Mayurhat-I and Mayurhat-II GPs of CDB Hanskhali",524
WEST BENGAL,NADIA,89,RANAGHAT UTTAR PURBA,SC,"1. Aranghata, Bahirgachhi, Du tta Fulia, Jugalkishore, Kamalpur and Raghunathpur Hijuli- II GPs of CDB Ranaghat-II 2. Bagula-I, Bagula-II, Mamjoan, Ramnagar Bara Chupria-I and Ramnagar Bara Chupria-II GPs of CDB Hanskhali",524
WEST BENGAL,NADIA,90,RANAGHAT DAKSHIN,SC,"1. Anishmali, Baidyapur-I, Baidyapur-II,Debagram, Majhe r Gram, Nokari, Raghunathpur Hiju li-I and Shyamnagar GPs o f CDB Ranaghat-II 2. Anulia, Habibpur, Nawpara Masunda, Payradanga, Ramnagar-II and Tarapur GPs of CDB Ranaghat-I and 3. Cooper's Camp (NA)",524
WEST BENGAL,NADIA,91,CHAKDAHA,,"1. Chanduria-I, Dubra, Ghet ugachhi, Rautari, Silinda-I, Silinda-II, Tatla-I and Tatla-II GPs of CDB Chakdaha and 2. Chakdaha Municipality",524
WEST BENGAL,NADIA,92,KALYANI,SC,"1. Chanduria-II, Kanchrapar a, Madanpur-I, Madanpur-II, Saguna, Sarati and Simurali GPs of CDB Chakdaha 2. Kalyani Municipality and 3. Gayespur Municipality",524
WEST BENGAL,NADIA,93,HARINGHATA,SC,"1. CDB Haringhata, 2. Dewli and Hingara GPs of CDB Chakdaha",524
WEST BENGAL,NORTH 24 PARGANAS,94,BAGDA,SC,"1. CDB Bagda 2. Gangrapota, Sundarpur and Tengra GPs o f CDB Bangaon",524
WEST BENGAL,NORTH 24 PARGANAS,95,BANGAON UTTAR,SC,"1. Bangaon (M), 2. Akaipur, Chhaigheria, Dharma Pukuria, Ganganandapur, Ghatbore, Gopalnaga r-I and Gopalnagar-II GPs of CDB Bangaon",524
WEST BENGAL,NORTH 24 PARGANAS,96,BANGAON DAKSHIN,SC,"1. Bairampur, Chauberia-I, Chauber ia-II, Dighari, Kalupur and Palla GPs of CDB Bangaon 2. Chandpara, Dooma, Fulsara, Jaleswar-II, Jhaudanga and Ramnagar GPs of CDB Gaighata",524
WEST BENGAL,NORTH 24 PARGANAS,97,GAIGHATA,SC,"1. Dharmapur-I, Dharmapur-II, Ichapur-I, Ichapur-II, Jaleswar- I, Shimulpur and Sutia GPs of CDB Gaighata 2. Bergum-I, Bergum-II and Machhalandpur-I GP s of CDB Habra-I and 3. Gobardanga (M)",525
WEST BENGAL,NORTH 24 PARGANAS,98,SWARUPNAGAR,SC,"1. CDB Swarupnagar, 2. Ramc handrapur Uday and Sayesta Nagar -I GPs of CDB Baduria",525
WEST BENGAL,NORTH 24 PARGANAS,99,BADURIA,,"1. Aturia, Bagjola, Bajit pur, Chandipur, Chhatra, South Jadurhati, North jadurhati, Jagannathpur, Jasikati Atghara, Nayabastia Milani, Raghunathpur and Sayesta nagar-II GPs of CDB Baduria and 2. Baduria (M)",525
WEST BENGAL,NORTH 24 PARGANAS,100,HABRA,,"1. Kumra, Pritibha, Rautara and Machhalandpur-II GPs o f CDB Habra-I 2. Habra (M)",525
WEST BENGAL,NORTH 24 PARGANAS,101,ASHOKNAGAR,,1. CDB Habra-II and 2. Ashoknagar Kalyangarh (M),525
WEST BENGAL,NORTH 24 PARGANAS,102,AMDANGA,,"1. CDB Amdanga 2. Dattapuk ur-I, Dattapukur-II and Kashimpur GPs of CDB Barasat-I",525
WEST BENGAL,NORTH 24 PARGANAS,103,BIJPUR,,1. Kanchrapara (M) and 2. Halisahar (M),525
WEST BENGAL,NORTH 24 PARGANAS,104,NAIHATI,,"1. Naihati(M), 2. Jethia, Kampa-Chakla, Majhipara-Palasi and Shibdaspur GPs of CDB Barrackpur-I",525
WEST BENGAL,NORTH 24 PARGANAS,105,BHATPARA,,Ward No.1 to 17 of Bhatpara (M),525
WEST BENGAL,NORTH 24 PARGANAS,106,JAGATDAL,,"1. Ward Nos.18 to 35 of Bhatpara (M), 2. Kogachi-I, Kogachi- II, Mamudpur, Panpur Keutia GPs of CDB Barrackpur-I",525
WEST BENGAL,NORTH 24 PARGANAS,107,NOAPARA,,"1. North Barrackpur (M), 2. Garulia (M), 3. Ichapur Def. Estate, 4. Barrackpur CB 5. M ohanpur and Seuli GPs of CDB Barrackpur-II",525
WEST BENGAL,NORTH 24 PARGANAS,108,BARRACKPUR,,1. Barrackpur (M) and 2. Titagarh (M),525
WEST BENGAL,NORTH 24 PARGANAS,109,KHARDAHA,,"1. Khardaha (M), 2. Ward Nos.15, 18 to 21 and 35 o f Panihati (M), 5. Bandipur, Bilkanda-I, Bilkanda-II and Patulia GPs of CDB Barrackpur-II",525
WEST BENGAL,NORTH 24 PARGANAS,110,DUM DUM UTTAR,,1. North DumDum (M) and 2. New Barrackpur (M),525
WEST BENGAL,NORTH 24 PARGANAS,111,PANIHATI,,"Ward Nos.1 to 14, 16, 17 and 22 to 34 of Panihati (M)",525
WEST BENGAL,NORTH 24 PARGANAS,112,KAMARHATI,,Ward Nos.1 to 16 and 21 to 35 of Kamarhati (M),526
WEST BENGAL,NORTH 24 PARGANAS,113,BARANAGAR,,1. Baranagar (M) and 2. Ward Nos.17 to 20 of Kamarhati (M),526
WEST BENGAL,NORTH 24 PARGANAS,114,DUM DUM,,1. Dum Dum (M) and 2. Ward Nos.1 to 17 of South Dum Dum (M),526
WEST BENGAL,NORTH 24 PARGANAS,115,RAJARHAT NEW TOWN,,1. CDB Rajarhat and 2. Ward Nos. 1 to 6 and 10 to 13 o f Rajarhat Gopalpur (M),526
WEST BENGAL,NORTH 24 PARGANAS,116,BIDHANNAGAR,,"1. Bidhannagar (M) and 2. Ward Nos. 19, 20 and 28 to 35 o f South Dum Dum (M)",526
WEST BENGAL,NORTH 24 PARGANAS,117,RAJARHAT GOPALPUR,,1. Ward Nos. 7 to 9 and 14 to 27 of Rajarhat Gopalpur (M) and 2. Ward Nos.18 and 21 to 27 of South Dum Dum (M),526
WEST BENGAL,NORTH 24 PARGANAS,118,MADHYAMGRAM,,"1. Madhyamgram (M) 2. Chandipur Rohanda, Kemia Khamarpara GPs of CDB Bara sat-II and 3. Ichhapur Nilganj, Paschim Khilkapur and Purba Khilkapur GPs of CDB Barasat-I",526
WEST BENGAL,NORTH 24 PARGANAS,119,BARASAT,,1. Barasat (M) and 2. Chhoto Jagulia GPs of CDB Barasat-I,526
WEST BENGAL,NORTH 24 PARGANAS,120,DEGANGA,,"1. Kadambagachhi and Katra GPs of CDB Barasat-I, 2. Amulia, Berachampa-I, Berachampa-II, Chakla, Chaurasi, Hadipur Jhikra-I, Kalsur, Nur Nagar and Sohai-Shwetpur GPs of CDB Deganga",526
WEST BENGAL,NORTH 24 PARGANAS,121,HAROA,,"1. Falti Beleghata, Dadpur, Kiri tipur -I, Kiritipur-II, Shashan GPs of CDB Barasat-II 2. Champatala, Deganga-I, Deganga-II, Hadipur Jhikra-II GPs of CDB Deganga and 3. Gopalpur-I, Gopalpur-II, Har oa and Khasbalanda GPs of CDB Haroa",526
WEST BENGAL,NORTH 24 PARGANAS,122,MINAKHAN,SC,"1. CDB Minakhan 2. Bakjuri, Kulti, Shalipur and Sonapuku r Sankarpur GPs of CDB Haroa",526
WEST BENGAL,NORTH 24 PARGANAS,123,SANDESHKHALI,ST,"1. Bayermari-I, Bayermari-II, Hathgachhi, Nazat-I, Nazat-II, Sarberia Agarhati, Sohar a Radhanagar and Kalinagar GPs o f CDB Sandeshkhali-I, 2.Be ramajur-I, Beramajur-II, Durgamandap, Jeliakhali, Korakati, Manipur and Sandeshkhali GPs of CDB Sandeshkhali-II",526
WEST BENGAL,NORTH 24 PARGANAS,124,BASIRHAT DAKSHIN,,"1. Basirhat (M), 2. CDB Basirhat-I and 3. Taki (M)",526
WEST BENGAL,NORTH 24 PARGANAS,125,BASIRHAT UTTAR,,"1. Amlani, Bhebia, MakhalGa chha, Murarisha GPs of CDB Hasnabad and 2. CDB Bashirhat -II",527
WEST BENGAL,NORTH 24 PARGANAS,126,HINGALGANJ,SC,"1. CDB Hingalganj, 2. Barunhat Rameshwarpur, Bhabanipur - I, Bhabanipur - II, Hasnabad, Pa tliKhanpur GPs of CDB Hasnabad and 3. Khulna GP of CDB Sandeshkhali -II",527
WEST BENGAL,SOUTH 24 PARGANAS,127,GOSABA,SC,1. CDB Gosaba and 2. Ma szidbati and Chunakhali GPs o f CDB Basanti,527
WEST BENGAL,SOUTH 24 PARGANAS,128,BASANTI,SC,"1. Amjhara, Basant i, Bharatgarh, Fool Malancha, Jharkhali, Jyotishpur, Kanthalberia, Nafarganj, Ramchandrakhali, Utta r Mokamberia, Charabidya GP s of CDB Basanti and 2. Atharobanki GP of CDB Canning - II",527
WEST BENGAL,SOUTH 24 PARGANAS,129,KULTALI,SC,"1. CDB Kultali and 2. Baishat a, Chuprijhara, Manirhat, Nalgora GPs of CDB Jaynagar - II",527
WEST BENGAL,SOUTH 24 PARGANAS,130,PATHARPRATIMA,,CDB Patharpratima,527
WEST BENGAL,SOUTH 24 PARGANAS,131,KAKDWIP,,"1. CDB Kakdwip, 2. Budhakhali and Narayanpur GPs of CDB Namkhana",527
WEST BENGAL,SOUTH 24 PARGANAS,132,SAGAR,,"1. CDB Sagar 2. Frezarganj, Ha ripur, Mausini, Namkhana and Shibrampur GPs of CDB Namkhana",527
WEST BENGAL,SOUTH 24 PARGANAS,133,KULPI,,1. CDB Kulpi,527
WEST BENGAL,SOUTH 24 PARGANAS,134,RAIDIGHI,,"1. CDB Mathurapur-II, 2. Abad Bhagawanpur, Debipur, Krishnachandrapur, Lalpur, Shank arpur and Nalua GPs o f CDB Mathurapur-I",527
WEST BENGAL,SOUTH 24 PARGANAS,135,MANDIRBAZAR,SC,"1. CDB Mandirbazar, 2. Laksmi-Narayanpur Dakshin, Laksmi-Narayanpur Uttar, Mathurapur Paschim and Mathurapur Purba GPs of CDB Mathurapur-I",527
WEST BENGAL,SOUTH 24 PARGANAS,136,JAYNAGAR,SC,"1. Jaynagar Mazilpur (M), 2. Bele Durganagar, Futigoda, Gardoani, Mayahauri, May da, Sahajadapur GPs of CDB Jaynagar - II and 3. Baharu Kshet ra, Dakshin Barasat, Hari Narayanpur, Rajapur Korabeg, Sr ipur and Uttar Durgapur GPs of CDB Jaynagar - I",527
WEST BENGAL,SOUTH 24 PARGANAS,137,BARUIPUR PURBA,SC,"1. Bamangachhi, Chaltaberia, Dhosa Chandaneswar, Jangalia, Khakurdaha and Narayanitala GPs of CDB Jaynaga r - I and 2. Begumpur, Belegac hhi, Brindakhali, Champahati, Hardhah, Nabagram, Ramnagar-I, Ramnagar-II and South Garia GPs of CDB Baruipur",528
WEST BENGAL,SOUTH 24 PARGANAS,138,CANNING PASCHIM,SC,1. CDB Canning - I and 2. Narayanpur GP of CDB Canning - II,528
WEST BENGAL,SOUTH 24 PARGANAS,139,CANNING PURBA,,"1. Deuli-I, Deuli-II, Kalikatal a, Matherdighi, Sarengabad, Tambuldaha-I and Tambuldaha-II GPs of CDB Canning -II and 2. Bodra, Chandaneswar- I, Chandaneswar-II, Durgapur, Shanksahar and Tarda GPs of CDB Bhangar - I",528
WEST BENGAL,SOUTH 24 PARGANAS,140,BARUIPUR PASCHIM,,"1. Baruipur (M) and 2. Dhapdhapi-I, Dhapdhapi-II, Hariharpur, Kalyanpur, Mallikpur, Madarat, Shankarpur-I, Shankarpur-II, Shikharbali-I and Shikharbali-II GPs of CDB Baruipur",528
WEST BENGAL,SOUTH 24 PARGANAS,141,MAGRAHAT PURBA,SC,1. CDB Magrahat - II,528
WEST BENGAL,SOUTH 24 PARGANAS,142,MAGRAHAT PASCHIM,,1. CDB Magrahat-I and Netra GP of CDB Diamond Harbour-I,528
WEST BENGAL,SOUTH 24 PARGANAS,143,DIAMOND HARBOUR,,"1. Kamarpol, Khordo, Mathur, Nurpur, Patra and Sarisa GPs of CDB Diamond Harbour -II 2. Diamond Harbour (M) and 3. Basuldanga, Bolsiddhi Kali Na gar, Derak, Harindanga, Kanpu r Dhanaberia, Mashat and Parulia GPs of CDB Diamond Harbour-I",528
WEST BENGAL,SOUTH 24 PARGANAS,144,FALTA,,1. CDB Falta and 2. Bhadura Haridas and Kalatalahat GPs o f CDB Diamond Harbour - II,528
WEST BENGAL,SOUTH 24 PARGANAS,145,SATGACHHIA,,"1. CDB Bishnupur - II and 2. Chak Manik, Burul, Gaja-Poyali, Kamrabad, Naskarpur, Rania and Satgachhia GPs of CDB Budge Budge - II",528
WEST BENGAL,SOUTH 24 PARGANAS,146,BISHNUPUR,SC,"1. CDB Bishnupur - I and 2. Asuti-I, Asuti-II, Chatta and Raspunja GPs of CDB Thakurpukur Mahestola",528
WEST BENGAL,SOUTH 24 PARGANAS,147,SONARPUR DAKSHIN,,"1. Ward Nos-8 to 24 of Rajpur Sonarpur (M), 2. Kalikapur-I, Kalikapur-II, Langalberia, Poleghat, Pratapnagar and Sonarpur-II GPs of CDB Sonarpur",528
WEST BENGAL,SOUTH 24 PARGANAS,148,BHANGAR,,"1. CDB Bhangar -II 2. Jagulgachhi, Narayanpur and Pranganj GPs of CDB Bhangar-I",529
WEST BENGAL,SOUTH 24 PARGANAS,149,KASBA,,"1. Ward Nos. 66, 67, 91, 92, 107 and 108 of Kolkata M. Corp.",529
WEST BENGAL,SOUTH 24 PARGANAS,150,JADAVPUR,,"1. Ward Nos. 96, 99, 101 to 106, 109 and 110 of Kolkata M. Corp.",529
WEST BENGAL,SOUTH 24 PARGANAS,151,SONARPUR UTTAR,,"1. Ward Nos. 1 to 7 and 25 to 33 of Rajpur Sonarpur (M) and 2. Banhooghly-I, Banhooghly-II, Kamrabad, Kheyadaha-I and Kheyadaha-II GPs of CDB Sonarpur",529
WEST BENGAL,SOUTH 24 PARGANAS,152,TOLLYGANJ,,"1. Ward Nos. 94, 95, 97, 98, 100, 111 to 114 of Kolkata M. Corp.",529
WEST BENGAL,SOUTH 24 PARGANAS,153,BEHALA PURBA,,1. Ward Nos.115 to 117 and 120 to 124 of Kolkata M. Corp. 2. Joka-I and Joka-II GPs of CDB Thakurpukur Mahestola,529
WEST BENGAL,SOUTH 24 PARGANAS,154,BEHALA PASCHIM,,1. Ward-118 to 119 and 125 to 132 of Kolkata M. Corp.,529
WEST BENGAL,SOUTH 24 PARGANAS,155,MAHESHTALA,,1. Ward Nos. 8 and 11 to 35 of Maheshtala (M),529
WEST BENGAL,SOUTH 24 PARGANAS,156,BUDGE BUDGE,,"1.CDB Budge Budge -I 2. Budge Budge (M) 3. Pujali (M) and 4. Kasipur Alampur North Baoyali, South Baoyali and Dongaria Raipur GPs of CDB Budge Budge - II",529
WEST BENGAL,SOUTH 24 PARGANAS,157,METIABURUZ,,"1. Ward Nos.136 to 141 of Kolk ata M. Corp. and 2. Ward Nos. 1 to 7, 9 and 10 of Maheshtala (M) Ward Nos.-75, 76, 78 to 80 and 133 to 135 of Kolkata M.",529
WEST BENGAL,KOLKATA,158,KOLKATA PORT,,Corp.,529
WEST BENGAL,KOLKATA,159,BHABANIPUR,,"Ward Nos.-63, 70 to 74, 77 and 82 of Kolkata M. Corp.",529
WEST BENGAL,KOLKATA,160,RASHBEHARI,,"Ward Nos.-81, 83, 84, 86 to 90 and 93 of Kolkata M. Corp.",529
WEST BENGAL,KOLKATA,161,BALLYGUNGE,,"Ward Nos.-60, 61, 64, 65, 68, 69 and 85 of Kolkata M. Corp.",529
WEST BENGAL,KOLKATA,162,CHOWRANGEE,,Ward Nos.-44 to 53 and 62 of Kolkata M. Corp.,529
WEST BENGAL,KOLKATA,163,ENTALLY,,"Ward Nos.-54 to 56, 58 and 59 of Kolkata M. Corp.",529
WEST BENGAL,KOLKATA,164,BELEGHATA,,"Ward Nos.-28 to 30, 33 to 36 and 57 of Kolkata M. Corp.",530
WEST BENGAL,KOLKATA,165,JORASANKO,,"Ward Nos.-22, 23, 25, 27 and 37 to 43 of Kolkata M. Corp.",530
WEST BENGAL,KOLKATA,166,SHYAMPUKUR,,"Ward Nos.-7 to 10, 17 to 21, 24 and 26 of Kolkata M. Corp.",530
WEST BENGAL,KOLKATA,167,MANIKTALA,,"Ward Nos.-11 to 16, 31 and 32 of Kolkata M. Corp.",530
WEST BENGAL,KOLKATA,168,KASHIPUR- BELGACHHIA,,Ward Nos.-1to 6 of Kolkata M. Corp.,530
WEST BENGAL,HOWRAH,169,BALLY,,Bally (M),530
WEST BENGAL,HOWRAH,170,HOWRAH UTTAR,,1. Ward Nos.-1 to 7 and 10 to 16 of Howrah M. Corp.,530
WEST BENGAL,HOWRAH,171,HOWRAH MADHYA,,"1. Ward Nos.-17 to 20, 24 to 34, 36, 37 and 42 of Howrah M. Corp.",530
WEST BENGAL,HOWRAH,172,SHIBPUR,,"1. Ward Nos.-8, 9, 21 to 23, 43 and 47 to 50 of Howrah M. Corp.",530
WEST BENGAL,HOWRAH,173,HOWRAH DAKSHIN,,"Ward Nos.-35, 38 to 41 and 44 to 46 of Howrah M. Corp. 2. Duila, Jorhat, Panchpara and Thanamakua GPs of CDB Sankrail",530
WEST BENGAL,HOWRAH,174,SANKRAIL,SC,"1. Andul, Banpur-I, Banpur-II, Da kshin Sankrail, Dhulagari, Kandua, Manikpur, Mashila, Na lpur, Raghudebbati, Sankrail, Sarenga GPs of CDB Sankrail and 2. Kolora-I, Kolora-II, Mahiyari-I, Mahiyari-II GPs of CDB Domjur.",530
WEST BENGAL,HOWRAH,175,PANCHLA,,"1. CDB Panchla and 2. Gobindapur, Islampur, Laskarpur, Polegustia GPs of CDB Jagatballavpur",530
WEST BENGAL,HOWRAH,176,ULUBERIA PURBA,,"1. Uluberia (M), 2. Khalisani and Raghudevpur GPs of CDB Uluberia-II",530
WEST BENGAL,HOWRAH,177,ULUBERIA UTTAR,SC,"1. Amta, Bhandargachha, Chandr apur, Khardah, Raspur, Sirajbati, Udang-I and Udang-II GPs of CDB Amta - I and 2. Baniban, Basudevpur, Joyargori, Tehatta Kantaberia-I, Tehatta Kantaberia-II and Tulsiberia GPs of CDB Uluberia-II",530
WEST BENGAL,HOWRAH,178,ULUBERIA DAKSHIN,,"1. CDB Uluberia-I and 2. Bela ri, Dhandali, Balichaturi and Nabagram GPs of CDB Shyampur - I",530
WEST BENGAL,HOWRAH,179,SHYAMPUR,,"1. Baneswarpur-I, Baneswar pur-II, Dingakhola, Kamalpur, Radhapur and Syampur GPs of CDB Shyampur -I, 2. Bachhri, Dihi Mondalghat-I, Dihi Mondalghat-II, Kharuberia, Nakol, Shashati, Amar daha and Bargram GPs of CDB Shyampur - II",531
WEST BENGAL,HOWRAH,180,BAGNAN,,"1. CDB Bagnan-II, 2. B agnan-I, Bagnan-II, Bangalpur, Haturia-I, Haturia-II and Khalore of CDB Bagnan-I",531
WEST BENGAL,HOWRAH,181,AMTA,,"1. CDB Amta-II and 2. Bainan, Baksihat, Kalyanpur and Sabsit GPs of CDB Bagnan-I",531
WEST BENGAL,HOWRAH,182,UDAYNARAYANPUR,,"1. CDB Udaynarayanpur 2. A nulia, Balichak, Basantapur, Kanpur and Khosalpur GPs of CDB Amta-I",531
WEST BENGAL,HOWRAH,183,JAGATBALLAVPUR,,"1. Baragachhia-I, Baragachhia -II, Hantal Anantabati, Jagatballavpur-I, Jagatballavpur-II, Pantihal, Shankarhati-I, Shankarhati-II, Shialdanga and Maju GPs of CDB Jagatballavpur and 2. Begari, Domjur, Dakshin-Jhapardaha, Parbatipur, Rudrapur, Uttar Jhapardaha and Makardah-I GPs of CDB Domjur",531
WEST BENGAL,HOWRAH,184,DOMJUR,,"1. CDB Bally Jagachha and 2. Bankra-I, Bankra-II, Bankra-III, Makardah-II, Narna, Shalap-I and Shalap-II GPs of CDB Domjur",531
WEST BENGAL,HOOGHLY,185,UTTARPARA,,"1. Uttarpara-Kotrang (M), 2. Konnagar (M), 3. Nabagram, Kanaipur, Raghunathpur of CDB Sreerampur-Uttarpara (Part)",531
WEST BENGAL,HOOGHLY,186,SREERAMPUR,,"1. Rishra (M), 2. Ward Nos.3 to 19 and 25 of Sreerampur (M), 3. Rajyadharpur and Rishra GPs of CDB Sreerampur- Uttarpara",531
WEST BENGAL,HOOGHLY,187,CHAMPDANI,,"1. Baidyabati (M), 2. Champdani (M), 3. Ward Nos.1 & 2 and 20 to 24 of Sreerampur (M) and 4. Payarapur GP of CDB Sreerampur-Uttarpara",531
WEST BENGAL,HOOGHLY,188,SINGUR,,"1. Anandanagore, Bagdanga Chi namore, Baruipara Paltagarh, Beraberi, Bighati, Bouichipota, Bora, Borai Pahalampur, Gopalnagore, Mirzapur-Bankipur, Nasibpur, Singur-I and Singur-II GPs of CDB Singur, 2. Begumpur, Kapasaria and Panchghora GPs of CDB Chanditala -II",531
WEST BENGAL,HOOGHLY,189,CHANDANNAGAR,,1. Chandannagar (MC) and 2. Bhadreswar (M),531
WEST BENGAL,HOOGHLY,190,CHUNCHURA,,"1. Hooghly-Chunchura(M), 2. Bandel, Debanandapur, Kodalia-I and Kodalia-II GPs of CDB Chunchura-Mogra, 3. Polba, Rajhat and Sugandha GPs of CDB Polba Dadpur",532
WEST BENGAL,HOOGHLY,191,BALAGARH,SC,"1. CDB Balagarh, 2. Chandr ahati-I, Chandrahati-II, Digsui and Mogra-I GPs of CDB Chunchura-Mogra",532
WEST BENGAL,HOOGHLY,192,PANDUA,,1. CDB Pandua,532
WEST BENGAL,HOOGHLY,193,SAPTAGRAM,,"1. Aknna, Amnan, Goswami Malipara, Harit and Mahanad GPs of CDB Polba Dadpur 2. Mogra-II and Saptagram GPs o f CDB Chunchura-Mogra and 3. Bansberia (M)",532
WEST BENGAL,HOOGHLY,194,CHANDITALA,,"1. Bhogabatipur, Gangadharpur, Krishnarampur, Kumirmorah and Nababpur GPs of CDB Chanditala -I 2. Baksa, Barijhati, Chanditala, Dankuni, Garalgacha, Janai, Monaharpur, Mrigala and Naiti GPs of CDB Chanditala-II",532
WEST BENGAL,HOOGHLY,195,JANGIPARA,,"1. CDB Jangipara, 2 Ainya, Haripur, Masat and Shiyakhala GPs of CDB Chanditala-I",532
WEST BENGAL,HOOGHLY,196,HARIPAL,,"1. CDB Haripal, 2. Balarambati, Basubati and Kamarkundu Gopalnagar Daluig achha GPs of CDB Singur",532
WEST BENGAL,HOOGHLY,197,DHANEKHALI,SC,"1. Belmuri, Bhastara, Da shghara-I, Dashghara-II, Dhanekhali- I, Dhanekhali-II, Gurap, Gurbari- I, Gurbari-II, Khajurdaha Milki, Mandra, Somaspur-I and Somaspur-II GPs of CDB Dhanekhali, 2. Babnan, Dadpur, Makalpur and Satithan GPs of CDB Polba-Dadpur",532
WEST BENGAL,HOOGHLY,198,TARAKESWAR,,"1. CDB Tarakeswar, 2. Tarake swar (M), 3. Bhanderhati-I, Bhanderhati-II, Gopinathpur-I, G opinathpur-II and Perambua Sahabazar GPs of CDB Dhanekhali",532
WEST BENGAL,HOOGHLY,199,PURSURAH,,"1. CDB Pursurah, 2. Ar unda, Balipur, Rammohan-I, Rammohan-II and Tantisal GPs of CDB Khanakul-I, 3. Harinkhola-I and Harinkhola-II GPs of CDB Arambag",532
WEST BENGAL,HOOGHLY,200,ARAMBAG,SC,"1. Arandi-I, Arandi-II, Batanal , Gaurhati-I, Gaurhati-II, Madhabpur, Mayapur-I, Mayapur-II, Malaypur-I, Malaypur-II, Salepur-I, Salepur-II and Tirol GPs of CDB Arambag and 2. Arambag (M)",532
WEST BENGAL,HOOGHLY,201,GOGHAT,SC,1. CDB Goghat-I and 2. CDB Goghat-II,532
WEST BENGAL,HOOGHLY,202,KHANAKUL,,"1. CDB Khanakul-II, 2. Ghoshpur, Khanakul-II, Kishorpur-I, Kishorpur-II, Pole-I,Pole-II, Thakuranichak-I, Thakuranichak-II and Khanakul-I GPs of CDB Khanakul-I",532
WEST BENGAL,PURBO MEDINIPUR,203,TAMLUK,,"1. CDB Sahid Matangini, 2. Tamluk (M), 3. Bishnubarh-II, Pipulberia-I, Pipulberia-II and Uttar Sonamui GPs of CDB Tamluk",533
WEST BENGAL,PURBO MEDINIPUR,204,PANSKURA PURBA,,1. CDB Panskura-II,533
WEST BENGAL,PURBO MEDINIPUR,205,PANSKURA PASCHIM,,1. CDB Panskura-I,533
WEST BENGAL,PURBO MEDINIPUR,206,MOYNA,,"1. CDB Moyna, 2. Anantapu r-I, Anantapur-II, Nilkunthia, Sreerampur-I and Sreerampur-II GPs of CDB Tamluk",533
WEST BENGAL,PURBO MEDINIPUR,207,NANDAKUMAR,,"1. CDB Nanda Kumar 2. Bishnubarh-I, Padumpur-I and Padumpur-II GPs of CDB Tamluk",533
WEST BENGAL,PURBO MEDINIPUR,208,MAHISADAL,,1. CDB Mahisadal and 2. CDB Haldia,533
WEST BENGAL,PURBO MEDINIPUR,209,HALDIA,SC,1. CDB Sutahata and 2. Haldia (M),533
WEST BENGAL,PURBO MEDINIPUR,210,NANDIGRAM,,1. CDB Nandigram-I and 2. CDB Nandigram-II,533
WEST BENGAL,PURBO MEDINIPUR,211,CHANDIPUR,,"1. CDB Chandipur, 2. Benodia, Bivisanpur, Gurgram, Kakra, Mahammadpur-I and Mahammadpur-II GPs of CDB Bhagawanpur-I",533
WEST BENGAL,PURBO MEDINIPUR,212,PATASHPUR,,"1. CDB Patashpur-I 2. Khar gram, Panchet, Pataspur, South Khanda and Sreerampur GPs of CDB Patashpur-II",533
WEST BENGAL,PURBO MEDINIPUR,213,KANTHI UTTAR,,"1. CDB Kanthi-II, 2. Brajac hauli, Debendra, Kanaidighi, Kumirda, Lauda and Marishda GPs of CDB Kanthi-III and 3. Bathuari GP of CDB Egra-II",533
WEST BENGAL,PURBO MEDINIPUR,214,BHAGABANPUR,,"1. Bhagabanpur, Kajlagarh, Kot barh and Shimulia GPs o f CDB Bhagawanpur-I, 2. Arjunnagar , Basudevberia, Baroj, Itaberia, Jukhia, Mugberia and Radhapur GPs of CDB Bhagawanpur-II , 3. Argoyal and Mathura GPs of CDB Patashpur-II",533
WEST BENGAL,PURBO MEDINIPUR,215,KHEJURI,SC,"1. CDB Khejuri-I, 2. CDB Khejur i-II, 3. Garbari-I and Garbari-II GPs of CDB Bhagawanpur-II",533
WEST BENGAL,PURBO MEDINIPUR,216,KANTHI DAKSHIN,,1. CDB Kanthi-I 2. Kanthi (M) 3. Durmuth and Kusumpu r GPs of CDB Kanthi-III,533
WEST BENGAL,PURBO MEDINIPUR,217,RAMNAGAR,,1. CDB Ramnagar-I and 2. CDB Ramnagar-II,534
WEST BENGAL,PURBO MEDINIPUR,218,EGRA,,"1. CDB Egra-I, 2. Egra (M), 3. Basudevpur, Deshbandhu, Dubda, Manjusree, Paniparul , Sarbaday and Bibekananda GPs of CDB Egra-II",534
WEST BENGAL,PASCHIM MEDINIPUR,219,DANTAN,,1. CDB Dantan-II 1. CDB M ohanpur and 2. Chak Ismailpu r GPs of CDB Dantan-I,534
WEST BENGAL,PASCHIM MEDINIPUR,220,NAYAGRAM,ST,"1. CDB Nayagram, 2. CDB Gopi ballavpur-I and 3 Chorchita, Kuliana and Nota GPs of CDB Gopiballavpur-II",534
WEST BENGAL,PASCHIM MEDINIPUR,221,GOPIBALLAVPUR,,"Beliabera, Kharbandhi, Pet Bindhi and Tapshia o f Gopiballavpur-II, 2. Aguiboni, Chandri, Chubka, Dudhkundi, Lodhasuli, Nedabahara, Patashimul, Shalboni and Sardiha GPs of CDB Jhargram and 3. CDB Sankrail",534
WEST BENGAL,PASCHIM MEDINIPUR,222,JHARGRAM,,"1. Jhargram (M), 2. Bandhgor a, Manikpara, Radhanagar and Sapdhara GPs of CDB Jhargram, 3. CDB Binpur-I",534
WEST BENGAL,PASCHIM MEDINIPUR,223,KESHIARY,ST,"1. CDB Keshiary, 2. Alikos ha, Angua, Ainkola, Dantan-I, Dantan-II, Monoharpur, Salikotha and Tararui GPs of CDB Dantan-I",534
WEST BENGAL,PASCHIM MEDINIPUR,224,KHARAGPUR SADAR,,1. Kharagpur (M) 2. Kharagpur Rly. Settlement (Ct) of CDB Kharagpur-I,534
WEST BENGAL,PASCHIM MEDINIPUR,225,NARAYANGARH,,CDB Narayangarh,534
WEST BENGAL,PASCHIM MEDINIPUR,226,SABANG,,"1. CDB Sabang, 2. Jalchak-I, Jalchak-II and Maligram GPs o f CDB Pingla",534
WEST BENGAL,PASCHIM MEDINIPUR,227,PINGLA,,"1. Dhaneswarpur, Gobordhanpur,J amna, Karkai, Kshirai, Kusumda and Pindurui GPs of CDB Pingla and 2. CDB Kharagpur - II",534
WEST BENGAL,PASCHIM MEDINIPUR,228,KHARAGPUR,,"1. CDB Kharagpur-I, 2. Banpura, Panchkhuri-I, Panchkhuri-II, Pathra and Shiromoni GPs of CDB Midnapore",534
WEST BENGAL,PASCHIM MEDINIPUR,229,DEBRA,,CDB Debra,534
WEST BENGAL,PASCHIM MEDINIPUR,230,DASPUR,,"1. CDB Daspur-II, 2. Bas udevpur, Daspur-I, Daspur-II, Nandanpur-I, Nandanpur-II and Panchberia GPs of CDB Daspur-I",534
WEST BENGAL,PASCHIM MEDINIPUR,231,GHATAL,SC,"1. CDB Ghatal, 2. Ghatal (M), 3. Kharar (M) and 4. Rajnagar, Sarberia-I and Sarberia-II GPs of CDB Daspur-I",534
WEST BENGAL,PASCHIM MEDINIPUR,232,CHANDRAKONA,SC,"1. CDB Chandrakona-I, 2.Ramji banpur(M), 3. Kshirpai (M), 4.CDB Chandrakona-II, 5. Niz-Naraj ol GPs of CDB Daspur-I and 6.Chandrakona (M)",535
WEST BENGAL,PASCHIM MEDINIPUR,233,GARBETA,,"1. CDB Garbeta-I, 2. A mlasuli, Jogardanga, Piyasala and Sarboth GPs of CDB Garbeta-II",535
WEST BENGAL,PASCHIM MEDINIPUR,234,SALBONI,,"1. Goaltor, Gohaldanga, Jeerapar a, Makli, Patharpara and Pingbani GPs of CDB-Garbeta-II, 2. Bhimpur, Bishnupur, Debgram, Lalgeria and Shalboni GPs of CDB Salbani and 3. CDB Garbeta-III",535
WEST BENGAL,PASCHIM MEDINIPUR,235,KESHPUR,SC,1. CDB Keshpur,535
WEST BENGAL,PASCHIM MEDINIPUR,236,MEDINIPUR,,"1. Medinipur (M), 2. Chandr a, Dherua, Monidaha and Tantigeria GPs of CDB Medini pur, 3. Bankibandh, Garhmal, Karnagarh, Kashijora and Shat pati GPs of CDB Salbani",535
WEST BENGAL,PASCHIM MEDINIPUR,237,BINPUR,ST,1. CDB Binpur-II and 2. CDB Jamboni,535
WEST BENGAL,PURULIA,238,BANDWAN,ST,"1. CDB Barabazar, 2. CDB Manbazar-II and 3. CDB Bundwan",535
WEST BENGAL,PURULIA,239,BALARAMPUR,,"1. CDB Balarampur, 2. C hakaltore, Dimdiha, Durku, Garafusra, Lagda and Sonaijuri GPs CDB Purulia-I and 3. Chatu Hansa, Hensla and Puara GPs of CDB Arsha",535
WEST BENGAL,PURULIA,240,BAGHMUNDI,,"1. CDB Jhalda-I, 2. Jhalda (M), 3. CDB Baghmundi and 4. Hetgugui and Sirkabad GPs of CDB Arsha",535
WEST BENGAL,PURULIA,241,JOYPUR,,"1. CDB Jhalda-II, 2. CDB Jai pur, 3. Arsha, Beldih and Manikary GPs of CDB Arsha",535
WEST BENGAL,PURULIA,242,PURULIA,,"1. CDB Purulia-II, 2. Purulia (M), 3. Bhandar Puara Chipida and Manara GPs of CDB Purulia-I",535
WEST BENGAL,PURULIA,243,MANBAZAR,ST,"1. CDB Manbazar-I, 2. CDB Puncha and 3. Chatumadar, Daldali and Manguria Lalpur GPs of CDB Hura",535
WEST BENGAL,PURULIA,244,KASHIPUR,,"1. CDB Kashipur, 2. Hura, J abarrah, Kalabani, Keshargarh, Ladhurka, Lakhanpur and Rakhera Bishpuri GPs of CDB Hura",535
WEST BENGAL,PURULIA,245,PARA,SC,1. CDB Para and 2. CDB Raghunathpur-II,535
WEST BENGAL,PURULIA,246,RAGHUNATHPUR,SC,"1. CDB Raghunathpur-I, 2. Raghunathpur (M), 3. CDB Neturia and 4. CDB Santuri",536
WEST BENGAL,BANKURA,247,SALTORA,SC,"1. CDB Saltora, 2. CDB Mejhia, 3. Banasuria, Barashal, Lachhmanpur and Latiaboni GPs of CDB Gangajalghati",536
WEST BENGAL,BANKURA,248,CHHATNA,,"1. CDB Chatna, 2. Veduasol , Brahmandiha, Hatgram, Indpu r and Raghunathpur GPs of CDB Indpur",536
WEST BENGAL,BANKURA,249,RANIBANDH,ST,"1. CDB Ranibandh, 2. CDB Hirbandh and 3. CDB Khatra",536
WEST BENGAL,BANKURA,250,RAIPUR,ST,1. CDB Raipur and 2. CDB Sarenga,536
WEST BENGAL,BANKURA,251,TALDANGRA,,"1. Bibarda, Fulmati, Harmasr a, Khalgram, Panchmura and Taldangra GPs of CDB Tal dangra 2. Brojarajpur and Gaurbazar GPs of CDB Indpur and 3. CDB Simlapal",536
WEST BENGAL,BANKURA,252,BANKURA,,"1. CDB Bankura-I, 2. Bankur a (M). 3. Janbedia, Mankanali and Purandarpur GPs of CDB Bankura-II.",536
WEST BENGAL,BANKURA,253,BARJORA,,"1. Bhaktabandh, Gangajalghat i, Gobindadham, Kapista, Nityanandapur and Piraboni GPs of CDB Gangajalghati and 2. CDB Barjora",536
WEST BENGAL,BANKURA,254,ONDA,,"1. CDB Onda, 2. Bikna, Kosthia, Narrah and Sanbandha GPs of CDB Bankura-II",536
WEST BENGAL,BANKURA,255,BISHNUPUR,,"1. Bishnupur (M) 2. CDB Bishnupur , 3. Amdangra, Saltora and Satmauli GPs of CDB Taldangra",536
WEST BENGAL,BANKURA,256,KATULPUR,SC,"1. Deshrahkoyalpara, Gopinat hpur, Kotulpur, Lego, Mirzapu r and Sihar GPs of CDB Kotulpur, 2. Gelia, Jagannathpur, Kuchiakol, Maynapur, Salda, U ttarbarh, Hetia, Routkhanda and Shyamnagar GPs of CDB Jaypur",536
WEST BENGAL,BANKURA,257,INDUS,SC,"1. CDB Indus 2. Balsi-I, Ba lsi-II, Biur betur, Jamkuri and Kushdwip GPs of CDB Patr asayer and 3. Laugram, Madanmohanpur GPs of CDB Kotulpur",536
WEST BENGAL,BANKURA,258,SONAMUKHI,SC,"1. CDB Sonamukhi, 2. Sonamuk hi(M) and 3. Belut Rasulpur, Beersingha, Hamirpur, Naray anpur and Patrasayar GPs o f CDB Patrasayer",536
WEST BENGAL,BARDHAMAN,259,KHANDAGHOSH,SC,"1. CDB Khandaghosh, 2. Adra , Bhunri, Gohogram, Khano, Maszidpur, Sanko and Satinadi GPs of CDB Galsi-II",537
WEST BENGAL,BARDHAMAN,260,BARDHAMAN DAKSHIN,,Bardhaman (M),537
WEST BENGAL,BARDHAMAN,261,RAINA,SC,"1. CDB Raina-II and 2. Hijal na, Natu, Palsona, Sehara, Narugram, Shyamsundar, and Rayna GPs of CDB Raina-I",537
WEST BENGAL,BARDHAMAN,262,JAMALPUR,SC,1. CDB Jamalpur and 2. Mugura GP of CDB Raina-I,537
WEST BENGAL,BARDHAMAN,263,MONTESWAR,,"1.Baghsan, Vagra Mulgram, Denur, Jamna, Kusumgram, Majhergram, Mamudpur-I, Manteswar, Pipalan and Shushunia GPs of CDB Manteswar and 2. Barapalas on-I, Barapalason-II, Bohar-I, Bohar-II, Bijur-I, Bijur-II and Satgachhia-I GPs of CDB Memari-II",537
WEST BENGAL,BARDHAMAN,264,KALNA,SC,"1. CDB Kalna-II, 2. Kalna (M) and 3. Bagnapara, Hatkalna and Krishnadevpur GPs of CDB Kalna-I",537
WEST BENGAL,BARDHAMAN,265,MEMARI,,"1. Kuchut, Satgachhia-II GPs of CDB Memari-II 2. Memari(M) and 3. CDB Memari-I",537
WEST BENGAL,BARDHAMAN,266,BARDHAMAN UTTAR,SC,"1. CDB Bardhaman-II and 2. Be lkash, Bandul-I, Rayan-I, Rayan-II, Saraitikar, Baghar-I and Baghar-II GPs of CDB Bardhaman-I",537
WEST BENGAL,BARDHAMAN,267,BHATAR,,1. CDB Bhatar and 2. Kurman-I and Kshetia GPs of CDB Bardhaman-I,537
WEST BENGAL,BARDHAMAN,268,PURBASTHALI DAKSHIN,,"1. Nandai, Kankuria, Begpur, At ghoria Simlan, Dhatrigram and Sultanpur GPs of CDB Kal na-I and 2. Nasratpur, Samudragarh, Bagpur, Sreer ampur and Nadanghat GPs o f CDB Purbasthali-I",537
WEST BENGAL,BARDHAMAN,269,PURBASTHALI UTTAR,,"1. CDB Purbasthali-II, 2. Jahannagar and Dogachia GPs o f CDB Purbasthali-I , 3. Bam unpara, Mamudpur-II and Putsuri GPs of CDB Manteswar",537
WEST BENGAL,BARDHAMAN,270,KATWA,,"1. Katwa (M), 2. Dainhat (M), 3. CDB Katwa-II and 4. Khajurdihi, Sudpur, Karajgram and Goai GPs of CDB Katwa-I",537
WEST BENGAL,BARDHAMAN,271,KETUGRAM,,"1. CDB Ketugram-I, 2. CDB Ketugram-II and 3. Koshigram and Srikhanda GPs of CDB Katwa-I",537
WEST BENGAL,BARDHAMAN,272,MANGALKOT,,"1. CDB Mangalkot 2. Saragram , Gidhgram and Alampur GPs of CDB Katwa-I",538
WEST BENGAL,BARDHAMAN,273,AUSGRAM,SC,1. CDB Ausgram-I 2. CDB Ausgram-II and 3. Guskara (M),538
WEST BENGAL,BARDHAMAN,274,GALSI,SC,"1. CDB Galsi-I, 2. Galsi and Kurkuba GPs of CDB Galsi-II, 3. Kanksa, Trilokchandrapur, B ankati and Bidbehar GPs o f CDB Kanksa",538
WEST BENGAL,BARDHAMAN,275,PANDABESWAR,,1. CDB Pandabeswar and 2. CDB Faridpur Durgapur,538
WEST BENGAL,BARDHAMAN,276,DURGAPUR PURBA,,"1. Ward Nos. 1-10, 23-28 of Durgapur M. Corp. and 2. Amlajora, Gopalpur and Molandighi GPs of CDB Kanksa",538
WEST BENGAL,BARDHAMAN,277,DURGAPUR PASCHIM,,"1. Ward Nos. 11-22, 29-43 of Durgapur M. Corp.",538
WEST BENGAL,BARDHAMAN,278,RANIGANJ,,CDB Ondal and 2. Raniganj (M),538
WEST BENGAL,BARDHAMAN,279,JAMURIA,,"1. Jamuria (M), 2. CDB Jamuri a and 3. Ratibati GP of CDB Raniganj",538
WEST BENGAL,BARDHAMAN,280,ASANSOL DAKSHIN,,"1. Ward Nos. 9, 18, 20, 34 to 50 of Asansol M. Corp., 2. A mrasota, Egra, Ballavpur, Je mari and Tirat GPs of CDB Raniganj",538
WEST BENGAL,BARDHAMAN,281,ASANSOL UTTAR,,"Ward Nos. 1 to 8, 10 to 17, 19, 21 to 33 of Asansol M. Corp.",538
WEST BENGAL,BARDHAMAN,282,KULTI,,Kulti (M),538
WEST BENGAL,BARDHAMAN,283,BARABANI,,1. CDB Barabani and 2. CDB Salanpur,538
WEST BENGAL,BIRBHUM,284,DUBRAJPUR,SC,"1. CDB Khoyrasol, 2. Dubrajpur (M), 3. Balijuri, Hetampur, Jashpur, Laxmi Narayanpur, Loba and Paduma GPs of CDB Dubrajpur",538
WEST BENGAL,BIRBHUM,285,SURI,,"1. CDB Suri-I, 2. Suri (M)., 3. CDB Rajnagar and 4. Chinpai, Gohaliara, Parulia and Sahapur GPs of CDB Dubrajpur",538
WEST BENGAL,BIRBHUM,286,BOLPUR,,"1. CDB Illambazar, 2. Bolpur (M)., 3. Raipur Supur, Ruppu r and Sattor GPs of CDB Bolpur Sriniketan",538
WEST BENGAL,BIRBHUM,287,NANOOR,SC,"1. CDB Nanoor and 2. Bahiri Panchshowa, Kankalitala, Kasba, Sarpalehana Albandha, Sian Muluk and Singhee GPs of CDB Bolpur Sriniketan",539
WEST BENGAL,BIRBHUM,288,LABPUR,,"1. CDB Labpur, 2. Ahmedpur, Am arpur, Bhromorkol, Panrui, Sangra and Sreenidhipur GPs of CDB Sainthia",539
WEST BENGAL,BIRBHUM,289,SAINTHIA,SC,"1. Sainthia (M). 2. Angargaria , Bhutura, Charicha, Mahamad Bazar, Deucha and Puranagram GPs of CDB Mohammadbazar, 3. Banagram, De riapur, Fulur, Horisara, Hatora and Mathpalsa GPs of CDB Sainthia and 4. CDB Suri-II",539
WEST BENGAL,BIRBHUM,290,MAYURESWAR,,1. CDB Mayureswar-I and 2. CDB Mayureswar-II,539
WEST BENGAL,BIRBHUM,291,RAMPURHAT,,"1. CDB Rampurhat-I, 2. Rampur hat (M). 3. Bharkata, Gonpur, Hinglow, Kapista, Rampur and Sekedda GPs of CDB Mohammadbazar",539
WEST BENGAL,BIRBHUM,292,HANSAN,,1. CDB Rampurhat-II and 2. CDB Nalhati-II,539
WEST BENGAL,BIRBHUM,293,NALHATI,,"1. CDB Nalhati-I, 2. Kushmore -I, Kushmore-II and Rudranagar GPs of CDB Murarai-II",539
WEST BENGAL,BIRBHUM,294,MURARAI,,"1. CDB Murarai-I, 2. Amdole, Jajigram, Mitrapur, Nandigram, Paikar-I and Paikar-II GPs of CDB Murarai-II",539
NCT OF DELHI,,1,Nerela,,"DMC-Ward No. 101 Ward No.101 (Urban), Bankner (CT), Ghoga (CT), Sanoth (CT), Lam Pur, Mamoor Pur, Singhola, Tikri Khurd, Kureni and Bhor Garh villages. DMC-Ward No. 102 Khera Khurd (CT), Ali Pur (CT), Singhu, Hamid Pur, Taj Pur Kalan, Akbar Pur Majra, Palla, Qullak Pur, Jhangola, SungerPur Shahdara, Sunger Pur Delhi, Tigi Pur, Fateh Pur Jat, Bakhtawar Pur, Bankauli, Kham Pur, Shah Pur Garhi, Rajpur Kalan, Iradat Nagar alia s Naya Bans, Holambi Khurd, Holambi Kalan, Zind Pur, Hiranki, Mohd. Pur Ramzan Pur, Tehri Daulat Pur, Bodh Pur Bija Pur and Khera Kalan vilages.",544
NCT OF DELHI,,2,Burari,,"DMC-Ward No. 104 (Part) Burari (CT), Jharoda Majra Bura ri (CT), Bhalswa Jahangir Pur (CT), Ibrahim Pur, Garhi Khas ru, Mukhmel Pur, Qadi Pur, Nangli Poona, Sanjarpur, Salem Pur Majra Burari, Badar Pur Majra Burari, Jagat Pur ilaqa Shahdara, Jagat Pur ilaqa Delhi, Kamal Pur Majra Burari and Mukand Pur villages.",544
NCT OF DELHI,,3,Timarpur,,DMC-Ward No. 115 Ward No.115 (Urban) DMC-Ward No. 116 Ward No.116 (Urban) DMC-Ward No. 121 (Part) E.B. No. 1 - 36 and 73 -110,544
NCT OF DELHI,,4,Adarsh Nagar,,DMC-Ward No. 105 (Part) E.B. No. 1 - 112 DMC-Ward No. 106 Ward No.106 (Urban) DMC-Ward No. 118 (Part) E.B. No. 92 -118,544
NCT OF DELHI,,5,Badli,,"DMC-Ward No. 34 (Part) E.B. No. 66 - 133, 170 - 178 and 180-181 Libas Pur (CT) and Siras Pur (CT) DMC-Ward No. 103 Bhalswa Jahangir Pur (CT)",544
NCT OF DELHI,,6,Rithala,,"DMC-Ward No. 33 (Part) EB. No. 1 - 59, 115 -130, 359 - 411, 417, 419 - 423, 426, 432 and 435 - 438 DMC-Ward No. 34 (Part) EB. No. 179 DMC-Ward No. 35 (Part) E.B. No. 1 - 92 and 224 - 319",545
NCT OF DELHI,,7,Bawana,SC,"DMC-Ward No. 33 (Part) EB. No. 439-446 DMC-Ward No. 34 (Part) Kankar Khera village DMC-Ward No. 36 Sahibabad Daulat Pur (CT), P ehlad Pur Bangar (CT), Begum Pur (CT), Pooth Kalan (CT), Pansali and Barwala villages DMC-Ward No. 37 Bawana (CT), Nangal Thakran (CT), Pooth Khurd (CT), Darya Pur Kalan, Hareoli, Ochandi, Mungesh Pur, Katewara, Bazid Pur Thakran, Sultan Pur Dabas, Qutab Garh, Punjab Khor, Jat Khor, Salah Pur Majra, Budhan Pur and Chand Pur villages.",545
NCT OF DELHI,,8,Mundka,,"DMC-Ward No. 38 (Part) Kanjhawala (CT), Karala, Mohammad Pur Majri, Madan Pur Dabas, Lad Pur, Chatesar, Jonti, Garhi Rindhala and Nizam Pur Rashid Pur villages. DMC-Ward No. 43 (Part) Nangloi Jat (CT)(Part) EB No. 1 - 39 DMC-Ward No. 44 Mundka (CT) Nangloi Jat (CT) (Part) EB No. 1 - 32 and 35 Quammruddin Nagar (CT) (Part) EB No. 1 - 3 and 14 -15 Gheora (CT), Rani Khera, Rasool Pur, Saoda and Nilothi villages DMC-Ward No. 48 (Part) Jaffar Pur alias Hiran Kudna village DMC-Ward No. 50 (Part) Tikri Kalan and Neel Wal villages.",545
NCT OF DELHI,,9,Kirari,,"DMC-Ward No. 38 (Part) Kirari Suleman Nagar (CT), Nithari and Mubarak Pur Dabas villages.",545
NCT OF DELHI,,10,Sultan Pur Majra,SC,DMC-Ward No. 39 (Part) Sultan Pur Majra (CT) (Part) EB. No. 12-94 DMC-Ward No. 40 Sultan Pur Majra (CT) DMC-Ward No. 41 (Part) E.B. No. 1 - 60,546
NCT OF DELHI,,11,Nangloi Jat,,DMC-Ward No. 39 (Part) Ward No.39 (Urban) DMC-Ward No. 43 (Part) Ward No.43 (Urban) Nangloi Jat (CT) (Part) E.B. No. 40 - 186 DMC-Ward No. 44 (Part) Nangloi Jat (CT) (Part) E.B. No. 33 - 34 Quammruddin Nagar (CT) (Part) E.B. No. 4 - 13,546
NCT OF DELHI,,12,Mangol Puri,SC,DMC-Ward No. 35 (Part) E.B. No. 93 - 223 and 320 DMC-Ward No. 39 (Part) Sultan Pur Majra (CT) (Part) EB. No. 1-11 DMC-Ward No. 41 (Part) E.B. No. 61 - 153 DMC-Ward No. 42 Ward No.42 (Urban),546
NCT OF DELHI,,13,Rohini,,"DMC-Ward No. 33 (Part) E.B. No. 60-114, 131-358, 412- 416, 418, 424, 425, 427-431 and 433-434 DMC-Ward No. 34 (Part) E.B. No. 134 - 169",546
NCT OF DELHI,,14,Shalimar Bagh,,DMC-Ward No. 31 Ward No.31 (Urban) DMC-Ward No. 32 Ward No.32 (Urban) DMC-Ward No. 34 (Part) E.B. No. 1 - 65,546
NCT OF DELHI,,15,Shakur Basti,,DMC-Ward No. 26 Ward No.26 (Urban) DMC-Ward No. 30 Ward No.30 (Urban),546
NCT OF DELHI,,16,Tri Nagar,,DMC-Ward No. 27 Ward No. 27 (Urban) DMC-Ward No. 28 (Part) E.B. No. 1 - 53 and 108-121 DMC-Ward No. 29 Ward No. 29 (Urban),547
NCT OF DELHI,,17,Wazirpur,,DMC-Ward No. 28 (Part) E.B. No. 54-107 DMC-Ward No. 99 Ward No. 99 (Urban) DMC-Ward No. 100 Ward No.100 (Urban) DMC-Ward No. 105 (Part) E.B. No. 113 - 190,547
NCT OF DELHI,,18,Model Town,,DMC-Ward No. 117 Ward No. 117 (Urban) DMC-Ward No. 118 (Part) E.B. No. 1 to 91& Special E.B. No. 701 - 704 and 801 - 803 DMC-Ward No. 119 Ward No. 119 (Urban),547
NCT OF DELHI,,19,Sadar Bazar,,DMC-Ward No. 120 Ward No. 120 (Urban) DMC-Ward No. 121 (Part) E.B. No. 37 - 72 and 111 - 115 DMC-Ward No. 122 Ward No. 122 (Urban) DMC-Ward No. 133 Ward No. 133 (Urban),547
NCT OF DELHI,,20,Chandni Chowk,,DMC-Ward No. 110 Ward No. 110 (Urban) DMC-Ward No. 113 Ward No. 113 (Urban) DMC-Ward No. 114 Ward No. 114 (Urban),547
NCT OF DELHI,,21,Matia Mahal,,DMC-Ward No. 1 (Part) E.B. No. 1-84 DMC-Ward No. 107 Ward No. 107 (Urban) DMC-Ward No. 108 (Part) E.B. No. 85 - 103 DMC-Ward No. 109 Ward No. 109 (Urban),547
NCT OF DELHI,,22,Ballimaran,,DMC-Ward No. 112 Ward No. 112 (Urban) DMC-Ward No. 111 Ward No. 111 (Urban) DMC-Ward No. 131 Ward No. 131 (Urban),548
NCT OF DELHI,,23,Karol Bagh,SC,"DMC-Ward No. 108 (Part) E.B. No. 1 - 84 and 104 -105 DMC-Ward No. 129 (Part) E.B. 1-19, 45-79 and 82-88 DMC-Ward No. 130 Ward No. 130 (Urban) DMC-Ward No. 132 Ward No. 132 (Urban)",548
NCT OF DELHI,,24,Patel Nagar,SC,"DMC-Ward No. 125 (Part) E.B.1 - 83 and 100 - 126 DMC-Ward No. 126 (Part) EB No. 1 - 46 and 104 - 136 DMC-Ward No. 134 (Part) EB No. 1 - 127, 150 - 167 and 178 - 180",548
NCT OF DELHI,,25,Moti Nagar,,DMC-Ward No. 123 Ward No. 123 (Urban) DMC-Ward No. 124 Ward No.124 (Urban) DMC-Ward No. 125 (Part) E.B. 84 - 99 Ward No.23 (Part) E.B. 86 - 110 DMC-Ward No. 134 (Part) EB No. 128 - 149 and 168 - 177,548
NCT OF DELHI,,26,Madipur,SC,DMC-Ward No. 23 (Part) E.B. No. 49 - 85 DMC-Ward No. 24 Ward No. 24 (Urban) DMC-Ward No. 25 Ward No. 25 (Urban),548
NCT OF DELHI,,27,Rajouri Garden,,DMC-Ward No. 21 Ward No. 21 (Urban) DMC-Ward No. 22 (Part) E.B. No. 81 DMC-Ward No. 23 (Part) E.B. No. 1 - 48 DMC-Ward No. 45 Ward No.45 (Urban) DMC-Ward No. 46 (Part) E.B. No. 1 - 23,548
NCT OF DELHI,,28,Hari Nagar,,"DMC-Ward No. 18 (Part) E.B. No. 1 - 43 and 93 - 142 DMC-Ward No. 19 (Part) E,B. No. 1-110 and 165-167 DMC-Ward No. 20 Ward No. 20 (Urban)",549
NCT OF DELHI,,29,Tilak Nagar,,"DMC-Ward No. 22 (Part) E.B. No. 1 - 80, 82 - 148 & Special E.B. No. 2901 DMC-Ward No. 46 (Part) E.B. No. 24 - 182",549
NCT OF DELHI,,30,Janakpuri,,DMC-Ward No. 17 Ward No.17 (Urban) DMC-Ward No. 18 (Part) E.B. No. 44 - 92 DMC-Ward No. 19 (Part) E.B. No. 111-164 DMC-Ward No. 51 (Part) E.B. No. 1 - 76,549
NCT OF DELHI,,31,Vikaspuri,,"DMC-Ward No. 47 Ward No.47 (Urban) and Hastsal (CT) DMC-Ward No. 48 (Part) Bapraula, Raja Pur Khurd, Bakkar Wala, Tilang Pur Kotla and Shafi Pur Ranhola villages.",549
NCT OF DELHI,,32,Uttam Nagar,,DMC-Ward No. 48 (Part) Ward No. 48 (Urban),549
NCT OF DELHI,,33,Dwarka,,DMC-Ward No. 51 (Part) E.B. No. 77 - 174 DMC-Ward No. 52 (Part) E.B. No. 61 - 75 and 95 - 257,549
NCT OF DELHI,,34,Matiala,,"DMC-Ward No. 49 (Part) Dindar Pur, Kharkhari Nahar, K harkhari Jatmal, Khera Dabar and Nangli Sakrawati villages. DMC-Ward No. 53 (Part) E.B. No. 1-86 & 132-217 Paprawat, Goela Khurd, Qutab Pur, Taj Pur Khurd, Rewla Kham Pur, Pindwala Kalan, Darya Pur Khurd, Sher Pur Deri, Kharkhari Rond, Daulat Pur, Pindwala Khurd, Goman Hera, Jhuljhuli, Sarang Pur, Ghalib Pur, Raota and Deorala villages. DMC-Ward No. 54 (Part) E.B. No. 225-229 DMC-Ward No. 55 (Part) Chhawala (CT) Hasan Pur, Kangan Heri, Raghu Pur, Badhosra, Nanak Heri, Jhatikra, Asalat Pur Khawad, Shikar Pur and Jain Pur villages.",549
NCT OF DELHI,,35,Najafgarh,,"DMC-Ward No. 49 (Part) Ward No.49 (Urban) Roshan Pura alias Dichaon Khurd (CT) Khera village. DMC-Ward No. 50 (Part) Jharoda Kalan, Dichaon Kalan, Mitraon, Surakh Pur, Kair, Mundhela Khurd, Mundhela Kalan, Jaffar Pur Kalan, Surera, Ujwa, Samas Pur Khalsa, Baqar Ga rh, Isa Pur, Qazi Pur, Malik Pur zer-Najafgarh and Dhansa villages.",550
NCT OF DELHI,,36,Bijwasan,,"DMC-Ward No. 54 (Part) E.B. No. 1-76 DMC-Ward No. 55 (Part) Ward No. 55 (Urban) Sambhalka (CT), Kapas Hera (CT) and Salah Pur village. DMC-Ward No. 56 (Part) E.B. No. 1 - 41 Nangal Dewat (CT) and Malik Pur Kohi alias Rang Puri village.",550
NCT OF DELHI,,37,Palam,,"DMC-Ward No. 52 (Part) E.B. No. 1 - 60 and 76 - 94 DMC-Ward No. 53 (Part) E.B. No. 87-131 DMC-Ward No. 54 (Part) E.B. No. 77 - 224, 230 - 237 & Special E.B. No. 1101 - 1102, 1501 - 1510 and 2701",550
NCT OF DELHI,,38,Delhi Cantt,,"Delhi Cantt-Ward No 1 Delhi Cantt-Ward No 2 Delhi Cantt-Ward No 3 Delhi Cantt- Ward No 4 Delhi Cantt-Ward No 5 Delhi Cantt-Ward No 6 Delhi Cantt-Ward No 7 N.D.M.C. - Charge No. 9 (Part) E.B. No. 18 - 140, 301- 302 and 1201 - 1208",550
NCT OF DELHI,,39,Rajinder Nagar,,DMC-Ward No. 126 (Part) EB No.47 - 103 DMC-Ward No. 127 Ward No.127 (Urban) DMC-Ward No. 128 Ward No.128 (Urban) DMC-Ward No. 129 (Part) E.B. No. 20-44 and 80-81,550
NCT OF DELHI,,40,New Delhi,,N.D.M.C. - Charge No. 1 N.D.M.C. - Charge No. 2 N.D.M.C. - Charge No. 3 N.D.M.C. - Charge No. 4 N.D.M.C. - Charge No. 5 N.D.M.C. - Charge No. 6 N.D.M.C. - Charge No. 7 N.D.M.C. - Charge No. 8 N.D.M.C. - Charge No. 9 (Part) EB No. 1 - 17,551
NCT OF DELHI,,41,Jangpura,,DMC-Ward No. 1 (Part) E.B. No. 85-101 DMC-Ward No. 2 Ward No. 2 (Urban) DMC-Ward No. 5 (Part) E.B. No. 15-60 DMC-Ward No. 6 Ward No. 6 (Urban),551
NCT OF DELHI,,42,Kasturba Nagar,,"DMC-Ward No. 3 Ward No.3 (Urban) DMC-Ward No. 4 Ward No.4 (Urban) DMC-Ward No. 5 (Part) E.B. No. 1-14 and 61-113 DMC-Ward No. 8 (Part) E.B. No. 1 - 5, 63 - 97 and 168",551
NCT OF DELHI,,43,Malviya Nagar,,DMC-Ward No. 11 (Part) E.B. No. 1 - 95 and 150 DMC-Ward No. 13 (Part) E.B. No. 17 - 106 DMC-Ward No. 14 Ward No. 14 (Urban),551
NCT OF DELHI,,44,R.K. Puram,,DMC-Ward No. 13 (Part) E.B. No. 1 - 16 and 107 - 117 DMC-Ward No. 15 Ward No. 15 (Urban) DMC-Ward No. 16 Ward No. 16 (Urban) and Moradabad Pahari village.,551
NCT OF DELHI,,45,Mehrauli,,DMC-Ward No. 55 (Part) Rajokri (CT) DMC-Ward No. 56 (Part) E.B. No. 42-129& Special EB. 2101-2102 and 3601-3603 Kusum Pur village. DMC-Ward No. 57 (Part) Ward No.57 (Urban) DMC-Ward No. 59 (Part) E.B. No. 1 - 4 and 71 - 93,552
NCT OF DELHI,,46,Chhatarpur,,"DMC-Ward No. 58 Sultan Pur(CT), Asola(CT), Bhati(CT),Jona Pur(CT) and Gadai Pur, Aya Nagar, Mandi, Raj Pur Khurd, Satberi, Shahur Pur, Chandan Hola, Fateh Pur Beri, Dera, Chattar Pur and Maidan Garhi villages. DMC-Ward No. 57 (Part) Saidul Azaib (CT) and Neb Sarai village DMC-Ward No. 56 (Part) Ghitorni (CT)",552
NCT OF DELHI,,47,Deoli,SC,Ward No. 60 Deoli (CT) Tigri (CT) DMC-Ward No. 62 (Part) E.B. No. 1 - 68 DMC-Ward No. 64 (A) Ward No. 64 (A) (Urban),552
NCT OF DELHI,,48,Ambedkar Nagar,SC,DMC-Ward No. 59 (Part) E.B. No. 5 - 70 and 94 - 140 DMC-Ward No. 61 Ward No. 61 (Urban) DMC-Ward No. 62 (Part) E.B. No. 69 - 133,552
NCT OF DELHI,,49,Sangam Vihar,,DMC-Ward No. 63 (Part) E.B. No. 1 - 51 DMC-Ward No. 64 (B) (Part) Ward No. 64 (B) (Urban),552
NCT OF DELHI,,50,Greater Kailash,,DMC-Ward No. 9 Ward No. 9 (Urban) DMC-Ward No. 11 (Part) E.B. No. 96 - 149 and 151 - 156 DMC-Ward No. 12 Ward No. 12 (Urban),552
NCT OF DELHI,,51,Kalkaji,,"DMC-Ward No. 7 (Part) EB No. 1-7, 118-126 and 136-143 DMC-Ward No. 8 (Part) EB No. 6 - 62, 98 - 167, 169 and 170 DMC-Ward No. 10 Ward No. 10 (Urban) DMC-Ward No. 63 (Part) EB. No. 52-97 and 100-104",553
NCT OF DELHI,,52,Tughlakabad,,"DMC-Ward No. 63 (Part) EB. No. 98-99, 105-148, 2801 and Pul Pehlad (CT) DMC-Ward No. 64 (B) (Part) Pul Pehlad (CT) DMC-Ward No. 66 Ward No. 66 (Urban)",553
NCT OF DELHI,,53,Badarpur,,"DMC-Ward No. 65 (Part) EB No. 23 - 51 and 55 - 83 Molar Band (CT), Mithe Pur (CT), Jait Pur and Tajpul (CT).",553
NCT OF DELHI,,54,Okhla,,"DMC-Ward No. 7 (Part) EB No. 8-117, 127-135 and 144-201 DMC-Ward No. 65 (Part) EB.No. 1-22, 52 - 54, 84-118 and 3301-3304 Saidabad, Kotla Mahigiram and Aali villages.",553
NCT OF DELHI,,55,Trilokpuri,SC,DMC-Ward No. 67 (Part) Ward No. 67 (Urban) Dallo Pura (CT) and Chilla Saroda Bangar (CT) DMC-Ward No. 68 (Part) Dallo Pura (CT) (Part) E.B. No. 1 - 81,553
NCT OF DELHI,,56,Kondli,SC,DMC-Ward No. 68 (Part) Kondli (CT) Dallo Pura (CT) (Part) E.B. No. 82 - 114 DMC-Ward No. 70 Ward No. 70 (Urban) Gharoli (CT) and Kondli (CT) DMC-Ward No. 72 (Part) Gharoli (CT),553
NCT OF DELHI,,57,Patparganj,,DMC-Ward No. 69 (Part) Ward No. 69 (Urban) Gharonda Neemka Bangar alias Patpar Ganj (CT) Samas Pur (Part) DMC-Ward No. 67 (Part) & 69 (Part) Chilla Saroda Khadar village. DMC-Ward No. 72 (Part) E.B. No. 5 - 172 and 201 - 216,554
NCT OF DELHI,,58,Laxmi Nagar,,DMC-Ward No. 71 Ward No. 71 (Urban) Samas Pur (Part) and Shakar Pur Baramad villages DMC-Ward No. 72 (Part) E.B. No. 173 - 200 DMC-Ward No. 74 Ward No. 74 (Urban),554
NCT OF DELHI,,59,Vishwas Nagar,,DMC-Ward No. 79 (Part) E.B. No. 33 - 180 DMC-Ward No. 80 Ward No. 80 (Urban),554
NCT OF DELHI,,60,Krishna Nagar,,DMC-Ward No. 73 Ward No. 73 (Urban) DMC-Ward No. 77 (Part) E.B. No. 74-120 and 124-128 DMC-Ward No. 78 Ward No. 78 (Urban) DMC-Ward No. 79 (Part) E.B. No. 1 - 32,554
NCT OF DELHI,,61,Gandhi Nagar,,DMC-Ward No. 75 Ward No.75 (Urban) DMC-Ward No. 76 Ward No.76 (Urban) DMC-Ward No. 77 (Part) E.B. No. 1-73 and 121-123 DMC-Ward No. 91 (Part) E.B.No. 1-33 and 144-147 DMC-Ward No. 92 (Part) E.B. No. 30 - 52,554
NCT OF DELHI,,62,Shahdara,,DMC-Ward No. 81 Ward No. 81 (Urban) DMC-Ward No. 82 Ward No. 82 (Urban) DMC-Ward No. 84 (Part) E.B. No. 1 - 47 and 111 - 121,554
NCT OF DELHI,,63,Seemapuri,SC,DMC- Ward No. 83 (Part) E.B.No. 1 - 162 and 199 - 200 DMC- Ward No. 84 (Part) E.B.No. 48 - 110 and 122 - 184 DMC- Ward No.85 (Part) Mandoli E.B.No. 25 - 91 and 150-151,555
NCT OF DELHI,,64,Rohtas Nagar,,DMC- Ward No.85 (Part) Mandoli E.B.No. 1 - 24 DMC- Ward No.87 Ward No. 87 (Urban) DMC- Ward No.88 Ward No. 88 (Urban) and Gokal Pur (CT) DMC- Ward No.89 (Part) EB 1 - 39 and 91 - 113,555
NCT OF DELHI,,65,Seelam Pur,,DMC- Ward No.91 (Part) E.B.No. 34 - 143 DMC- Ward No.92 (Part) E.B.No. 1 - 29 Jaffarabad (CT) DMC- Ward No.93 (Part) E.B. No. 85 - 129 DMC- Ward No.96 (Part) E.B. No. 1 - 66,555
NCT OF DELHI,,66,Ghonda,,DMC- Ward No.93 (Part) E.B. No. 1 - 84 DMC- Ward No.94 Ward No. 94 (Urban) Garhi Mendu E.B. No. 1 DMC Ward No. 95 (Part) Garhi Mendu E.B. No. 2-3 EB.No. 51-115 Khanpur Dhani E.B. No. 507-509 DMC Ward No. 96 (Part) Khanpur Dhani E.B. No. 1-10 Gokulpur (CT) and Ziauddin Pur (CT),555
NCT OF DELHI,,67,Babarpur,,"DMC- Ward No.89 (Part) E.B.No. 40 - 90, 114 - 127 and Jaffarabad (CT) DMC- Ward No.90 Ward No. 90 (Urban) Gokulpur (CT), Babarpur (CT) and Jaffarabad (CT) DMC- Ward No.96 (Part) E.B. No. 67 - 101 DMC- Ward No.95 (Part) E.B. No. 1 - 50 and 116-123",555
NCT OF DELHI,,68,Gokalpur,SC,"DMC-Ward No. 83 (Part) E.B. No. 163 - 198 DMC- Ward No.85 (Part) Mandoli E.B. No. 92 - 149 and 152-155 DMC-Ward No. 86 Ward No.86 (Urban) Karawal Nagar (CT), Jiwan Pur alias Johri Pur (CT), Ziauddin Pur (CT) and Gokal Pur (CT) .",556
NCT OF DELHI,,69,Mustafabad,,"DMC-Ward No. 97 (Part) Karwal Nagar (CT) EB.No.1-81, 83-89 and 94-135 DMC-Ward No. 98 Mustafabad (CT) and Ziauddin Pur (CT) DMC Ward No. 97(Pt), 98(Pt) Baqiabad EB.No.1-17",556
NCT OF DELHI,,70,Karawal Nagar,,"DMC-Ward No. 97 (Part) Karawal Nagar (CT) (Part) EB. 82, 90-93 and 136-214 Sadat Pur Gujran (CT) Saba Pur Delhi, Saba Pur Shahdara, Sadat Pur Musalman villages. Khajoori khas (CT) and Mir Pur Turk (CT) DMC-Ward No. 104 (Part) Badar Pur Khadar, Pur Delhi and Pur Shahdara villages. DMC-Ward No. 95 (Part) Sadat Pur Gujran (CT) DMC-Ward No. 98 (Part) Dayal Pur (CT), Mir Pur Turk (CT) Tukhmir Pur, Bihari Pur and Sher Pur villages.",556
PUDUCHERRY,PUDUCHERRY REGION,1,Mannadipet,,"Mannadipet Commune Panchayat (Par t) - Manalipet, Chettipet, Suthukeny, Pudukuppam, Ka tteri, Kuppam, Thethampakkam, Kodathur, Kunichampet, Mannadipet and Vadanur",558
PUDUCHERRY,PUDUCHERRY REGION,2,Thirubhuvanai,SC,"Mannadipet Commune Panchayat (P art) - Sorapet, Vambupet, Sellipattu, Sannasikuppam, Kalithirthalkuppam, Madagadipet, Thirubuvanai and Thiruvandarkoil",558
PUDUCHERRY,PUDUCHERRY REGION,3,Oussudu,SC,"Villianur Commune Panchayat (Part) - Sedarapet, Karasur, Thuthipet, Thondamanatham, Ram anathapuram, Pillaiyarkuppam, Koodapakkam, Ulaivaikkal and Oussudu, Kurumbapet Gram Panchayat(Part) - Ward Nos.1 to 4",558
PUDUCHERRY,PUDUCHERRY REGION,4,Mangalam,,"Villianur Commune Panchayat (Part) - Ariyur, Kizhur, Sathamangalam, Mangalam, Uruvaiya r, Thirukanji, Perungalur and Manakuppam, Kurumbapet Gram Panc hayat(Part) - Ariyapalayam Out Growth, Kottamedu Out Grow th and Kanuvapet Out Growth",558
PUDUCHERRY,PUDUCHERRY REGION,5,Villianur,,"Kurumbapet Gram Panchayat(Par t) - Guruvappanaickenpalayam Out Growth, Arasur Out Growth, Sultanpet Out Growth, Villianur Out Growth, Valluvanpet Out Gr owth, Karayanpet Out Growth, Periapet Out Growth, Uthiravagi nipet Out Growth, Attuvaikalpet Out Growth-, Thattanchavady Ou t Growth, Manavely Out Growth, Arumbarthapuram Out Growth and Odiampet Out Growth. Pondicherry Municipality(Part)- Ward No.42",558
PUDUCHERRY,PUDUCHERRY REGION,6,Ozhukarai,,Ozhukarai Municipality(Part)- Ward Nos.31 to 33 and 37,558
PUDUCHERRY,PUDUCHERRY REGION,7,Kadirgamam,,"Ozhukarai Municipality(Part)- Ward Nos.25 to 27, 35 and 36",558
PUDUCHERRY,PUDUCHERRY REGION,8,Indira Nagar,,Ozhukarai Municipality(Part)- Ward Nos.21 to 24 and 28 to 30,558
PUDUCHERRY,PUDUCHERRY REGION,9,Thattanchavady,,"Ozhukarai Municipality(Part) - Ward Nos.8, 18 to 20 and 34",558
PUDUCHERRY,PUDUCHERRY REGION,10,Kamraj Nagar,,Ozhukarai Municipality(Part)- Ward Nos.13 to 17,559
PUDUCHERRY,PUDUCHERRY REGION,11,Lawspet,,"Ozhukarai Municipality(Part)- Ward Nos.7, 9 to 11",559
PUDUCHERRY,PUDUCHERRY REGION,12,Kalapet,,Ozhukarai Municipality(Part)- Ward Nos.1 to 6 and 12,559
PUDUCHERRY,PUDUCHERRY REGION,13,Muthialpet,,Pondicherry Municipality(Part)- Ward Nos.1 to 4 and 6 to 8,559
PUDUCHERRY,PUDUCHERRY REGION,14,Raj Bhavan,,"Pondicherry Municipality(Part)- Ward Nos.5, 9 to 14 and 16",559
PUDUCHERRY,PUDUCHERRY REGION,15,Oupalam,,Pondicherry Municipality(Part)- Ward Nos.18 to 23,559
PUDUCHERRY,PUDUCHERRY REGION,16,Orleampeth,,"Pondicherry Municipality(Part)- Ward Nos.15, 17, 24 to 26, 28 and 32",559
PUDUCHERRY,PUDUCHERRY REGION,17,Nellithope,,"Pondicherry Municipality(Part)- Ward Nos.27, 29 to 31, 33 and 34",559
PUDUCHERRY,PUDUCHERRY REGION,18,Mudaliarpet,,Pondicherry Municipality(Part)- Ward Nos.35 to 38 and 40,559
PUDUCHERRY,PUDUCHERRY REGION,19,Ariankuppam,,"Pondicherry Municipality(Part)- Ward Nos.39 and 41 Pondicherry (M+OG) (Part) -Ariankuppam Out Growth, Kakayantope Out Growth and Periaveerampattinam Out Growth",559
PUDUCHERRY,PUDUCHERRY REGION,20,Manavely,,"Ariankuppam Commune Panchayat -Manavely, Abishegapakkam, Tavalakuppam, Purnankuppam and Thimmanaickenpalayam",559
PUDUCHERRY,PUDUCHERRY REGION,21,Embalam,SC,"Nettapakkam Commune Panchayat (Part)-Embalam, Korkadu and Karikalampakkam, Bahour Co mmune Panchayat (Part)- Aranganur, Kirumampakkam, Pillaiarkuppam and Seliamedu",559
PUDUCHERRY,PUDUCHERRY REGION,22,Nettapakkam,SC,"Nettapakkam Commune Panchayat (Part)- Madukkarai, Kariamanickam, Eripakkam, Pandasozhanur and Nettapakkam, Bahour Commune Panchayat (Part)- Panayadikuppam, Karaiyambuthur and Manamedu",559
PUDUCHERRY,PUDUCHERRY REGION,23,Bahour,,"Bahour Commune Panchayat (Part)-Irulansandai, Bahour, Outchimedu, Parikalpet, Kuru vinatham, Kaduvanur and Manapattu",559
PUDUCHERRY,KARAIKAL REGION,24,Nedungadu,SC,"Nedungadu Commune Panchayat -K urumbagaram, Ponbethy, Puthakudy, Nedungadu and Melakasakudy Kottucherry Commune Panchayat -V arichikudy North, Poovam, Thiruvettakudy, Varichikudy South and Kottucherry",559
PUDUCHERRY,KARAIKAL REGION,25,Thirunallar,,"Thirunallar Commune Panchayat -A mbagarathur, Nallazhundur, Thevamapuram, Sorakudy, Subrayapuram, Keezhavoor, Thirunallar, Thennankudy, Sethur, Sellur and Pettai",560
PUDUCHERRY,KARAIKAL REGION,26,Karaikal North,,"Karaikal Municipality(Part)- Ward Nos.1 to 5, 8 and 9",560
PUDUCHERRY,KARAIKAL REGION,27,Karaikal South,,"Karaikal Municipality(Part)- Ward Nos.6, 7 and 10 to 17",560
PUDUCHERRY,KARAIKAL REGION,28,Neravy- T.R. Pattinam,,"Neravy Commune Panchayat - Vizhidiur, Kizhamanai and Neravy. Thirumalairayan Pattinam Commune Panchayat - Thirumalairayanpattinam, Keezhaiyur (North), Keezhaiyur (South), Polagam and Vanjiur, Karaikal Municipality(Part)- Ward No.18 Mahe Municipality",560
PUDUCHERRY,MAHE REGION,29,Mahe,,Yanam Municipality,560
PUDUCHERRY,YANAM REGION,30,Yanam,,,560
JAMMU AND KASHMIR,KUPWARA,1,Karnah,,"All PCs of Tehsil Karnah ; PC Keran of Tehsil Kupwara. PCs 18-Sulakot, 20-Radabug, 22-Bu mhama, 23-Drugmulla, 25- Gushi, 26-Batergam, 27-Dadikoo t, 30-Gulgam, 31-Harrai, 32- Hayan, 33-Trehgam, 34-Guglose, 35-Kralpora, 36-Guzeryal, 37-",562
JAMMU AND KASHMIR,KUPWARA,2,Kupwara,,"Gundizona-Reshi. 38-Panzgam, 39 -Meelyal, 40-Shooloora, 41- Dardihairi-Kharagund, 42-Kupwara, 43-Awoora, 44-Zirhama of Tehsil Kupwara and PC 55-Manzgam in Tehsil Handwara,",562
JAMMU AND KASHMIR,KUPWARA,3,Lolab,,"PCs 1-Harduring, 2-Chontiwari, 3-Ma chil, 4-Kalaroch, 5-Khumrayal, 6-Kanthpora, 7-Wawoora, 8-Mai danpora, 9-Khurhama, 10-Warnow, 11-Krusan, 12-Sogam, 13-Darapora, 14-Lalpora, 15-Chandigam, 16-Tekipora, 17-Dewar Inderbug, 19-Manigah, 29-Haihama, 45- Dardapora in Kupwara Tehsil.",562
JAMMU AND KASHMIR,KUPWARA,4,Handwara,,"PCs 8-Maidan Chogal, 28-Taratpor a, 29-Wilgam, 30-Lilam, 31- Dulipora, 32- Opzawani, 33-Sho gapora, 34-Neelipora, 35-Magam, 36-Jagarpora, 39-Behnipora, 40-Ra jpora, 41-Zachaldara, 42- Wadder, 43-Turkapora, 44-Chanjim ulla, 45-Wadipora, 46-Bhaki Akhar, 47-Batakoot, 48-Braripor a, 49-Waripora Gonipora, 50- Nutanoosa, 51-Kandikhas, 52-h andwara; 53-Dhama, 54- Panchakoot in Tehsil Handwara; and 21-Kegam, 28-Nagrimalpora, 24-Najatpora in Tehsil Kupwara,",562
JAMMU AND KASHMIR,KUPWARA,5,Langate,,"PCs 1-Langate, 2-Unusu, 3-Pohr upeth, 4-Glura, 5-Martgam, 6-Hanga, 7-Shanoo, 9-Nowgam, 10-Mawar, 11-Qalamchakla, 12-Adura, 13-Haril, 14-Drangsoo-Shah-Nagr i, 15-Udipora, 16-Kralagund, 17-Lokipora, 18-Kichlo Qazipora, 19-Khaipora, 20- Panditpora, 21-Super-Nagam, 22- Ashapora, 23-Safalpora, 24-Kralpora, 25-Deedar pora, 26-Shathgund-Balla , 27-Rawalpora, 37-Waisakawnar, 38-Lachampora in Tehsil Handwara.",562
JAMMU AND KASHMIR,BARAMULLA,6,Uri,,All PCs in Tehsil Uri.,562
JAMMU AND KASHMIR,BARAMULLA,7,Rafiabad,,"PCs 11-Chakloo, 12-Nadihal, 13-Sh itloo, 15-Biner Kahdoora in Tehsil Baramulla ; and PCs 5-No wpora Kalan, 8-Watergam, 9- Fidarpora, 10-Handipora, 11-Ya rbug, 12-Riban-Ramhama, 13- Ladora, 14-Rehama, 15-Chijaham a, 16-Wanpora, 17-Panzala- Gundabal, 18-Sailkoot, 19-Balhama-T hakanpora, 20-Chatoosa, 21- Dangiwacha, 22- Rawacha, 23-Harduchanam, 24-Bakshipora- Batapora, 25-Zithan, 36-B ehrampora, 37-Chitlora, 38- A chabal in Tehsil Sopore.",563
JAMMU AND KASHMIR,BARAMULLA,8,Sopore,,"PCs 1-Sopore with NAC, 2-Warapor a, 3-Arampora, 4-Dangerpora, 6-Watalab, 32-Seeloo, 33-Boti ngoo, 34-Mundji, 35-Duroo, 39- Hardu-Shiva, 41-Aadipora-Bomai, 42-Wadoora, 40-Tujar-Pahlihar, 43-Harwan, 44-Zaloora in Tehsil Sopore.",563
JAMMU AND KASHMIR,BARAMULLA,9,Gurez,,All PCs in Tehsil Gurez.,563
JAMMU AND KASHMIR,BARAMULLA,10,Bandipora,,All PCs in Tehsil Bandipora ; and PC 1-Ajas of Tehsil Sonawari.,563
JAMMU AND KASHMIR,BARAMULLA,11,Sonawari,,All PCs in Tehsil Sonawari excluding PC 1-Ajas.,563
JAMMU AND KASHMIR,BARAMULLA,12,Sangrama,,"PCs 16-Kreeri, 17-Wizar, 18-Au thora, 19-Shalakawara, 20- Nowpora-Jagir, 21-Wagoora, 22 -Kachumuqam, 24-Manigam, 25- kalantara-Balla, 26-Dandmoh, 27-Sultanpora-Kandi in Tehsil Baramulla ; and 7-Tarzoo, 26-Hy gam, 27-Seer-Jagir, 28-Bulagam, 29-Sangrama, 30-Krank-shivan, 31-Wagub in Tehsil Sopore.",563
JAMMU AND KASHMIR,BARAMULLA,13,Baramulla,,"PCs 1-Laridora, 2-Heewan, 3-Mal apora, 4-Kich-Hama, 5-Ushkara, 6-Khanpora with NAC, 7-K haja-Bagh, 8-Taki-Sultan, 9-Khaitangan, 10-Delina, 14-Kansipora, 23-Chandoosa in Tehsil Baramulla.",563
JAMMU AND KASHMIR,BARAMULLA,14,Gulmarg,,"All PCs in Tehsil Glmarg ; and 2-Wailoo Kralpora, 8-Sriwarapora, 9-Chokar, 10-Waripora-Bangil, 12 -Malmoh, 13-Nowlari, 16-Yal in Tehsil Pattan.",563
JAMMU AND KASHMIR,BARAMULLA,15,Pattan,,"Tehsil Pattan excluding 2-Wail oo-kralpora, 8-Sriwarapora, 9-Chokar, 10-Waripora Bangil, 12-Malmoh, 13-Nowlari and 16-Yal All PCs of Tehsil Kangan ; and PCs 1-Manigam, 2-Wailoo,",563
JAMMU AND KASHMIR,SRINAGAR,16,Kangan,,3-Nunar in Tehsil Ganderwal.,563
JAMMU AND KASHMIR,SRINAGAR,17,Ganderbal,,"Tehsil Ganderbal excluding 1-Mani gam, 2-Wailoo, 3-Nunar and P.C. Haran in Srinagar Tehsil. Ward 16 in Srinagar Municipality (excluding Municipal areas not",564
JAMMU AND KASHMIR,SRINAGAR,18,Hazratbal,,"falling in Srinagar Tehsil but falli ng in Ganderbal Tehsil) and PC 9- Bachpora in Tehsil Ganderbal and Wards 17 and 12 except the following mohallas of Ward 12 ; Mugal Mohalla, Surateng, Khawjapora, Kocha Nidan, Zindas hah and boat population of these wards.",564
JAMMU AND KASHMIR,SRINAGAR,19,Zadibal,,Wards 14 and 15 in Srinagar Municipality and boat population of Anchar and of the ghats of these wards.,564
JAMMU AND KASHMIR,SRINAGAR,20,Idgah,,Wards 8 and 11 in Srinagar Munici pality and P.C. 38-Palpora and 41-Sangam in Srinagar Tehsil.,564
JAMMU AND KASHMIR,SRINAGAR,21,Khanyar,,"Wards 10-13 of Srinagar Municipa lity and the following mohallas of Ward 12-Mugal Mohalla, Surat eng, Khawjapora, Zindshah and Kocha Nidan and boat population of these wards.",564
JAMMU AND KASHMIR,SRINAGAR,22,Habbakadal,,"Wards 7 and 9 in Srinagar Municipality and boat population of Wards 6, 7 and 9.",564
JAMMU AND KASHMIR,SRINAGAR,23,Amirakadal,,"Wards 3 and 4 in Srinagar Municipality excluding (i) Natipora (rural), (ii) Rawalpora (rural), (iii) Hyderpora (rural). and excluding Aramwari, Gund C handal, Stingoo, Sutho Kirther Bagh in Tehsil Chadoora and Watdoor, Galwanpora Laloo and Shesgam Bagh in Tehsil Badgam and boat population of these wards and of Ward 5.",564
JAMMU AND KASHMIR,SRINAGAR,24,Sonawar,,"Wards 1 and 2 in Srinagar Municipality and Badamibagh Cantonment and P.C. 21-Chitr ahama, 19-Dara, 29-Khunmu, 30- Balhama, 31-Zewan in Tehsil Sri nagar boat population of ghats in these wards.",564
JAMMU AND KASHMIR,SRINAGAR,25,Batamaloo,,"Wards 5 and 6 in Srinagar Municipality ; and PCs 6-Mujgund, 42- Bachipora Tengpora in Srinagar Tehsil.",564
JAMMU AND KASHMIR,BUDGAM,26,Chadoora,,"The following Patwar Circle of Tehsil Chadoora, 16-Chadoora, 24- Chattergam, 25-Wagora, 26-Wat hura, 27-Khanda, 28-Bugam Batapora, 29-Kralpora, 30-Hayatpora, 31-Pohroo, 32-Rakh Shalina, 33- Bagati-Kanipora, 34-Nowgam, 35-Kanihama, 36-Daulatpora, 38-Natipora rural area outside Srinagar Municipal limits in ward 4 and 39-Lasjan and Aramwari, Gund, Chandal Stengoo, Suthoo, Kirtherbagh and 40-Kursu Padshahibagh.",564
JAMMU AND KASHMIR,BUDGAM,27,Badgam,,"PCs 1-Soibugh, 2-Dhrmana, 3- Wahabpora, 4-Arth, 5-Wadwan, 6-Bemina, 7- Pallar, 8-Garriend Ka lan, 9-Sholipora, 10-Nassar- ullah-Pora, 11-Jahama, 12-Wa ter-Wani, 28-Chune, 29-Badgam, 30-Ompora, 31-Narkara, 32-Hum hama, 35-Karewa Damodar, 36-Gund-Sathu, 37-Ichakoot, 38- Ichgam, 33-Rawalpora (rural), 34-Hyderpora (rural) in Badgam Tehsil.",565
JAMMU AND KASHMIR,BUDGAM,28,Beerwah,,"PCs 1-Suzeth-Gooripora, 2-Kawoos a Khalisa, 3-Kawoosa Jagir, 4-Batapora Kanihama, 5-Sanoor Kalipora, 6-Hardu Malpora, 7-Bandagam, 8-Utligam, 9-Mula-shulla, 10-Sonapah, 12- Gondipora, 21-shanglipora, 22-Khag, 23-Malpora Khag, 24-Himchipora, 25-Lalpor a, 26-Beerwah, 27-Chewdara, 28-Peth Mukhama, 29-Rathusun, 30-B ona Makhama, 31-Nagam, 32-Iskanderpora, 33-Ari panthan, 34-Palpora, 36 -Hardua-Shorsh in Tehsil Beerwah.",565
JAMMU AND KASHMIR,BUDGAM,29,Khansahib,,"PCs 11-Hokhalatri, 13-Pharth an, 14-Kandoora, 15-Drang, 16-Sitaharan, 17-Zogikharian, 18-Arizal, 19-Qamroo, 20-Rawalpora-Beerwah ; and PC 35-Sail in Tehsil Beerwah ; and PCs 13-Waterhail, 14-Jawalapo ra, 15-Sondipora, 16-Dalipora, 17-Yari Khah, 18-Talapora, 19-P arnawah, 20-Drayagam, 21- Frestwar Khasipora, 22-Arigam , 23-Khan Sahib, 24-Raithan, 25-Kachwari, 26-Gurwait Kalan, 27-Falchall in Tehsil Budgam.",565
JAMMU AND KASHMIR,BUDGAM,30,Chrar-I-Sharief,,"PCs 1-Gogji Pathari, 2-Brinjan, 3-Hafroo Ba tapora, 4-Branawar, 5- Surasyar, 6-Dada-Ompara, 7-Hanjura, 8-Nowpora, 9-Pakharpora, 10-Hardu Dalwan Futlipora, 11-Teelsarah, 12-Chrar-i-Sharief, 13-Watkaloo, 14-Darawan Nowgam , 15-Chrawan, 17-Nagam, 18- Badipora, 19-Yarikalan, 20-Ropora Namtihal, 21-Kanir, 22-Ranger, 23-Sogam, 37-Nowhar in Tehsil Chadoora.",565
JAMMU AND KASHMIR,PULWAMA,31,Tral,,All PCs in Tehsil tral.,565
JAMMU AND KASHMIR,PULWAMA,32,Pampore,,"All PCs in Tehsil Pampore and Pa twar Circles 26-Awantipora, 27- Padgampora, 29-Lilhar, 46-Niham a, 47-Kakapora in Tehsil Pulwama.",565
JAMMU AND KASHMIR,PULWAMA,33,Pulwama,,"PCs 1-Inder, 2-Gangoo, 5-Pulwama with NAC, 9-Ratnipora, 10- Pahoo, 11-Trich, 12-Koil, 13-Pinglina, 14-Narwa, 17-Litter-Shistar, 18-Nayina, 19-Panzgam, 20-Dogripor a, 21-Rishipora, 22-Laderpur, 23-Nownagri, 24-Tokna 25-Malangpora, 28-Lajoora, 40-Palapora, 45-Newa, 48-Jagir Parigam, 49-Tumchi Nowpora, 50-Hakripora in Tehsil Pulwama.",565
JAMMU AND KASHMIR,PULWAMA,34,Rajpora,,"PCs 3-Karimabad, 4-Moran, 6- kangan, 7-Wahibugh, 8-Goosoo, 15-Bonarah, 16-Trichal, 30-Ramo o, 31- Billowdergund, 32- Qasbayar, 33-Drubgam, 34-Mitrigam , 35-Abhama, 36-Trujan, 37- Khaigam, 38-Noorpora Payeon, 39-Arihal, 41-Tahab-Shadipora, 42-Achan, 43-Chandigam, 44-Rajpora in Tehsil Pulwama.",566
JAMMU AND KASHMIR,PULWAMA,35,Wachi,,"PCs 8-Kalroo Malikgung, 9-Nadi gam, 11-Dangerpora, 12-Turka Wangam, 13-Urapora, 14-Hardu- Handow, 15-Harmain, 16-Chak- Chowland, 17-Kapran, 19-Dangam, 20-Chakora, 21-Pratabpora, 24-Kanji-Ullar, 25-Chitr agam, 26-Darikalpora, 27-Hef, 28-Sugan, 29-Awnera, 30-Wachi, 31-Aglar, 32-Zainapora, and 39-Allowpora- Sheikhpora in Tehsil Shopian.",566
JAMMU AND KASHMIR,PULWAMA,36,Shopian,,"PCs 1-Saidapora, 2-Meemandar , 3-Arhama, 4-Pinjoora, 5-Ganowpora Arish, 6-Bemnipora, 7-Harapora, 10-Trenz, 18- Vehilchal-Awatoo, 22-Sedew, 23- Ram Nagri, 33-Diyaroo, 34- Barthipora, 35-Daramdoora, 36- Zoora-Baderhama, 37-Narapora, 38-Keegam, 40-Keller-Mastpora, 41-P ahlipora, 42- Sindhu-Shrimal, 43-Shopian, 44-Devipora (forest block) in Tehsil Shopian.",566
JAMMU AND KASHMIR,ANANTNAG,37,Noorabad,,"PCs 5-Malwan, 6-Pahloo, 7-Akha l, 23-Gudder, 34-Brinal Lamber, 46-Damhal-Hanjipora, 47-Ahmada- Abad, 48-Yaroo, 49-Hardu- Mandagori, 51-Manzgam, 52-Asnoor , 53-Wattoo, 54- Avil, 55- Khuri-Batapora, 56-Nagam, 57-Danow-Kandimarg, 58-Badi- Jehalan, 59-Chimar, 60-Qasba Khul , 61-Nandimarg in Tehsil Kulgam.",566
JAMMU AND KASHMIR,ANANTNAG,38,Kulgam,,"PCs 1-Kulgam with NAC, 2-Hanad-Chawalgam, 3- A mnoo, 4-Chambagund, 11- Ashmuji, 19-Mir hama, 20-Akey, 21-Pariwan, 22-Chehla, 24-Areh, 25-Bihibagh, 26-Gopalpora, 38-Bugam, 39- Tarigam-Devsar, 43-Yamroch, 44 -Munad-Guffan, 45-Katersoo, 50-Largurhama in Tehsil Kulgam.",566
JAMMU AND KASHMIR,ANANTNAG,39,Home-shalibugh,,"PCs 8-Uranhal, 9-Tuli-Nowpora, 10-Kujar, 12-Redwani, 13- A rwani, 14-Frisal, 15-Jablipora,16-W anpora, 17-Hassanpora Tavela, 18-Khandi-Phari, 40-Tarigam-Devibugh, 41-Matibugh, 42-Homshalibugh in Tehsil Kulgam.",566
JAMMU AND KASHMIR,ANANTNAG,40,Anantnag,,"PCs 1-Qasba Bhagat, 2-Khanabal, 3-Roohoo, 4-Kamar, 5-Anchidoora, 6-Hardu-Chichan, 10-Ranbirpora in Tehsil Anantnag.",566
JAMMU AND KASHMIR,ANANTNAG,41,Devsar,,"PCs 27-Devsar, 28-Bona Devsar, 29-Kilam-Buzgam, 30-Hablishi, 31-Nipora, 32-Laram-Ganipora, 33-Chowgam, 35-Razloo, 36- Waltengu, 37-Sopat Tengpora, 62-Oral in Tehsil Kulgam ; and PCs 18-Vesoo, 19-Nasoo-Badargund, 20-Panzeth, 21-Kurigam, 23-Qazigund with NAC in Doru Tehsil.",567
JAMMU AND KASHMIR,ANANTNAG,42,Doru,,"PCs 1-Doru, 2-Bragam, 3-Oibamdooth, 4-Mantpora, 5-Larkipora, 6-Hakura-Badasgam, 7-Batgund, 8-Verinag, 9-Sadiwara, 10-Mundah, 11-Hiller, 12-Nowgam Shahabad, 13-Rain-Chowgund, 14-Thamankoot, 15-Qamar, 16-Ha lsidar, 17-Kaporn, 22-Wangund in Tehsil Doru.",567
JAMMU AND KASHMIR,ANANTNAG,43,Kokernag,,"PCs 28-Saagam, 29-Bider-Hayatpora, 30-Bhai, 31-Akingam, 32- Nagam, 33-Soof-Shali, 34-Panzgam, 35-Bindo-Zulangam, 36- Devalgam, 37-Nalla-sund-Brari, 38-Lohar-Sanzi, 39-Ahlan-Gadol, 40-Kharatti, 41-Desoo, 42-Khar apora, 43-Qasba-Nowbugh 44-Mati Hundoo, 45-Larnoo, 46-Ko kernag NAC, 47- A chabal NAC in Tehsil Anantnag.",567
JAMMU AND KASHMIR,ANANTNAG,44,Shangus,,"PCs 13-Sahibabad, 14-Nowgam, 15-Imoh, 16-Brakapora, 17- Shangus, 18-Uttarsoo, 19-Kreri, 20- Chatergul, 21-Ghikalpora, 22-Ranipora, 23- Detho-Nagnari an, 24-Gopalpora, 25-Telwani, 26-Kwarigam, 27-Ahupaisan in Tehsil Anantnag.",567
JAMMU AND KASHMIR,ANANTNAG,45,Bijbehara,,"All PCs in Tehsil Bijbehara and PC s 7-Macha Bawan, 11-Nanilnag, 12-Akora in Tehsil Anantnag.",567
JAMMU AND KASHMIR,ANANTNAG,46,Pahalgam,,"All PCs in Tehsil Pahalgam and PCs 8-Seer-Kanligund, 9-Salia in Tehsil Anantnag.",567
JAMMU AND KASHMIR,LEH,47,Nobra,,"PCs 1-Udmaroo, 2-Panamik, 3-Khar dong, 4-Turtuk in Tehsil Leh.",567
JAMMU AND KASHMIR,LEH,48,Leh,,"PCs 5-Tanchey, 6-Leh (Khas), 7-Chuchot, 8-Thiskay, 9-Marchilong, 10-Igoo, 11-Kungyam, 12-Fiang, 13-Bazgo, 14-Saspol, 15-Temisgam,16-Lamaryouru, 17-Skurbuchan in Tehsil Leh.",567
JAMMU AND KASHMIR,KARGIL,49,Kargil,,"All PCs of Tehsil Kargil except following PCs: - 16-Barsoo, 14-Lankarchay, 17-Panikhar.",567
JAMMU AND KASHMIR,KARGIL,50,Zanskar,,"All PCs of Tehsil Zanskar and fo llowing PCs of Tehsil Kargil: - 16-Barsoo, 14-Lankarchay, 17-Panikhar.",567
JAMMU AND KASHMIR,DODA,51,Kishtwar,,"PCs 1-Marghi, 2-Inshan, 3-Ye rudu, 4-Renai, 5-Nowpachi, 6- Chanjer, 7-Qaderana, 8-Dehar ana, 9-Lopara, 10-Loharna, 11-Soundhar, 19-Palmar, 30-Tri gam, 31-Kishtwar, 32-Matta, 33-Poochal, 34-Dool, 35-B hagnah, 36-Galarbahta, 37- A tholi, 38-Sohal, 39-Ishtiari, 40-Gulabgar h, 41-Massu, 42-Kishtwar NAC, 43-Forest Block in Tehsil Kishtwar. PCs 12-Chingam, 13-Inderwal, 14-Chatroo, 15-Sigdi,",568
JAMMU AND KASHMIR,DODA,52,Inderwal,,"16-Moolchhiter, 17-Drubeel, 18-koc hal, 20-Filler, 21-Pakhlan, 22- Keshwan, 23-Shandri, 24-Sangna, 25-Pa tnazi, 26-Jawalapur, 27-Loundri, 28-Badhat and 29-Karool in Tehsil Kishtwar ; PCs 1- Jakyas in Tehsil Bhalesa (Gandoh) and following PCs of Tehsil Thathri : - 1-Jangalwar, 3-Malanoo, 4-Kansu, 10-Kandote.",568
JAMMU AND KASHMIR,DODA,53,Doda,,"All PCs of Tehsil Doda except 8- Dessa, 9-Dhandal, 10-Kastigarh, 11-Shamti, 12-Chaka Kundi, 13-Assar, 14-Charrota.",568
JAMMU AND KASHMIR,DODA,54,Bhaderwah,,"All PCs of Tehsil Bhaderwah and PCs 2-Budhli, 3-Chilli, 4-Drawani, 5-Kahal Jugasar, 6-Budwar, 7-Chanisa r, 8-Kilotran, 9-Kharangal, 10-Gandoh in Tehsil Bhalesa ; and PCs 2-Jora, 5-Bhaja, 6-Bhalla, 7-Jagiti, 8-Bhallari, 9-Rokali, 11- Pamshayee in Tehsil Thathri.",568
JAMMU AND KASHMIR,DODA,55,Ramban,SC,"All PCs of Tehsil Ramban exc ept 5-Sarbagni and PCs of 8-Dessa, 9-Dhandhal, 10-Kastigarh, 11-Shamti, 12-Chaka, 13- Assar, 14- Charrota of Tehsil Doda.",568
JAMMU AND KASHMIR,DODA,56,Banihal,,All PCs of Tehsil Banihal and 5-Sarbagni in Tehsil Ramban.,568
JAMMU AND KASHMIR,UDHAMPUR,57,Gulabgarh,,"PCs 2-Mahore, 2-Sarh, 3-Dewa l, 4-Gulabgarh, 5-Chasote, 6-Bagankote, 7-Shergarhi, 8-Shik ari, 9-Kanthi, 10-Tulibana, 13-Shajroo in Tehsil Gulabgarh and PC 16-Jij in Tehsil Reasi. Tehsil Reasi except following PCs : -",568
JAMMU AND KASHMIR,UDHAMPUR,58,Reasi,,"1-Salal, 15-Chinkah, 16-Jij, 17- Thakrakote and following PCs of Tehsil Udhampur : - 13-Panjar, 14-Lali, 15-Ladah, 17-Dhandu, 18-Jhandawa, 32-Badhota and 19-Suhal.",569
JAMMU AND KASHMIR,UDHAMPUR,59,Gool Arnas,,"Following PCs of Tehsil Gool Gulabgarh : - 11-Thuru, 12-Bhudhan, 14-Kant han, 15-Judda, 16-Dhanow, 17- Kali Masta, 18-Gool, 19-That harka, 20-Sangaldan, 21-Forest Block ; and 1-Salal, 15-Chinkah, 17-Thakrakote in Tehsil Reasi.",569
JAMMU AND KASHMIR,UDHAMPUR,60,Udhampur,,"All PCs of Tehsil Udhampur ex cept the following PCs : - 13-Panjar, 14-Lali, 15-Ladha, 17-Dhandu, 18-Jhandawa, 19-Suhal, 20- Ludha, 21-Baltan, 27-Sunal, 29-Meer, 30-Kathi, 32-Badhota.",569
JAMMU AND KASHMIR,UDHAMPUR,61,Chenani,SC,"All PCs of Tehsil Chenani and following PCs of Tehsil Udhampur : - 20-Ladha, 21-Balian, 27-Sunal, 29 -Meer, 30-Kathi and following PCs of Tehsil Ramnagar. 10-Dudu, 11-Latti, 31-Ghordi, 33-Hartarian, 34-Dandal, 35-Barmeen, 36-Nalla Ghoran.",569
JAMMU AND KASHMIR,UDHAMPUR,62,Ramnagar,,"All PCs of Tehsil Ramnagar except the following :- 10-Dudu, 11-Latti, 31-Ghordi, 33-Hartarian, 34-Dhandal, 35-Barmeen, 36-Nala Ghoran.",569
JAMMU AND KASHMIR,KATHUA,63,Bani,,"PCs 14-Bani, 15-Banjal, 16-Fa tehpur, 17-Sandroon, 18-Rolka, 19-Buggah, 20-Lowang, 21-Kanthal, 22-Surjan, 23-Dhanggar, 24- Koti, 25-Forest Block in Tehs il Basohli and 9-Godu Flal, 10- Badnota, 11-Machadi, 20-Malhar in Tehsil Billawar.",569
JAMMU AND KASHMIR,KATHUA,64,Basohli,,"PCs 1-Thein, 2-Basantpur, 3-Lak hanpur, 4-Hatli, 7-Tridwan, 36- Lakhanpur NAC, 29-Berthian and 30-S orlain in Tehsil Kathua and PCs 1-Basohli, 1-a-Basohli NAC, 2-Sandhar, 3-Hutt, 4- Bhoond, 5-Saman, 6-Dhar Jankar, 7-Dhar Mahanpur, 8-Plahi, 9- Prita, 10-Saber, 11-Patti, 12-At halith, 13-Mahanpur in Tehsil Basohli and PCs 21-Dhar Digno, 22-Huttar, 23-Dambra in Tehsil Billawar.",569
JAMMU AND KASHMIR,KATHUA,65,Kathua,,"PCs 5-Dilwan, 6-Maha, 8-Kharote, 9-Taraf Manjili, 10-Taraf Tajwal, 11-Karian, 12- Taraf Bajwal, 13- Changran, 14-Govindsar, 15-Chak Soon Noopa, 16-Khakhyal, 17-Mirpur Ram, 18-Taraf Balla, 20-Katharian, 21-Janglote, 22-Loagate, 23-Jakhbar, 24- A irwan, 26-Chak Sakta, 27-Budhi, 28-N anan, 31-Barwal, 32-Jherhere, 33-Kathua Forest Block, 34-Kathua NAC, 35-Perlain and 25-Folote in Tehsil Kathua.",570
JAMMU AND KASHMIR,KATHUA,66,Billawar,,"PCs 11-Katli, 17-Bhaya, 21-Denga Amb, 23-Dhamal, 25-Mangloor, 26-Chelakh, 27-Sala in in Tehsil Hiranagar and PCs 1-Ramkot, 2-Makwal, 3-Salora, 4- Rajwlta, 5-Danjisdhar, 6-Thara Kalwal, 8-Thanthoo, 12-Kohag, 13-Malti, 14-Durang, 15-Dharan Kote, 16-Bhaddu, 17-Billawar, 18-Billawar NAC, 19-Buggan, 24-Parnala, 25-Pallan in Tehsil Billawar and PC 19-Juthana in Tehsil Kathua.",570
JAMMU AND KASHMIR,KATHUA,67,Hiranagar,SC,"1-Jatwal, 2-Nonath, 3-Ghagwal, 4-Sarath, 5-Bhatyari Kotlan, 6-Sanoora, 7-Mawa, 8-Nohran, 9-Chachwal, 10-Sarti Kalan, 12-Chak Dulma, 13-Jondi, 14- Londi, 15-Rajpura, 16-Kootah, 18-Gurah, 19-Bavia, 20-Ka tal Brahmana, 24-Hamirpur, 28-Chhan Rorian, 29-Marheen, 22-Saiswan, 30-Khanpur, 31-Hiranagar, 32-Hiranagar NAC, 33-Pansar, 34-Kore Punu, 35-Chak Deva, 36-Chak Bhagwana, 37-Chak Kahna, 38-Chadwal, 39-Forest Block in Tehsil Hiranagar.",570
JAMMU AND KASHMIR,JAMMU,68,Samba,SC,"PCs 1-NAC Samba, 2-Samba Khas , 3-Taloor, 4-Amli, 5-Durin, 6-katli, 7-Ram Nagar, 8-Pingdore, 11-Sunian, 10-Sarna, 12- Bharatgarh, 13-Suran, 14-Goran, 15-Balhter, 17-Katwalta, 18- Kharah Madena, 21-Baghore, 22-Pu rmandal, 24-Mohar Garh, 25- Badhari, 26-Kard in Tehsil Sa mba and PC 28-Chaudi in Jammu Tehsil.",570
JAMMU AND KASHMIR,JAMMU,69,Vijaypur,,"PCs 9-Khanpur, 20-Vijaypur, 23-Gur ah Salathian, 28-Harmander, 29-Chak Salarian, 30-Nanga, 31- Logwal, 32-Keso Manhasan, 33-Ramgarh, 34-Gho- Brahmana, 35-Chak C hataka, 36-Chann Fatwal, 37-Abtal, 38-Swankha, 39-Mahal Shan, 40-Rari, 41-Smailpur, 27-Birpur, 42-Tarore, 43-Bagla, 44-Gandwal in Tehsil Samba.",570
JAMMU AND KASHMIR,JAMMU,70,Nagrota,,"PCs 39-Ranjan, 40-Sarote, 41-J andial, 42-Gorda, 44-Nagrota, 45-Dansal, 46-Jhajar Kotli, 47-T hara, 48-Bamyal, 49-Katal Batal, 50-Shiba, 51-Jagti, 52- Jindrah, 53-Kanyala, 54-Kothar, 55-Kharte, 56-Dhan, 57-Songoon, 58-Ponthal, 59- Surinsar in Tehsil Jammu and PCs 16-Bain Bajalta, 19-Aitham in Tehsil Samba.",570
JAMMU AND KASHMIR,JAMMU,71,Gandhinagar,,"Ward-16 (Gandhinagar), Ward-17 (Naibasti), Ward-22 (Chhani Rama), Ward-23 (Bahu), 24-Digi ana, 26-Bahu, 27-Sunjwan, 29- Gadigarh, 30-Satwari in Tehsil Jammu.",571
JAMMU AND KASHMIR,JAMMU,72,Jammu East,,"Wards 1 to 6, 9, 10, 12 and 15.",571
JAMMU AND KASHMIR,JAMMU,73,Jammu West,,"Wards 7, 8, 11, 13, 14, 18, 19, 20 and 21.",571
JAMMU AND KASHMIR,JAMMU,74,Bishnah,,All PCs in Tehsil Bishnah and 25-Naugran in Tehsil Jammu.,571
JAMMU AND KASHMIR,JAMMU,75,R. S. Pura,SC,"PCs 1-Salhar, 2-Rathana, 3-Kand lihar, 4-Khour, 5-Kalyana, 14-R. S. Pura with NAC, 15-Khas Gi gian, 16-Chohalla, 19-Kirpind 20-Kotli Shah Dula, 25-Marlia, 24- Darsopur, 35-Gondla in Tehsil R. S. Pura.",571
JAMMU AND KASHMIR,JAMMU,76,Suehetgarh,,"PCs 6-Dablihar, 7-Magowali, 8-Pa rlah, 9-Chak Baza, 10-Nekowal, 11-Jevroh, 12-Saie Kalan, 13-C hak Mulo, 17-Badyal Brahmana, 18-Jasore, 21-Chak Agra, 22-Fat ehpur Brahmana, 25-Samka, 26- Baspur, 27-Rangpur Malana, 28-Suchetgarh, 29-Chandu Chak, 30-Satowali, 31-Ghrarana, 32-B adyal Qazian, 33-Abdal, 34- Chakroi in Tehsil R. S. Pura.",571
JAMMU AND KASHMIR,JAMMU,77,Marh,,"PCs 60-Prahaladpur, 61-Mandal, 62- Sum, 65-Gho Manhasan, 66-Sohanjana, 67-Thub, 68-Sahran, 69-Rat hua, 70-Chanore, 71-Makwal, 72-Gol, 74-Gajansoo, 75-kalyanpur, 76-Kahnachak, 77-Marh, 78-Gangoo Chak, 79-Kalrup, 80-Dhateryal, 31-Flora Nagbani in Tehsil Jammu.",571
JAMMU AND KASHMIR,JAMMU,78,Raipur Domana,SC,"PCs 31-Paloura, 32-Muthi, 33-Barn , 34-Siri Panditan, 35-Gharota, 36-Raipur Domana, 37-Kot Bhalwa l, 38-Amb 43-Kaink, 63-Hakkal, 64-Khandwal, 73-Bhadrora, 82-Panjore in Tehsil Jammu. PCs 1-Chowki, 2-Choura, 3-Ka thar, 4-Mandarian, 8-Narri,",571
JAMMU AND KASHMIR,JAMMU,79,Akhnoor,,"6-Ambaran, 7-Barui, 9- Ganderwan, 10-Manda, 11- A khnoor Khas, 12-Sungal, 13-Pangairi, 14-Devipur, 15-Chak Kirpalpur, 16-Jadh, 17-Muthi Maira, 18-Rakh Dhoke, 19-Saliote, 20-Ghar Majoor, 21-Mawa Brahmana, 22-Leherian in Tehsil Akhnoor.",571
JAMMU AND KASHMIR,JAMMU,80,Chhamb,SC,"PCs 8-Mattoo, 24-Gurah Manhasan, 25-Sarwal, 23-Pargwal, 26- Bhalwal Malu, 27-Hamirpur, 28-Bako re, 29-Chak Malal, 30-Derian, 31-Sainth, 32-Gigarial, 33-Khour, 34- Kot Mera, 35-Palanwala, 36-Kharah, 37-Nathal, 38-Doori, 39-Chhani Dewanoo, 40-Samuan, 41-Chakla in Tehsil Akhnoor.",571
JAMMU AND KASHMIR,RAJOURI,81,Nowshara,,All PCs of Tehsil Nowshara except 11-Narian and all PCs of Tehsil Sunderbani.,572
JAMMU AND KASHMIR,RAJOURI,82,Darhal,,"All PCs of Tehsil Budhal except 3-Khawas, 6-Kote Chalwal and following PCs of Tehsil Thanamandi : - 5-Darhal, 6-Chowdian, 7-Nadian, 8-Ujhan : and PC 4-Nagrota in Tehsil Rajouri.",572
JAMMU AND KASHMIR,RAJOURI,83,Rajouri,,"Following PCs of Tehsil Rajouri : - 1-Gambir Muglan, 2-Dani-Dhar, 7- Bathooni, 8-Sarola, 9-Sohana, 10-Doongi Brahmana, 11-Katarmal, 12- Deri Delote, 13-Panj Grain, 14-Galhoti, 15-Fatehpur, 17-Bagla, 19-Rampur with NAC Rajouri with following PCs of Thanamandi Tehsil : - 1-Dodasan Balla, 2-Saaj, 3-S hahdara Sharief, 4-Hosplote, 10-Thanamandi with NAC and 9- Bharote.",572
JAMMU AND KASHMIR,RAJOURI,84,Kalakote,,"All PCs of Tehsil Kalakote and following PCs of Tehsil Rajouri:- 2-Dalhari, 3-Dhangri, 6-Pot ha Grlana, 16-Khanpur Chingus, 18-Bhadoon and PC 11-Narian of Tehsil Nowshera ;and 3-Khaskote Chalwal of Budhal Tehsil.",572
JAMMU AND KASHMIR,POONCH,85,Surankote,,"All PCs in Surankote Tehsil and PCs 12-Rajpur, 21-Shindra, 22- Seri-Khawia in Poonch Tehsil.",572
JAMMU AND KASHMIR,POONCH,86,Mendhar,,All PCs of Tehsil Mendhar.,572
JAMMU AND KASHMIR,POONCH,87,Poonch Haveli,,"All PCs of Tehsil Poonch except 12-Rajpur Shi ndra, 22-Sheri Khawja. (Notified Area Committee) shall be ta ken mean the area comprised within that Tehsil, Patwar Circle Notified Area Committee or Ward as on",572
JAMMU AND KASHMIR,POONCH,1,4-1995,,,572
